[Licensing::Module] Trying to connect to existing licensing client channel...
Built from '6000.3/staging' branch; Version is '6000.3.10f1 (e35f0c77bd8e) revision 14901004'; Using compiler version '194234433'; Build Type 'Release'
[Licensing::IpcConnector] Successfully connected to: "LicenseClient-PC" at "2026-07-26T20:12:00.2158595Z"
OS: 'Windows 11  (10.0.26200) Professional' Language: 'es' Physical Memory: 32538 MB
BatchMode: 1, IsHumanControllingUs: 0, StartBugReporterOnCrash: 0, Is64bit: 1
System  architecture: x64
Process architecture: x64
Date: 2026-07-26T20:12:00Z

COMMAND LINE ARGUMENTS:
C:\Program Files\Unity\Hub\Editor\6000.3.10f1\Editor\Unity.exe
-adb2
-batchMode
-noUpm
-name
AssetImportWorker4
-projectPath
C:/Users/PC/Desktop/FPS FINAL PROGRAMACION
-logFile
Logs/AssetImportWorker4.log
-srvPort
60744
-licensingIpc
LicenseClient-PC
-job-worker-count
9
-background-job-worker-count
8
-gc-helper-count
1
-name
AssetImport
Successfully changed project path to: C:/Users/PC/Desktop/FPS FINAL PROGRAMACION
C:/Users/PC/Desktop/FPS FINAL PROGRAMACION
[UnityMemory] Configuration Parameters - Can be set up in boot.config
    "memorysetup-temp-allocator-size-nav-mesh-worker=65536"
    "memorysetup-temp-allocator-size-audio-worker=65536"
    "memorysetup-temp-allocator-size-gfx=262144"
    "memorysetup-allocator-temp-initial-block-size-main=262144"
    "memorysetup-allocator-temp-initial-block-size-worker=262144"
    "memorysetup-temp-allocator-size-background-worker=32768"
    "memorysetup-temp-allocator-size-job-worker=262144"
    "memorysetup-temp-allocator-size-preload-manager=33554432"
    "memorysetup-temp-allocator-size-gi-baking-worker=262144"
    "memorysetup-temp-allocator-size-gi-baking-worker=262144"
    "memorysetup-temp-allocator-size-gi-baking-worker=262144"
    "memorysetup-temp-allocator-size-gi-baking-worker=262144"
    "memorysetup-temp-allocator-size-gi-baking-worker=262144"
    "memorysetup-bucket-allocator-granularity=16"
    "memorysetup-bucket-allocator-bucket-count=8"
    "memorysetup-bucket-allocator-block-size=33554432"
    "memorysetup-bucket-allocator-block-count=8"
    "memorysetup-main-allocator-block-size=16777216"
    "memorysetup-thread-allocator-block-size=16777216"
    "memorysetup-gfx-main-allocator-block-size=16777216"
    "memorysetup-gfx-thread-allocator-block-size=16777216"
    "memorysetup-cache-allocator-block-size=4194304"
    "memorysetup-typetree-allocator-block-size=2097152"
    "memorysetup-profiler-bucket-allocator-granularity=16"
    "memorysetup-profiler-bucket-allocator-bucket-count=8"
    "memorysetup-profiler-bucket-allocator-block-size=33554432"
    "memorysetup-profiler-bucket-allocator-block-count=8"
    "memorysetup-profiler-allocator-block-size=16777216"
    "memorysetup-profiler-editor-allocator-block-size=1048576"
    "memorysetup-temp-allocator-size-main=16777216"
    "memorysetup-job-temp-allocator-block-size=2097152"
    "memorysetup-job-temp-allocator-block-size-background=1048576"
    "memorysetup-job-temp-allocator-reduction-small-platforms=262144"
    "memorysetup-temp-allocator-size-cloud-worker=32768"
Player connection [27220]  Target information:

Player connection [27220]  * "[IP] 192.168.0.12 [Port] 0 [Flags] 2 [Guid] 908380248 [EditorId] 908380248 [Version] 1048832 [Id] WindowsEditor(7,PcGero) [Debug] 1 [PackageName] WindowsEditor [ProjectName] Editor" 

Player connection [27220] Host joined multi-casting on [225.0.0.222:54997]...
Player connection [27220] Host joined alternative multi-casting on [225.0.0.222:34997]...
JobSystem: Creating JobQueue using job-worker-count value 9
Input System module state changed to: Initialized.
[Physics::Module] Initialized fallback backend.
[Physics::Module] Id: 0xdecafbad
Library Redirect Path: Library/
[Physics::Module] Selected backend.
[Physics::Module] Name: PhysX
[Physics::Module] Id: 0xf2b8ea05
[Physics::Module] SDK Version: 4.1.2
[Physics::Module] Integration Version: 1.0.0
[Physics::Module] Threading Mode: Multi-Threaded
Refreshing native plugins compatible for Editor in 2.86 ms, found 3 plugins.
Preloading 0 native plugins for Editor in 0.00 ms.
Initialize engine version: 6000.3.10f1 (e35f0c77bd8e)
[Subsystems] Discovering subsystems at path C:/Program Files/Unity/Hub/Editor/6000.3.10f1/Editor/Data/Resources/UnitySubsystems
[Subsystems] Discovering subsystems at path C:/Users/PC/Desktop/FPS FINAL PROGRAMACION/Assets
GfxDevice: creating device client; kGfxThreadingModeNonThreaded
Direct3D:
    Version:  Direct3D 11.0 [level 11.1]
    Renderer: NVIDIA GeForce RTX 3080 Ti (ID=0x2208)
    Vendor:   NVIDIA
    VRAM:     12086 MB
    Driver:   32.0.16.1074
Initialize mono
Mono path[0] = 'C:/Program Files/Unity/Hub/Editor/6000.3.10f1/Editor/Data/Managed'
Mono path[1] = 'C:/Program Files/Unity/Hub/Editor/6000.3.10f1/Editor/Data/MonoBleedingEdge/lib/mono/unityjit-win32'
Mono config path = 'C:/Program Files/Unity/Hub/Editor/6000.3.10f1/Editor/Data/MonoBleedingEdge/etc'
Using monoOptions --debugger-agent=transport=dt_socket,embedding=1,server=y,suspend=n,address=127.0.0.1:56028
Begin MonoManager ReloadAssembly
Registering precompiled unity dll's ...
Register platform support module: C:/Program Files/Unity/Hub/Editor/6000.3.10f1/Editor/Data/PlaybackEngines/WindowsStandaloneSupport/UnityEditor.WindowsStandalone.Extensions.dll
Registered in 0.001656 seconds.
- Loaded All Assemblies, in  0.451 seconds
Native extension for WindowsStandalone target not found
[Licensing::Client] Handshaking with LicensingClient:
  Version:                 1.17.4+4293ba1
  Session Id:              1ea75952803a47e39fe02c743b7a0b23
  Correlation Id:          03c3303d3d83162ad75a4804f46aa8b4
  External correlation Id: 5378540159062939808
  Machine Id:              HszR+TC4f9GrCr485VK9zudsoGM=
[Licensing::Module] Successfully connected to LicensingClient on channel: "LicenseClient-PC" (connect: 0.00s, validation: 0.00s, handshake: 1.31s)
[Licensing::IpcConnector] Successfully connected to: "LicenseClient-PC-notifications" at "2026-07-26T20:12:01.5329587Z"
[Licensing::Module] Licensing Background thread has ended after 1.32s
ScheduleIndexationOnStartup MainProcess:False IndexOnStartup:True
Mono: successfully reloaded assembly
- Finished resetting the current domain, in  0.394 seconds
Domain Reload Profiling: 843ms
	BeginReloadAssembly (172ms)
		ExecutionOrderSort (0ms)
		DisableScriptedObjects (0ms)
		BackupInstance (0ms)
		ReleaseScriptingObjects (0ms)
		CreateAndSetChildDomain (1ms)
	RebuildCommonClasses (36ms)
	RebuildNativeTypeToScriptingClass (14ms)
	initialDomainReloadingComplete (48ms)
	LoadAllAssembliesAndSetupDomain (178ms)
		LoadAssemblies (167ms)
		RebuildTransferFunctionScriptingTraits (0ms)
		AnalyzeDomain (175ms)
			TypeCache.Refresh (173ms)
				TypeCache.ScanAssembly (158ms)
			BuildScriptInfoCaches (0ms)
			ResolveRequiredComponents (0ms)
	FinalizeReload (395ms)
		ReleaseScriptCaches (0ms)
		RebuildScriptCaches (0ms)
		SetupLoadedEditorAssemblies (348ms)
			LogAssemblyErrors (0ms)
			InitializePlatformSupportModulesInManaged (48ms)
			SetLoadedEditorAssemblies (5ms)
			BeforeProcessingInitializeOnLoad (87ms)
			ProcessInitializeOnLoadAttributes (140ms)
			ProcessInitializeOnLoadMethodAttributes (68ms)
			AfterProcessingInitializeOnLoad (0ms)
			EditorAssembliesLoaded (0ms)
		ExecutionOrderSort2 (0ms)
		AwakeInstancesAfterBackupRestoration (0ms)
========================================================================
Worker process is ready to serve import requests
Import Worker Mode flag is 0x00
Begin MonoManager ReloadAssembly
[Licensing::Client] Successfully resolved entitlement details
[Licensing::Module] License group:
  Id: 4674120564184-UnityPersXXXX
  Product: Unity Personal
  Type: Assigned
  Expiration: Unlimited
- Loaded All Assemblies, in  0.646 seconds
Refreshing native plugins compatible for Editor in 0.55 ms, found 3 plugins.
Native extension for WindowsStandalone target not found
Package Manager log level set to [2]
[Package Manager] Failed to launch server process. Reason: Unity was launched with the -noUpm command-line argument
[Package Manager] Unable to send message (not connected to server process).
[Package Manager] Cannot connect to Unity Package Manager local server
ScheduleIndexationOnStartup MainProcess:False IndexOnStartup:True
Mono: successfully reloaded assembly
- Finished resetting the current domain, in  0.653 seconds
Domain Reload Profiling: 1294ms
	BeginReloadAssembly (152ms)
		ExecutionOrderSort (0ms)
		DisableScriptedObjects (5ms)
		BackupInstance (0ms)
		ReleaseScriptingObjects (0ms)
		CreateAndSetChildDomain (26ms)
	RebuildCommonClasses (31ms)
	RebuildNativeTypeToScriptingClass (10ms)
	initialDomainReloadingComplete (34ms)
	LoadAllAssembliesAndSetupDomain (415ms)
		LoadAssemblies (309ms)
		RebuildTransferFunctionScriptingTraits (0ms)
		AnalyzeDomain (187ms)
			TypeCache.Refresh (130ms)
				TypeCache.ScanAssembly (119ms)
			BuildScriptInfoCaches (46ms)
			ResolveRequiredComponents (7ms)
	FinalizeReload (653ms)
		ReleaseScriptCaches (0ms)
		RebuildScriptCaches (0ms)
		SetupLoadedEditorAssemblies (508ms)
			LogAssemblyErrors (0ms)
			InitializePlatformSupportModulesInManaged (1ms)
			SetLoadedEditorAssemblies (3ms)
			BeforeProcessingInitializeOnLoad (107ms)
			ProcessInitializeOnLoadAttributes (346ms)
			ProcessInitializeOnLoadMethodAttributes (45ms)
			AfterProcessingInitializeOnLoad (5ms)
			EditorAssembliesLoaded (0ms)
		ExecutionOrderSort2 (0ms)
		AwakeInstancesAfterBackupRestoration (6ms)
Launched and connected shader compiler UnityShaderCompiler.exe after 0.01 seconds
Refreshing native plugins compatible for Editor in 0.69 ms, found 3 plugins.
Preloading 0 native plugins for Editor in 0.00 ms.
Unloading 16 Unused Serialized files (Serialized files now loaded: 0)
Unloading 6202 unused Assets / (4.6 MB). Loaded Objects now: 7005.
Memory consumption went from 154.7 MB to 150.1 MB.
Total: 6.563500 ms (FindLiveObjects: 0.456600 ms CreateObjectMapping: 0.416300 ms MarkObjects: 4.063200 ms  DeleteObjects: 1.626500 ms)

========================================================================
Received Import Request.
  Time since last request: 7708.190331 seconds.
  path: Assets/Triangularity
  artifactKey: Guid(0af66d1200e419b408e35f1a770f8409) Importer(815301076,1909f56bfc062723c751e8b465ee728b)
Start importing Assets/Triangularity using Guid(0af66d1200e419b408e35f1a770f8409) Importer(815301076,1909f56bfc062723c751e8b465ee728b) (PreviewImporter) -> (artifact id: 'ad0e84ad8f33f683763e118330b0140a') in 0.0038368 seconds
Number of updated asset objects reloaded before import = 0Number of asset objects unloaded after import = 0

========================================================================
Received Prepare
Refreshing native plugins compatible for Editor in 0.69 ms, found 3 plugins.
Preloading 0 native plugins for Editor in 0.00 ms.
Unloading 16 Unused Serialized files (Serialized files now loaded: 0)
Unloading 6193 unused Assets / (4.4 MB). Loaded Objects now: 7008.
Memory consumption went from 153.5 MB to 149.1 MB.
Total: 8.378400 ms (FindLiveObjects: 0.487100 ms CreateObjectMapping: 0.403700 ms MarkObjects: 5.668800 ms  DeleteObjects: 1.817600 ms)

Prepare: number of updated asset objects reloaded= 0
========================================================================
Received Import Request.
  Time since last request: 893.742650 seconds.
  path: Assets/Scripts/CameraHeadBob.cs
  artifactKey: Guid(364b313e0fbddab41af890760776f8d6) Importer(815301076,1909f56bfc062723c751e8b465ee728b)
Start importing Assets/Scripts/CameraHeadBob.cs using Guid(364b313e0fbddab41af890760776f8d6) Importer(815301076,1909f56bfc062723c751e8b465ee728b) (PreviewImporter) -> (artifact id: '075a90cbc40a449df32d9cb31138d08b') in 0.0070833 seconds
Number of updated asset objects reloaded before import = 0Number of asset objects unloaded after import = 0

========================================================================
Received Import Request.
  Time since last request: 0.572917 seconds.
  path: Assets/Scripts/CameraHeadBob.cs
  artifactKey: Guid(364b313e0fbddab41af890760776f8d6) Importer(2089858483,b0f066a214c2f5e87bad3c948f4d605d)
Start importing Assets/Scripts/CameraHeadBob.cs using Guid(364b313e0fbddab41af890760776f8d6) Importer(2089858483,b0f066a214c2f5e87bad3c948f4d605d) (ScriptedImporter) -> (artifact id: '609adde84a0792c9b76f104868466b43') in 0.0583573 seconds
Number of updated asset objects reloaded before import = 0Number of asset objects unloaded after import = 0

========================================================================
Received Prepare
Refreshing native plugins compatible for Editor in 3.83 ms, found 3 plugins.
Preloading 0 native plugins for Editor in 0.00 ms.
Unloading 16 Unused Serialized files (Serialized files now loaded: 0)
Unloading 6193 unused Assets / (3.0 MB). Loaded Objects now: 7008.
Memory consumption went from 153.5 MB to 150.5 MB.
Total: 15.003400 ms (FindLiveObjects: 1.227900 ms CreateObjectMapping: 0.623300 ms MarkObjects: 9.955200 ms  DeleteObjects: 3.195700 ms)

Prepare: number of updated asset objects reloaded= 0
========================================================================
Received Prepare
Begin MonoManager ReloadAssembly
[Licensing::Client] Successfully resolved entitlement details
- Loaded All Assemblies, in  1.254 seconds
Refreshing native plugins compatible for Editor in 1.28 ms, found 3 plugins.
Native extension for WindowsStandalone target not found
[Package Manager] Failed to launch server process. Reason: Unity was launched with the -noUpm command-line argument
[Package Manager] Unable to send message (not connected to server process).
[Package Manager] Cannot connect to Unity Package Manager local server
ScheduleIndexationOnStartup MainProcess:False IndexOnStartup:True
Mono: successfully reloaded assembly
- Finished resetting the current domain, in  0.711 seconds
Domain Reload Profiling: 1959ms
	BeginReloadAssembly (349ms)
		ExecutionOrderSort (0ms)
		DisableScriptedObjects (11ms)
		BackupInstance (0ms)
		ReleaseScriptingObjects (0ms)
		CreateAndSetChildDomain (83ms)
	RebuildCommonClasses (60ms)
	RebuildNativeTypeToScriptingClass (21ms)
	initialDomainReloadingComplete (49ms)
	LoadAllAssembliesAndSetupDomain (768ms)
		LoadAssemblies (583ms)
		RebuildTransferFunctionScriptingTraits (0ms)
		AnalyzeDomain (340ms)
			TypeCache.Refresh (16ms)
				TypeCache.ScanAssembly (1ms)
			BuildScriptInfoCaches (300ms)
			ResolveRequiredComponents (18ms)
	FinalizeReload (711ms)
		ReleaseScriptCaches (0ms)
		RebuildScriptCaches (0ms)
		SetupLoadedEditorAssemblies (563ms)
			LogAssemblyErrors (0ms)
			InitializePlatformSupportModulesInManaged (2ms)
			SetLoadedEditorAssemblies (4ms)
			BeforeProcessingInitializeOnLoad (120ms)
			ProcessInitializeOnLoadAttributes (380ms)
			ProcessInitializeOnLoadMethodAttributes (53ms)
			AfterProcessingInitializeOnLoad (6ms)
			EditorAssembliesLoaded (0ms)
		ExecutionOrderSort2 (0ms)
		AwakeInstancesAfterBackupRestoration (14ms)
Refreshing native plugins compatible for Editor in 0.88 ms, found 3 plugins.
Preloading 0 native plugins for Editor in 0.00 ms.
Unloading 16 Unused Serialized files (Serialized files now loaded: 0)
Unloading 6199 unused Assets / (4.5 MB). Loaded Objects now: 7024.
Memory consumption went from 160.2 MB to 155.7 MB.
Total: 7.741100 ms (FindLiveObjects: 0.911200 ms CreateObjectMapping: 0.268900 ms MarkObjects: 4.409200 ms  DeleteObjects: 2.150500 ms)

Prepare: number of updated asset objects reloaded= 0
========================================================================
Received Import Request.
  Time since last request: 18.924444 seconds.
  path: Assets/Scripts/CameraHeadBob.cs
  artifactKey: Guid(364b313e0fbddab41af890760776f8d6) Importer(815301076,1909f56bfc062723c751e8b465ee728b)
Start importing Assets/Scripts/CameraHeadBob.cs using Guid(364b313e0fbddab41af890760776f8d6) Importer(815301076,1909f56bfc062723c751e8b465ee728b) (PreviewImporter) -> (artifact id: 'bfa96f3e84c7c6fa3922081717bae298') in 0.0141101 seconds
Number of updated asset objects reloaded before import = 0Number of asset objects unloaded after import = 0

========================================================================
Received Prepare
Begin MonoManager ReloadAssembly
[Licensing::Client] Successfully resolved entitlement details
- Loaded All Assemblies, in  0.593 seconds
Refreshing native plugins compatible for Editor in 0.67 ms, found 3 plugins.
Native extension for WindowsStandalone target not found
[Package Manager] Failed to launch server process. Reason: Unity was launched with the -noUpm command-line argument
[Package Manager] Unable to send message (not connected to server process).
[Package Manager] Cannot connect to Unity Package Manager local server
ScheduleIndexationOnStartup MainProcess:False IndexOnStartup:True
Mono: successfully reloaded assembly
- Finished resetting the current domain, in  0.609 seconds
Domain Reload Profiling: 1202ms
	BeginReloadAssembly (181ms)
		ExecutionOrderSort (0ms)
		DisableScriptedObjects (4ms)
		BackupInstance (0ms)
		ReleaseScriptingObjects (0ms)
		CreateAndSetChildDomain (48ms)
	RebuildCommonClasses (28ms)
	RebuildNativeTypeToScriptingClass (10ms)
	initialDomainReloadingComplete (27ms)
	LoadAllAssembliesAndSetupDomain (347ms)
		LoadAssemblies (286ms)
		RebuildTransferFunctionScriptingTraits (0ms)
		AnalyzeDomain (141ms)
			TypeCache.Refresh (6ms)
				TypeCache.ScanAssembly (0ms)
			BuildScriptInfoCaches (123ms)
			ResolveRequiredComponents (8ms)
	FinalizeReload (609ms)
		ReleaseScriptCaches (0ms)
		RebuildScriptCaches (0ms)
		SetupLoadedEditorAssemblies (491ms)
			LogAssemblyErrors (0ms)
			InitializePlatformSupportModulesInManaged (1ms)
			SetLoadedEditorAssemblies (4ms)
			BeforeProcessingInitializeOnLoad (102ms)
			ProcessInitializeOnLoadAttributes (330ms)
			ProcessInitializeOnLoadMethodAttributes (48ms)
			AfterProcessingInitializeOnLoad (5ms)
			EditorAssembliesLoaded (0ms)
		ExecutionOrderSort2 (0ms)
		AwakeInstancesAfterBackupRestoration (12ms)
Refreshing native plugins compatible for Editor in 0.94 ms, found 3 plugins.
Preloading 0 native plugins for Editor in 0.00 ms.
Unloading 16 Unused Serialized files (Serialized files now loaded: 0)
Unloading 6199 unused Assets / (4.8 MB). Loaded Objects now: 7027.
Memory consumption went from 160.0 MB to 155.2 MB.
Total: 9.426800 ms (FindLiveObjects: 0.695000 ms CreateObjectMapping: 0.574200 ms MarkObjects: 5.399300 ms  DeleteObjects: 2.756900 ms)

Prepare: number of updated asset objects reloaded= 0
========================================================================
Received Prepare
Begin MonoManager ReloadAssembly
[Licensing::Client] Successfully resolved entitlement details
- Loaded All Assemblies, in  0.589 seconds
Refreshing native plugins compatible for Editor in 0.68 ms, found 3 plugins.
Native extension for WindowsStandalone target not found
[Package Manager] Failed to launch server process. Reason: Unity was launched with the -noUpm command-line argument
[Package Manager] Unable to send message (not connected to server process).
[Package Manager] Cannot connect to Unity Package Manager local server
ScheduleIndexationOnStartup MainProcess:False IndexOnStartup:True
Mono: successfully reloaded assembly
- Finished resetting the current domain, in  0.606 seconds
Domain Reload Profiling: 1194ms
	BeginReloadAssembly (177ms)
		ExecutionOrderSort (0ms)
		DisableScriptedObjects (4ms)
		BackupInstance (0ms)
		ReleaseScriptingObjects (0ms)
		CreateAndSetChildDomain (44ms)
	RebuildCommonClasses (28ms)
	RebuildNativeTypeToScriptingClass (10ms)
	initialDomainReloadingComplete (27ms)
	LoadAllAssembliesAndSetupDomain (346ms)
		LoadAssemblies (278ms)
		RebuildTransferFunctionScriptingTraits (0ms)
		AnalyzeDomain (144ms)
			TypeCache.Refresh (6ms)
				TypeCache.ScanAssembly (0ms)
			BuildScriptInfoCaches (127ms)
			ResolveRequiredComponents (8ms)
	FinalizeReload (606ms)
		ReleaseScriptCaches (0ms)
		RebuildScriptCaches (0ms)
		SetupLoadedEditorAssemblies (486ms)
			LogAssemblyErrors (0ms)
			InitializePlatformSupportModulesInManaged (1ms)
			SetLoadedEditorAssemblies (4ms)
			BeforeProcessingInitializeOnLoad (105ms)
			ProcessInitializeOnLoadAttributes (323ms)
			ProcessInitializeOnLoadMethodAttributes (47ms)
			AfterProcessingInitializeOnLoad (6ms)
			EditorAssembliesLoaded (0ms)
		ExecutionOrderSort2 (0ms)
		AwakeInstancesAfterBackupRestoration (13ms)
Refreshing native plugins compatible for Editor in 0.87 ms, found 3 plugins.
Preloading 0 native plugins for Editor in 0.00 ms.
Unloading 16 Unused Serialized files (Serialized files now loaded: 0)
Unloading 6199 unused Assets / (4.3 MB). Loaded Objects now: 7030.
Memory consumption went from 160.1 MB to 155.9 MB.
Total: 7.522200 ms (FindLiveObjects: 0.503700 ms CreateObjectMapping: 0.435600 ms MarkObjects: 4.603000 ms  DeleteObjects: 1.978300 ms)

Prepare: number of updated asset objects reloaded= 0
========================================================================
Received Prepare
Begin MonoManager ReloadAssembly
[Licensing::Client] Successfully resolved entitlement details
- Loaded All Assemblies, in  0.611 seconds
Refreshing native plugins compatible for Editor in 0.63 ms, found 3 plugins.
Native extension for WindowsStandalone target not found
[Package Manager] Failed to launch server process. Reason: Unity was launched with the -noUpm command-line argument
[Package Manager] Unable to send message (not connected to server process).
[Package Manager] Cannot connect to Unity Package Manager local server
ScheduleIndexationOnStartup MainProcess:False IndexOnStartup:True
Mono: successfully reloaded assembly
- Finished resetting the current domain, in  0.654 seconds
Domain Reload Profiling: 1262ms
	BeginReloadAssembly (181ms)
		ExecutionOrderSort (0ms)
		DisableScriptedObjects (5ms)
		BackupInstance (0ms)
		ReleaseScriptingObjects (0ms)
		CreateAndSetChildDomain (46ms)
	RebuildCommonClasses (28ms)
	RebuildNativeTypeToScriptingClass (10ms)
	initialDomainReloadingComplete (25ms)
	LoadAllAssembliesAndSetupDomain (364ms)
		LoadAssemblies (295ms)
		RebuildTransferFunctionScriptingTraits (0ms)
		AnalyzeDomain (148ms)
			TypeCache.Refresh (6ms)
				TypeCache.ScanAssembly (0ms)
			BuildScriptInfoCaches (130ms)
			ResolveRequiredComponents (8ms)
	FinalizeReload (655ms)
		ReleaseScriptCaches (0ms)
		RebuildScriptCaches (0ms)
		SetupLoadedEditorAssemblies (531ms)
			LogAssemblyErrors (0ms)
			InitializePlatformSupportModulesInManaged (1ms)
			SetLoadedEditorAssemblies (4ms)
			BeforeProcessingInitializeOnLoad (103ms)
			ProcessInitializeOnLoadAttributes (350ms)
			ProcessInitializeOnLoadMethodAttributes (66ms)
			AfterProcessingInitializeOnLoad (7ms)
			EditorAssembliesLoaded (0ms)
		ExecutionOrderSort2 (0ms)
		AwakeInstancesAfterBackupRestoration (16ms)
Refreshing native plugins compatible for Editor in 0.81 ms, found 3 plugins.
Preloading 0 native plugins for Editor in 0.00 ms.
Unloading 16 Unused Serialized files (Serialized files now loaded: 0)
Unloading 6199 unused Assets / (4.2 MB). Loaded Objects now: 7033.
Memory consumption went from 160.2 MB to 155.9 MB.
Total: 9.107000 ms (FindLiveObjects: 0.600700 ms CreateObjectMapping: 0.578200 ms MarkObjects: 5.437200 ms  DeleteObjects: 2.489700 ms)

Prepare: number of updated asset objects reloaded= 0
========================================================================
Received Prepare
Begin MonoManager ReloadAssembly
- Loaded All Assemblies, in  0.600 seconds
Refreshing native plugins compatible for Editor in 0.54 ms, found 3 plugins.
Native extension for WindowsStandalone target not found
[Package Manager] Failed to launch server process. Reason: Unity was launched with the -noUpm command-line argument
[Package Manager] Unable to send message (not connected to server process).
[Package Manager] Cannot connect to Unity Package Manager local server
ScheduleIndexationOnStartup MainProcess:False IndexOnStartup:True
Mono: successfully reloaded assembly
- Finished resetting the current domain, in  0.643 seconds
Domain Reload Profiling: 1243ms
	BeginReloadAssembly (171ms)
		ExecutionOrderSort (0ms)
		DisableScriptedObjects (4ms)
		BackupInstance (0ms)
		ReleaseScriptingObjects (0ms)
		CreateAndSetChildDomain (42ms)
	RebuildCommonClasses (28ms)
	RebuildNativeTypeToScriptingClass (12ms)
	initialDomainReloadingComplete (25ms)
	LoadAllAssembliesAndSetupDomain (365ms)
		LoadAssemblies (295ms)
		RebuildTransferFunctionScriptingTraits (0ms)
		AnalyzeDomain (147ms)
			TypeCache.Refresh (6ms)
				TypeCache.ScanAssembly (0ms)
			BuildScriptInfoCaches (129ms)
			ResolveRequiredComponents (8ms)
	FinalizeReload (643ms)
		ReleaseScriptCaches (0ms)
		RebuildScriptCaches (0ms)
		SetupLoadedEditorAssemblies (525ms)
			LogAssemblyErrors (0ms)
			InitializePlatformSupportModulesInManaged (1ms)
			SetLoadedEditorAssemblies (5ms)
			BeforeProcessingInitializeOnLoad (104ms)
			ProcessInitializeOnLoadAttributes (348ms)
			ProcessInitializeOnLoadMethodAttributes (60ms)
			AfterProcessingInitializeOnLoad (6ms)
			EditorAssembliesLoaded (0ms)
		ExecutionOrderSort2 (0ms)
		AwakeInstancesAfterBackupRestoration (13ms)
Refreshing native plugins compatible for Editor in 1.09 ms, found 3 plugins.
Preloading 0 native plugins for Editor in 0.00 ms.
Unloading 16 Unused Serialized files (Serialized files now loaded: 0)
Unloading 6199 unused Assets / (4.8 MB). Loaded Objects now: 7036.
Memory consumption went from 160.2 MB to 155.4 MB.
Total: 9.413700 ms (FindLiveObjects: 0.658000 ms CreateObjectMapping: 0.512500 ms MarkObjects: 5.132400 ms  DeleteObjects: 3.109700 ms)

Prepare: number of updated asset objects reloaded= 0
========================================================================
Received Prepare
Begin MonoManager ReloadAssembly
[Licensing::Client] Successfully resolved entitlement details
- Loaded All Assemblies, in  0.605 seconds
Refreshing native plugins compatible for Editor in 0.67 ms, found 3 plugins.
Native extension for WindowsStandalone target not found
[Package Manager] Failed to launch server process. Reason: Unity was launched with the -noUpm command-line argument
[Package Manager] Unable to send message (not connected to server process).
[Package Manager] Cannot connect to Unity Package Manager local server
ScheduleIndexationOnStartup MainProcess:False IndexOnStartup:True
Mono: successfully reloaded assembly
- Finished resetting the current domain, in  0.656 seconds
Domain Reload Profiling: 1256ms
	BeginReloadAssembly (183ms)
		ExecutionOrderSort (0ms)
		DisableScriptedObjects (4ms)
		BackupInstance (0ms)
		ReleaseScriptingObjects (0ms)
		CreateAndSetChildDomain (42ms)
	RebuildCommonClasses (28ms)
	RebuildNativeTypeToScriptingClass (12ms)
	initialDomainReloadingComplete (24ms)
	LoadAllAssembliesAndSetupDomain (353ms)
		LoadAssemblies (294ms)
		RebuildTransferFunctionScriptingTraits (0ms)
		AnalyzeDomain (146ms)
			TypeCache.Refresh (6ms)
				TypeCache.ScanAssembly (0ms)
			BuildScriptInfoCaches (127ms)
			ResolveRequiredComponents (8ms)
	FinalizeReload (656ms)
		ReleaseScriptCaches (0ms)
		RebuildScriptCaches (0ms)
		SetupLoadedEditorAssemblies (533ms)
			LogAssemblyErrors (0ms)
			InitializePlatformSupportModulesInManaged (1ms)
			SetLoadedEditorAssemblies (4ms)
			BeforeProcessingInitializeOnLoad (111ms)
			ProcessInitializeOnLoadAttributes (349ms)
			ProcessInitializeOnLoadMethodAttributes (62ms)
			AfterProcessingInitializeOnLoad (6ms)
			EditorAssembliesLoaded (0ms)
		ExecutionOrderSort2 (0ms)
		AwakeInstancesAfterBackupRestoration (15ms)
Refreshing native plugins compatible for Editor in 1.20 ms, found 3 plugins.
Preloading 0 native plugins for Editor in 0.00 ms.
Unloading 16 Unused Serialized files (Serialized files now loaded: 0)
Unloading 6199 unused Assets / (4.3 MB). Loaded Objects now: 7039.
Memory consumption went from 160.3 MB to 156.0 MB.
Total: 9.319600 ms (FindLiveObjects: 0.560800 ms CreateObjectMapping: 0.554200 ms MarkObjects: 5.344000 ms  DeleteObjects: 2.859400 ms)

Prepare: number of updated asset objects reloaded= 0
========================================================================
Received Prepare
Begin MonoManager ReloadAssembly
[Licensing::Client] Successfully resolved entitlement details
- Loaded All Assemblies, in  0.592 seconds
Refreshing native plugins compatible for Editor in 0.69 ms, found 3 plugins.
Native extension for WindowsStandalone target not found
[Package Manager] Failed to launch server process. Reason: Unity was launched with the -noUpm command-line argument
[Package Manager] Unable to send message (not connected to server process).
[Package Manager] Cannot connect to Unity Package Manager local server
ScheduleIndexationOnStartup MainProcess:False IndexOnStartup:True
Mono: successfully reloaded assembly
- Finished resetting the current domain, in  0.678 seconds
Domain Reload Profiling: 1270ms
	BeginReloadAssembly (169ms)
		ExecutionOrderSort (0ms)
		DisableScriptedObjects (4ms)
		BackupInstance (0ms)
		ReleaseScriptingObjects (0ms)
		CreateAndSetChildDomain (40ms)
	RebuildCommonClasses (34ms)
	RebuildNativeTypeToScriptingClass (10ms)
	initialDomainReloadingComplete (23ms)
	LoadAllAssembliesAndSetupDomain (355ms)
		LoadAssemblies (281ms)
		RebuildTransferFunctionScriptingTraits (0ms)
		AnalyzeDomain (150ms)
			TypeCache.Refresh (6ms)
				TypeCache.ScanAssembly (0ms)
			BuildScriptInfoCaches (130ms)
			ResolveRequiredComponents (8ms)
	FinalizeReload (678ms)
		ReleaseScriptCaches (0ms)
		RebuildScriptCaches (0ms)
		SetupLoadedEditorAssemblies (555ms)
			LogAssemblyErrors (0ms)
			InitializePlatformSupportModulesInManaged (1ms)
			SetLoadedEditorAssemblies (4ms)
			BeforeProcessingInitializeOnLoad (110ms)
			ProcessInitializeOnLoadAttributes (370ms)
			ProcessInitializeOnLoadMethodAttributes (61ms)
			AfterProcessingInitializeOnLoad (8ms)
			EditorAssembliesLoaded (0ms)
		ExecutionOrderSort2 (0ms)
		AwakeInstancesAfterBackupRestoration (16ms)
Refreshing native plugins compatible for Editor in 0.82 ms, found 3 plugins.
Preloading 0 native plugins for Editor in 0.00 ms.
Unloading 16 Unused Serialized files (Serialized files now loaded: 0)
Unloading 6199 unused Assets / (4.5 MB). Loaded Objects now: 7042.
Memory consumption went from 160.3 MB to 155.8 MB.
Total: 8.636300 ms (FindLiveObjects: 0.550600 ms CreateObjectMapping: 0.526200 ms MarkObjects: 5.209900 ms  DeleteObjects: 2.348500 ms)

Prepare: number of updated asset objects reloaded= 0
========================================================================
Received Import Request.
  Time since last request: 2091.363001 seconds.
  path: Assets/enemigo Variant.prefab
  artifactKey: Guid(5e5e6b87cc9d67547af15e0d1a5f6473) Importer(815301076,1909f56bfc062723c751e8b465ee728b)
Start importing Assets/enemigo Variant.prefab using Guid(5e5e6b87cc9d67547af15e0d1a5f6473) Importer(815301076,1909f56bfc062723c751e8b465ee728b) (PreviewImporter) -> (artifact id: 'e0038042a78625a5e6ac9dd9052c1f35') in 0.4928289 seconds
Number of updated asset objects reloaded before import = 0Number of asset objects unloaded after import = 283

========================================================================
Received Import Request.
  Time since last request: 274.515438 seconds.
  path: Assets/enemigo Variant.prefab
  artifactKey: Guid(5e5e6b87cc9d67547af15e0d1a5f6473) Importer(815301076,1909f56bfc062723c751e8b465ee728b)
Start importing Assets/enemigo Variant.prefab using Guid(5e5e6b87cc9d67547af15e0d1a5f6473) Importer(815301076,1909f56bfc062723c751e8b465ee728b) (PreviewImporter) -> (artifact id: 'bef4af5168a4cf5580f76b1367bdf913') in 0.0411055 seconds
Number of updated asset objects reloaded before import = 0Number of asset objects unloaded after import = 284

========================================================================
Received Import Request.
  Time since last request: 55.870193 seconds.
  path: Assets/TutorialInfo
  artifactKey: Guid(ba062aa6c92b140379dbc06b43dd3b9b) Importer(815301076,1909f56bfc062723c751e8b465ee728b)
Start importing Assets/TutorialInfo using Guid(ba062aa6c92b140379dbc06b43dd3b9b) Importer(815301076,1909f56bfc062723c751e8b465ee728b) (PreviewImporter) -> (artifact id: 'bd0ce3b9fb2b0078fcd59af112aef3b6') in 0.0006035 seconds
Number of updated asset objects reloaded before import = 0Number of asset objects unloaded after import = 0

========================================================================
Received Import Request.
  Time since last request: 10.466144 seconds.
  path: Assets/Spiders/Models
  artifactKey: Guid(cce8be557be04354da4821512183f24c) Importer(815301076,1909f56bfc062723c751e8b465ee728b)
Start importing Assets/Spiders/Models using Guid(cce8be557be04354da4821512183f24c) Importer(815301076,1909f56bfc062723c751e8b465ee728b) (PreviewImporter) -> (artifact id: '73f211d93815c7567961d19578b35591') in 0.0005708 seconds
Number of updated asset objects reloaded before import = 0Number of asset objects unloaded after import = 0

========================================================================
Received Import Request.
  Time since last request: 0.058031 seconds.
  path: Assets/Spiders/Models/Spider.fbx
  artifactKey: Guid(c702044e8b7b7de4d96c5af2d585d4d4) Importer(815301076,1909f56bfc062723c751e8b465ee728b)
Start importing Assets/Spiders/Models/Spider.fbx using Guid(c702044e8b7b7de4d96c5af2d585d4d4) Importer(815301076,1909f56bfc062723c751e8b465ee728b) (PreviewImporter) -> (artifact id: 'a4eb2c805cc99adfd00a3c9363c9936d') in 0.1498209 seconds
Number of updated asset objects reloaded before import = 0Number of asset objects unloaded after import = 197

========================================================================
Received Import Request.
  Time since last request: 14.569543 seconds.
  path: Assets/Spiders/Materials/BlackWidow.mat
  artifactKey: Guid(f1440c45c83e1c24cadad18a818f6335) Importer(815301076,1909f56bfc062723c751e8b465ee728b)
Start importing Assets/Spiders/Materials/BlackWidow.mat using Guid(f1440c45c83e1c24cadad18a818f6335) Importer(815301076,1909f56bfc062723c751e8b465ee728b) (PreviewImporter) -> (artifact id: '080d2b07e83a2a3afacb5ae57da54d7b') in 0.0275335 seconds
Number of updated asset objects reloaded before import = 0Number of asset objects unloaded after import = 4

========================================================================
Received Import Request.
  Time since last request: 0.000020 seconds.
  path: Assets/Spiders/Materials/SandSpider.mat
  artifactKey: Guid(5ac51c7de07714d4ab6e74dc98bf9525) Importer(815301076,1909f56bfc062723c751e8b465ee728b)
Start importing Assets/Spiders/Materials/SandSpider.mat using Guid(5ac51c7de07714d4ab6e74dc98bf9525) Importer(815301076,1909f56bfc062723c751e8b465ee728b) (PreviewImporter) -> (artifact id: '997c9c82002c56aeda5bf35391c281a8') in 0.0097175 seconds
Number of updated asset objects reloaded before import = 0Number of asset objects unloaded after import = 4

========================================================================
Received Import Request.
  Time since last request: 35.776739 seconds.
  path: Assets/Scripts/CameraHeadBob.cs
  artifactKey: Guid(364b313e0fbddab41af890760776f8d6) Importer(2089858483,b0f066a214c2f5e87bad3c948f4d605d)
Start importing Assets/Scripts/CameraHeadBob.cs using Guid(364b313e0fbddab41af890760776f8d6) Importer(2089858483,b0f066a214c2f5e87bad3c948f4d605d) (ScriptedImporter) -> (artifact id: '4c3b91f8a40e69a59356d3682b9712bf') in 0.0632023 seconds
Number of updated asset objects reloaded before import = 0Number of asset objects unloaded after import = 0

========================================================================
Received Import Request.
  Time since last request: 0.000029 seconds.
  path: Assets/Spiders/Prefabs/Sand Spider.prefab
  artifactKey: Guid(3af956640595c6e4cb9436f0f4545ffd) Importer(2089858483,b0f066a214c2f5e87bad3c948f4d605d)
Start importing Assets/Spiders/Prefabs/Sand Spider.prefab using Guid(3af956640595c6e4cb9436f0f4545ffd) Importer(2089858483,b0f066a214c2f5e87bad3c948f4d605d) (ScriptedImporter) -> (artifact id: 'c1caf6c97354815463e8da4a1f825a6d') in 0.0103373 seconds
Number of updated asset objects reloaded before import = 0Number of asset objects unloaded after import = 190

========================================================================
Received Import Request.
  Time since last request: 0.000039 seconds.
  path: Assets/Scenes/escena juego.unity
  artifactKey: Guid(0bee1050fb8504d409d92a6fc4b87d28) Importer(2089858483,b0f066a214c2f5e87bad3c948f4d605d)
Start importing Assets/Scenes/escena juego.unity using Guid(0bee1050fb8504d409d92a6fc4b87d28) Importer(2089858483,b0f066a214c2f5e87bad3c948f4d605d) (ScriptedImporter) -> (artifact id: '225d99bcb0f7eef6a7fbd5d14623ddc1') in 0.1323564 seconds
Number of updated asset objects reloaded before import = 0Number of asset objects unloaded after import = 1

========================================================================
Received Import Request.
  Time since last request: 0.000046 seconds.
  path: Assets/Spiders/Demo
  artifactKey: Guid(eae258447a24c0d41a90eef176b11cc1) Importer(2089858483,b0f066a214c2f5e87bad3c948f4d605d)
Start importing Assets/Spiders/Demo using Guid(eae258447a24c0d41a90eef176b11cc1) Importer(2089858483,b0f066a214c2f5e87bad3c948f4d605d) (ScriptedImporter) -> (artifact id: '5cf2fbd0ef28017629fe3753573eb7d8') in 0.0036412 seconds
Number of updated asset objects reloaded before import = 0Number of asset objects unloaded after import = 1

========================================================================
Received Import Request.
  Time since last request: 0.000020 seconds.
  path: Assets/Spiders/Materials/SandSpider.mat
  artifactKey: Guid(5ac51c7de07714d4ab6e74dc98bf9525) Importer(2089858483,b0f066a214c2f5e87bad3c948f4d605d)
Start importing Assets/Spiders/Materials/SandSpider.mat using Guid(5ac51c7de07714d4ab6e74dc98bf9525) Importer(2089858483,b0f066a214c2f5e87bad3c948f4d605d) (ScriptedImporter) -> (artifact id: '88a77772815c9d6d496038224b3f385e') in 0.0153258 seconds
Number of updated asset objects reloaded before import = 0Number of asset objects unloaded after import = 4

========================================================================
Received Import Request.
  Time since last request: 0.000029 seconds.
  path: Assets/Spiders/Materials
  artifactKey: Guid(cf6bc2a376f4cfc4794bb4f2d33a00b1) Importer(2089858483,b0f066a214c2f5e87bad3c948f4d605d)
Start importing Assets/Spiders/Materials using Guid(cf6bc2a376f4cfc4794bb4f2d33a00b1) Importer(2089858483,b0f066a214c2f5e87bad3c948f4d605d) (ScriptedImporter) -> (artifact id: '4676b8ede1df9642457eb53c748d392e') in 0.0030324 seconds
Number of updated asset objects reloaded before import = 0Number of asset objects unloaded after import = 1

========================================================================
Received Import Request.
  Time since last request: 0.000028 seconds.
  path: Assets/Spiders/Animations/Walk.anim
  artifactKey: Guid(8573bcd50d913844991255b0926cb830) Importer(2089858483,b0f066a214c2f5e87bad3c948f4d605d)
Start importing Assets/Spiders/Animations/Walk.anim using Guid(8573bcd50d913844991255b0926cb830) Importer(2089858483,b0f066a214c2f5e87bad3c948f4d605d) (ScriptedImporter) -> (artifact id: '8e8ab97e1ce8c1602920ed4d39281687') in 0.0173969 seconds
Number of updated asset objects reloaded before import = 0Number of asset objects unloaded after import = 1

========================================================================
Received Import Request.
  Time since last request: 0.000018 seconds.
  path: Assets/Spiders/Animations/TakeDamage.002.anim
  artifactKey: Guid(184f72c813edef04fa0d4b2bc77beb83) Importer(2089858483,b0f066a214c2f5e87bad3c948f4d605d)
Start importing Assets/Spiders/Animations/TakeDamage.002.anim using Guid(184f72c813edef04fa0d4b2bc77beb83) Importer(2089858483,b0f066a214c2f5e87bad3c948f4d605d) (ScriptedImporter) -> (artifact id: 'e80fb545971ad0b39436af220018ecae') in 0.0093469 seconds
Number of updated asset objects reloaded before import = 0Number of asset objects unloaded after import = 1

========================================================================
Received Import Request.
  Time since last request: 0.000019 seconds.
  path: Assets/Spiders/Demo/SpidersAsset.unity
  artifactKey: Guid(1254c255c8192f14f90c2ac27a319825) Importer(2089858483,b0f066a214c2f5e87bad3c948f4d605d)
Start importing Assets/Spiders/Demo/SpidersAsset.unity using Guid(1254c255c8192f14f90c2ac27a319825) Importer(2089858483,b0f066a214c2f5e87bad3c948f4d605d) (ScriptedImporter) -> (artifact id: 'dca27eabe00a6179846f805c8f02cd07') in 0.0032138 seconds
Number of updated asset objects reloaded before import = 0Number of asset objects unloaded after import = 1

========================================================================
Received Import Request.
  Time since last request: 0.000023 seconds.
  path: Assets/Spiders
  artifactKey: Guid(1de53fa6dbb31f5448cfdf1a1da6d5c1) Importer(2089858483,b0f066a214c2f5e87bad3c948f4d605d)
Start importing Assets/Spiders using Guid(1de53fa6dbb31f5448cfdf1a1da6d5c1) Importer(2089858483,b0f066a214c2f5e87bad3c948f4d605d) (ScriptedImporter) -> (artifact id: '959e1742e692fee466789b3e638e12ad') in 0.0028835 seconds
Number of updated asset objects reloaded before import = 0Number of asset objects unloaded after import = 1

========================================================================
Received Import Request.
  Time since last request: 0.000027 seconds.
  path: Assets/Spiders/Textures/Spider Norms.png
  artifactKey: Guid(5def32a662ab2e7479e1acd94d34186c) Importer(2089858483,b0f066a214c2f5e87bad3c948f4d605d)
Start importing Assets/Spiders/Textures/Spider Norms.png using Guid(5def32a662ab2e7479e1acd94d34186c) Importer(2089858483,b0f066a214c2f5e87bad3c948f4d605d) (ScriptedImporter) -> (artifact id: '234a7934024303fc679786b4b4202b47') in 0.0339208 seconds
Number of updated asset objects reloaded before import = 0Number of asset objects unloaded after import = 1

========================================================================
Received Import Request.
  Time since last request: 0.000027 seconds.
  path: Assets/Spiders/Animations
  artifactKey: Guid(25ba63f829b7f074a8a308d792aaa8f6) Importer(2089858483,b0f066a214c2f5e87bad3c948f4d605d)
Start importing Assets/Spiders/Animations using Guid(25ba63f829b7f074a8a308d792aaa8f6) Importer(2089858483,b0f066a214c2f5e87bad3c948f4d605d) (ScriptedImporter) -> (artifact id: '052e1b000b99133a037454990dffc1d0') in 0.0025575 seconds
Number of updated asset objects reloaded before import = 0Number of asset objects unloaded after import = 1

========================================================================
Received Import Request.
  Time since last request: 0.000032 seconds.
  path: Assets/Spiders/Animations/Idle.anim
  artifactKey: Guid(6cbc60cf3b8c62549a0f0d2d003b6d50) Importer(2089858483,b0f066a214c2f5e87bad3c948f4d605d)
Start importing Assets/Spiders/Animations/Idle.anim using Guid(6cbc60cf3b8c62549a0f0d2d003b6d50) Importer(2089858483,b0f066a214c2f5e87bad3c948f4d605d) (ScriptedImporter) -> (artifact id: '2430989389c0f61c66a65204c8b4c70d') in 0.0066605 seconds
Number of updated asset objects reloaded before import = 0Number of asset objects unloaded after import = 1

========================================================================
Received Import Request.
  Time since last request: 0.000023 seconds.
  path: Assets/Spiders/Prefabs/Black Widow.prefab
  artifactKey: Guid(fd02805ee801de64a828e8190cac7784) Importer(2089858483,b0f066a214c2f5e87bad3c948f4d605d)
Start importing Assets/Spiders/Prefabs/Black Widow.prefab using Guid(fd02805ee801de64a828e8190cac7784) Importer(2089858483,b0f066a214c2f5e87bad3c948f4d605d) (ScriptedImporter) -> (artifact id: '53eec3eada16f00acbe5c7be3a9d120a') in 0.0065013 seconds
Number of updated asset objects reloaded before import = 0Number of asset objects unloaded after import = 190

========================================================================
Received Import Request.
  Time since last request: 4.509887 seconds.
  path: Assets/Spiders/Materials/BlackWidow.mat
  artifactKey: Guid(f1440c45c83e1c24cadad18a818f6335) Importer(815301076,1909f56bfc062723c751e8b465ee728b)
Start importing Assets/Spiders/Materials/BlackWidow.mat using Guid(f1440c45c83e1c24cadad18a818f6335) Importer(815301076,1909f56bfc062723c751e8b465ee728b) (PreviewImporter) -> (artifact id: 'd22c8aaf15bf50333da6df13eee11fee') in 0.0250425 seconds
Number of updated asset objects reloaded before import = 0Number of asset objects unloaded after import = 4

========================================================================
Received Import Request.
  Time since last request: 0.891970 seconds.
  path: Assets/Spiders/Materials/BlackWidow.mat
  artifactKey: Guid(f1440c45c83e1c24cadad18a818f6335) Importer(2089858483,b0f066a214c2f5e87bad3c948f4d605d)
Start importing Assets/Spiders/Materials/BlackWidow.mat using Guid(f1440c45c83e1c24cadad18a818f6335) Importer(2089858483,b0f066a214c2f5e87bad3c948f4d605d) (ScriptedImporter) -> (artifact id: 'dc893941bd6f126cb9fffe368c886a68') in 0.0067466 seconds
Number of updated asset objects reloaded before import = 0Number of asset objects unloaded after import = 2

========================================================================
Received Import Request.
  Time since last request: 0.000023 seconds.
  path: Assets/Low Poly Guns/Models/Guns/assault1/Materials/assault1_diffuse 2.mat
  artifactKey: Guid(1f29d8971d9f94c4a9e73f6de3388044) Importer(2089858483,b0f066a214c2f5e87bad3c948f4d605d)
Start importing Assets/Low Poly Guns/Models/Guns/assault1/Materials/assault1_diffuse 2.mat using Guid(1f29d8971d9f94c4a9e73f6de3388044) Importer(2089858483,b0f066a214c2f5e87bad3c948f4d605d) (ScriptedImporter) -> (artifact id: '92398fb54b819efc0b0cf8dcf461527f') in 0.0073163 seconds
Number of updated asset objects reloaded before import = 0Number of asset objects unloaded after import = 2

========================================================================
Received Import Request.
  Time since last request: 10.984409 seconds.
  path: Assets/Spiders/Animations/Attack1.anim
  artifactKey: Guid(23585cff95de3854a80aeac383e62037) Importer(815301076,1909f56bfc062723c751e8b465ee728b)
Start importing Assets/Spiders/Animations/Attack1.anim using Guid(23585cff95de3854a80aeac383e62037) Importer(815301076,1909f56bfc062723c751e8b465ee728b) (PreviewImporter) -> (artifact id: '7740b73f20dad0ec9028a997e4db3c22') in 0.0040221 seconds
Number of updated asset objects reloaded before import = 0Number of asset objects unloaded after import = 1

========================================================================
Received Import Request.
  Time since last request: 2.506219 seconds.
  path: Assets/Spiders/Animations/TakeDamage.002.anim
  artifactKey: Guid(184f72c813edef04fa0d4b2bc77beb83) Importer(815301076,1909f56bfc062723c751e8b465ee728b)
Start importing Assets/Spiders/Animations/TakeDamage.002.anim using Guid(184f72c813edef04fa0d4b2bc77beb83) Importer(815301076,1909f56bfc062723c751e8b465ee728b) (PreviewImporter) -> (artifact id: '4c4fd9764e937e7b4395e9d92f5fc22c') in 0.004427 seconds
Number of updated asset objects reloaded before import = 0Number of asset objects unloaded after import = 1

========================================================================
Received Import Request.
  Time since last request: 0.312218 seconds.
  path: Assets/Spiders/Animations/Idle.anim
  artifactKey: Guid(6cbc60cf3b8c62549a0f0d2d003b6d50) Importer(815301076,1909f56bfc062723c751e8b465ee728b)
Start importing Assets/Spiders/Animations/Idle.anim using Guid(6cbc60cf3b8c62549a0f0d2d003b6d50) Importer(815301076,1909f56bfc062723c751e8b465ee728b) (PreviewImporter) -> (artifact id: '41517de3ebba301be8a868117f6ae4b0') in 0.0028575 seconds
Number of updated asset objects reloaded before import = 0Number of asset objects unloaded after import = 1

========================================================================
Received Import Request.
  Time since last request: 105.449700 seconds.
  path: Assets/bala.mat
  artifactKey: Guid(a884b11d5db8387469c8d63ee292c7eb) Importer(815301076,1909f56bfc062723c751e8b465ee728b)
Start importing Assets/bala.mat using Guid(a884b11d5db8387469c8d63ee292c7eb) Importer(815301076,1909f56bfc062723c751e8b465ee728b) (PreviewImporter) -> (artifact id: '25fb846691be8a9ce1d61c1f8655ddb3') in 0.00699 seconds
Number of updated asset objects reloaded before import = 0Number of asset objects unloaded after import = 1

========================================================================
Received Prepare
Begin MonoManager ReloadAssembly
[Licensing::Client] Successfully resolved entitlement details
- Loaded All Assemblies, in  0.628 seconds
Refreshing native plugins compatible for Editor in 0.61 ms, found 3 plugins.
Native extension for WindowsStandalone target not found
[Package Manager] Failed to launch server process. Reason: Unity was launched with the -noUpm command-line argument
[Package Manager] Unable to send message (not connected to server process).
[Package Manager] Cannot connect to Unity Package Manager local server
ScheduleIndexationOnStartup MainProcess:False IndexOnStartup:True
Mono: successfully reloaded assembly
- Finished resetting the current domain, in  0.652 seconds
Domain Reload Profiling: 1280ms
	BeginReloadAssembly (207ms)
		ExecutionOrderSort (0ms)
		DisableScriptedObjects (16ms)
		BackupInstance (0ms)
		ReleaseScriptingObjects (0ms)
		CreateAndSetChildDomain (53ms)
	RebuildCommonClasses (27ms)
	RebuildNativeTypeToScriptingClass (10ms)
	initialDomainReloadingComplete (24ms)
	LoadAllAssembliesAndSetupDomain (359ms)
		LoadAssemblies (301ms)
		RebuildTransferFunctionScriptingTraits (0ms)
		AnalyzeDomain (146ms)
			TypeCache.Refresh (6ms)
				TypeCache.ScanAssembly (0ms)
			BuildScriptInfoCaches (129ms)
			ResolveRequiredComponents (7ms)
	FinalizeReload (652ms)
		ReleaseScriptCaches (0ms)
		RebuildScriptCaches (0ms)
		SetupLoadedEditorAssemblies (528ms)
			LogAssemblyErrors (0ms)
			InitializePlatformSupportModulesInManaged (1ms)
			SetLoadedEditorAssemblies (4ms)
			BeforeProcessingInitializeOnLoad (104ms)
			ProcessInitializeOnLoadAttributes (347ms)
			ProcessInitializeOnLoadMethodAttributes (64ms)
			AfterProcessingInitializeOnLoad (7ms)
			EditorAssembliesLoaded (0ms)
		ExecutionOrderSort2 (0ms)
		AwakeInstancesAfterBackupRestoration (15ms)
Refreshing native plugins compatible for Editor in 0.72 ms, found 3 plugins.
Preloading 0 native plugins for Editor in 0.00 ms.
Unloading 16 Unused Serialized files (Serialized files now loaded: 0)
Unloading 6200 unused Assets / (4.4 MB). Loaded Objects now: 7112.
Memory consumption went from 169.3 MB to 164.9 MB.
Total: 7.108600 ms (FindLiveObjects: 0.472000 ms CreateObjectMapping: 0.540800 ms MarkObjects: 4.290900 ms  DeleteObjects: 1.803000 ms)

Prepare: number of updated asset objects reloaded= 0
========================================================================
Received Prepare
Begin MonoManager ReloadAssembly
[Licensing::Client] Successfully resolved entitlement details
- Loaded All Assemblies, in  0.601 seconds
Refreshing native plugins compatible for Editor in 1.21 ms, found 3 plugins.
Native extension for WindowsStandalone target not found
[Package Manager] Failed to launch server process. Reason: Unity was launched with the -noUpm command-line argument
[Package Manager] Unable to send message (not connected to server process).
[Package Manager] Cannot connect to Unity Package Manager local server
ScheduleIndexationOnStartup MainProcess:False IndexOnStartup:True
Mono: successfully reloaded assembly
- Finished resetting the current domain, in  0.614 seconds
Domain Reload Profiling: 1213ms
	BeginReloadAssembly (175ms)
		ExecutionOrderSort (0ms)
		DisableScriptedObjects (4ms)
		BackupInstance (0ms)
		ReleaseScriptingObjects (0ms)
		CreateAndSetChildDomain (44ms)
	RebuildCommonClasses (31ms)
	RebuildNativeTypeToScriptingClass (10ms)
	initialDomainReloadingComplete (23ms)
	LoadAllAssembliesAndSetupDomain (359ms)
		LoadAssemblies (291ms)
		RebuildTransferFunctionScriptingTraits (0ms)
		AnalyzeDomain (145ms)
			TypeCache.Refresh (6ms)
				TypeCache.ScanAssembly (0ms)
			BuildScriptInfoCaches (126ms)
			ResolveRequiredComponents (9ms)
	FinalizeReload (615ms)
		ReleaseScriptCaches (0ms)
		RebuildScriptCaches (0ms)
		SetupLoadedEditorAssemblies (492ms)
			LogAssemblyErrors (0ms)
			InitializePlatformSupportModulesInManaged (1ms)
			SetLoadedEditorAssemblies (5ms)
			BeforeProcessingInitializeOnLoad (104ms)
			ProcessInitializeOnLoadAttributes (332ms)
			ProcessInitializeOnLoadMethodAttributes (46ms)
			AfterProcessingInitializeOnLoad (5ms)
			EditorAssembliesLoaded (0ms)
		ExecutionOrderSort2 (0ms)
		AwakeInstancesAfterBackupRestoration (14ms)
Refreshing native plugins compatible for Editor in 0.69 ms, found 3 plugins.
Preloading 0 native plugins for Editor in 0.00 ms.
Unloading 16 Unused Serialized files (Serialized files now loaded: 0)
Unloading 6199 unused Assets / (4.4 MB). Loaded Objects now: 7115.
Memory consumption went from 169.2 MB to 164.8 MB.
Total: 7.604800 ms (FindLiveObjects: 0.775700 ms CreateObjectMapping: 0.521400 ms MarkObjects: 4.409900 ms  DeleteObjects: 1.897000 ms)

Prepare: number of updated asset objects reloaded= 0
========================================================================
Received Import Request.
  Time since last request: 227.154544 seconds.
  path: Assets/Low Poly Guns/Models/Guns/assault3/assault3_diffuse.png
  artifactKey: Guid(a5d9ebfb627548d41ba3a8ec12550ce5) Importer(815301076,1909f56bfc062723c751e8b465ee728b)
Start importing Assets/Low Poly Guns/Models/Guns/assault3/assault3_diffuse.png using Guid(a5d9ebfb627548d41ba3a8ec12550ce5) Importer(815301076,1909f56bfc062723c751e8b465ee728b) (PreviewImporter) -> (artifact id: '112a62885dae5ae6f5ec72f34919ec6a') in 0.0828629 seconds
Number of updated asset objects reloaded before import = 0Number of asset objects unloaded after import = 2

========================================================================
Received Import Request.
  Time since last request: 0.000032 seconds.
  path: Assets/Spiders/Textures/BlackWidowSpider Roughness.png
  artifactKey: Guid(07fa72d12cb5bed43aea359883eab625) Importer(815301076,1909f56bfc062723c751e8b465ee728b)
Start importing Assets/Spiders/Textures/BlackWidowSpider Roughness.png using Guid(07fa72d12cb5bed43aea359883eab625) Importer(815301076,1909f56bfc062723c751e8b465ee728b) (PreviewImporter) -> (artifact id: 'd00a847c29c1743eb5a456223dbadd6a') in 0.0100633 seconds
Number of updated asset objects reloaded before import = 0Number of asset objects unloaded after import = 2

========================================================================
Received Import Request.
  Time since last request: 0.000030 seconds.
  path: Assets/Triangularity/ColorfulCity/Textures/c_Metallic.tga
  artifactKey: Guid(7d5559d72bc37da4d81c0ef38a94bd1d) Importer(815301076,1909f56bfc062723c751e8b465ee728b)
Start importing Assets/Triangularity/ColorfulCity/Textures/c_Metallic.tga using Guid(7d5559d72bc37da4d81c0ef38a94bd1d) Importer(815301076,1909f56bfc062723c751e8b465ee728b) (PreviewImporter) -> (artifact id: '7e0bb7232bbb4e6e80df2736beecd304') in 0.0066472 seconds
Number of updated asset objects reloaded before import = 0Number of asset objects unloaded after import = 2

========================================================================
Received Import Request.
  Time since last request: 0.000058 seconds.
  path: Assets/Low Poly Guns/Models/Guns/pistol1/pistol1_normal.png
  artifactKey: Guid(a21b6f6faa594df4fa1cb1794a16a4b3) Importer(815301076,1909f56bfc062723c751e8b465ee728b)
Start importing Assets/Low Poly Guns/Models/Guns/pistol1/pistol1_normal.png using Guid(a21b6f6faa594df4fa1cb1794a16a4b3) Importer(815301076,1909f56bfc062723c751e8b465ee728b) (PreviewImporter) -> (artifact id: '766673356d8742c1672f477a36cde8c0') in 0.0225014 seconds
Number of updated asset objects reloaded before import = 0Number of asset objects unloaded after import = 2

========================================================================
Received Import Request.
  Time since last request: 0.000021 seconds.
  path: Assets/Spiders/Textures/BlackWidow Color.png
  artifactKey: Guid(12d8d12db67226645af678c01335d6fd) Importer(815301076,1909f56bfc062723c751e8b465ee728b)
Start importing Assets/Spiders/Textures/BlackWidow Color.png using Guid(12d8d12db67226645af678c01335d6fd) Importer(815301076,1909f56bfc062723c751e8b465ee728b) (PreviewImporter) -> (artifact id: 'fd1f52bb39bf425b39b3590b924a07a5') in 0.0077367 seconds
Number of updated asset objects reloaded before import = 0Number of asset objects unloaded after import = 2

========================================================================
Received Import Request.
  Time since last request: 4.417581 seconds.
  path: Assets/Low Poly Guns/Models/Guns/pistol2/pistol2_diffuse.png
  artifactKey: Guid(4bc3804b3d89750428df34b00abe88d4) Importer(815301076,1909f56bfc062723c751e8b465ee728b)
Start importing Assets/Low Poly Guns/Models/Guns/pistol2/pistol2_diffuse.png using Guid(4bc3804b3d89750428df34b00abe88d4) Importer(815301076,1909f56bfc062723c751e8b465ee728b) (PreviewImporter) -> (artifact id: '643ef20480715583ff1247d40235100d') in 0.0176177 seconds
Number of updated asset objects reloaded before import = 0Number of asset objects unloaded after import = 2

========================================================================
Received Import Request.
  Time since last request: 0.773663 seconds.
  path: Assets/Low Poly Guns/Models/Guns/pistol3/pistol3_normal.png
  artifactKey: Guid(9faebeb1b9df87d4d845ea9e89fa5a20) Importer(815301076,1909f56bfc062723c751e8b465ee728b)
Start importing Assets/Low Poly Guns/Models/Guns/pistol3/pistol3_normal.png using Guid(9faebeb1b9df87d4d845ea9e89fa5a20) Importer(815301076,1909f56bfc062723c751e8b465ee728b) (PreviewImporter) -> (artifact id: '10b30057a5ddac46dd36d5306bef807a') in 0.0141275 seconds
Number of updated asset objects reloaded before import = 0Number of asset objects unloaded after import = 2

========================================================================
Received Import Request.
  Time since last request: 0.000024 seconds.
  path: Assets/Low Poly Guns/Models/Guns/shotgun1/shotgun1_normal.png
  artifactKey: Guid(34ba857ac0ec86642b16ca7d9553e349) Importer(815301076,1909f56bfc062723c751e8b465ee728b)
Start importing Assets/Low Poly Guns/Models/Guns/shotgun1/shotgun1_normal.png using Guid(34ba857ac0ec86642b16ca7d9553e349) Importer(815301076,1909f56bfc062723c751e8b465ee728b) (PreviewImporter) -> (artifact id: 'eff0fd398b67dced6c601aeb4e3ee2b9') in 0.0169325 seconds
Number of updated asset objects reloaded before import = 0Number of asset objects unloaded after import = 2

========================================================================
Received Prepare
Begin MonoManager ReloadAssembly
- Loaded All Assemblies, in  0.667 seconds
Refreshing native plugins compatible for Editor in 0.64 ms, found 3 plugins.
Native extension for WindowsStandalone target not found
[Package Manager] Failed to launch server process. Reason: Unity was launched with the -noUpm command-line argument
[Package Manager] Unable to send message (not connected to server process).
[Package Manager] Cannot connect to Unity Package Manager local server
ScheduleIndexationOnStartup MainProcess:False IndexOnStartup:True
Mono: successfully reloaded assembly
- Finished resetting the current domain, in  0.663 seconds
Domain Reload Profiling: 1329ms
	BeginReloadAssembly (207ms)
		ExecutionOrderSort (0ms)
		DisableScriptedObjects (5ms)
		BackupInstance (0ms)
		ReleaseScriptingObjects (0ms)
		CreateAndSetChildDomain (59ms)
	RebuildCommonClasses (34ms)
	RebuildNativeTypeToScriptingClass (10ms)
	initialDomainReloadingComplete (23ms)
	LoadAllAssembliesAndSetupDomain (392ms)
		LoadAssemblies (330ms)
		RebuildTransferFunctionScriptingTraits (0ms)
		AnalyzeDomain (152ms)
			TypeCache.Refresh (6ms)
				TypeCache.ScanAssembly (0ms)
			BuildScriptInfoCaches (133ms)
			ResolveRequiredComponents (8ms)
	FinalizeReload (663ms)
		ReleaseScriptCaches (0ms)
		RebuildScriptCaches (0ms)
		SetupLoadedEditorAssemblies (541ms)
			LogAssemblyErrors (0ms)
			InitializePlatformSupportModulesInManaged (1ms)
			SetLoadedEditorAssemblies (6ms)
			BeforeProcessingInitializeOnLoad (126ms)
			ProcessInitializeOnLoadAttributes (353ms)
			ProcessInitializeOnLoadMethodAttributes (48ms)
			AfterProcessingInitializeOnLoad (7ms)
			EditorAssembliesLoaded (0ms)
		ExecutionOrderSort2 (0ms)
		AwakeInstancesAfterBackupRestoration (13ms)
Refreshing native plugins compatible for Editor in 0.95 ms, found 3 plugins.
Preloading 0 native plugins for Editor in 0.00 ms.
Unloading 16 Unused Serialized files (Serialized files now loaded: 0)
Unloading 6199 unused Assets / (4.2 MB). Loaded Objects now: 7123.
Memory consumption went from 169.3 MB to 165.1 MB.
Total: 7.546200 ms (FindLiveObjects: 0.485500 ms CreateObjectMapping: 0.500400 ms MarkObjects: 4.611500 ms  DeleteObjects: 1.948100 ms)

Prepare: number of updated asset objects reloaded= 0
========================================================================
Received Import Request.
  Time since last request: 500.970429 seconds.
  path: Assets/Spiders
  artifactKey: Guid(1de53fa6dbb31f5448cfdf1a1da6d5c1) Importer(815301076,1909f56bfc062723c751e8b465ee728b)
Start importing Assets/Spiders using Guid(1de53fa6dbb31f5448cfdf1a1da6d5c1) Importer(815301076,1909f56bfc062723c751e8b465ee728b) (PreviewImporter) -> (artifact id: '31f82088dd980235854882f3990f9d79') in 0.0086489 seconds
Number of updated asset objects reloaded before import = 0Number of asset objects unloaded after import = 0

========================================================================
Received Import Request.
  Time since last request: 7.370979 seconds.
  path: Assets/Spiders/Prefabs/Black Widow.prefab
  artifactKey: Guid(fd02805ee801de64a828e8190cac7784) Importer(815301076,1909f56bfc062723c751e8b465ee728b)
Start importing Assets/Spiders/Prefabs/Black Widow.prefab using Guid(fd02805ee801de64a828e8190cac7784) Importer(815301076,1909f56bfc062723c751e8b465ee728b) (PreviewImporter) -> (artifact id: '9d5196d02c641b8ad504b7f2d5726a33') in 0.3606354 seconds
Number of updated asset objects reloaded before import = 0Number of asset objects unloaded after import = 194

========================================================================
Received Import Request.
  Time since last request: 33.539090 seconds.
  path: Assets/Spiders/Models/animador de araña.controller
  artifactKey: Guid(fc68762fc433fe94a978fe84b312ef9b) Importer(815301076,1909f56bfc062723c751e8b465ee728b)
Start importing Assets/Spiders/Models/animador de araña.controller using Guid(fc68762fc433fe94a978fe84b312ef9b) Importer(815301076,1909f56bfc062723c751e8b465ee728b) (PreviewImporter) -> (artifact id: '20a5d3804ceb81b40afb67f3d1920c7a') in 0.0016983 seconds
Number of updated asset objects reloaded before import = 0Number of asset objects unloaded after import = 1

========================================================================
Received Import Request.
  Time since last request: 0.937508 seconds.
  path: Assets/Spiders/Models/animador de araña.controller
  artifactKey: Guid(fc68762fc433fe94a978fe84b312ef9b) Importer(2089858483,b0f066a214c2f5e87bad3c948f4d605d)
Start importing Assets/Spiders/Models/animador de araña.controller using Guid(fc68762fc433fe94a978fe84b312ef9b) Importer(2089858483,b0f066a214c2f5e87bad3c948f4d605d) (ScriptedImporter) -> (artifact id: '15dfbcbaa89a084b3cb792ed111c59c8') in 0.043417 seconds
Number of updated asset objects reloaded before import = 0Number of asset objects unloaded after import = 1

========================================================================
Received Import Request.
  Time since last request: 73.631151 seconds.
  path: Assets/Spiders/Animations/Walk.anim
  artifactKey: Guid(8573bcd50d913844991255b0926cb830) Importer(815301076,1909f56bfc062723c751e8b465ee728b)
Start importing Assets/Spiders/Animations/Walk.anim using Guid(8573bcd50d913844991255b0926cb830) Importer(815301076,1909f56bfc062723c751e8b465ee728b) (PreviewImporter) -> (artifact id: '8389f3e51f4577673d55a926352284c0') in 0.0040886 seconds
Number of updated asset objects reloaded before import = 0Number of asset objects unloaded after import = 1

========================================================================
Received Prepare
Refreshing native plugins compatible for Editor in 0.94 ms, found 3 plugins.
Preloading 0 native plugins for Editor in 0.00 ms.
Unloading 16 Unused Serialized files (Serialized files now loaded: 0)
Unloading 6194 unused Assets / (4.1 MB). Loaded Objects now: 7236.
Memory consumption went from 174.4 MB to 170.2 MB.
Total: 22.639400 ms (FindLiveObjects: 0.525700 ms CreateObjectMapping: 0.434500 ms MarkObjects: 18.876200 ms  DeleteObjects: 2.801900 ms)

Prepare: number of updated asset objects reloaded= 0
========================================================================
Received Import Request.
  Time since last request: 1151.699382 seconds.
  path: Assets/Scripts/RangedEnemyAI.cs
  artifactKey: Guid(2ce1a40d5e6404b4ba5c98e4231d1820) Importer(815301076,1909f56bfc062723c751e8b465ee728b)
Start importing Assets/Scripts/RangedEnemyAI.cs using Guid(2ce1a40d5e6404b4ba5c98e4231d1820) Importer(815301076,1909f56bfc062723c751e8b465ee728b) (PreviewImporter) -> (artifact id: '95adac0e4aedc3e40bfac85c00dc1d4b') in 0.0219527 seconds
Number of updated asset objects reloaded before import = 0Number of asset objects unloaded after import = 0

========================================================================
Received Import Request.
  Time since last request: 0.366322 seconds.
  path: Assets/Scripts/RangedEnemyAI.cs
  artifactKey: Guid(2ce1a40d5e6404b4ba5c98e4231d1820) Importer(2089858483,b0f066a214c2f5e87bad3c948f4d605d)
Start importing Assets/Scripts/RangedEnemyAI.cs using Guid(2ce1a40d5e6404b4ba5c98e4231d1820) Importer(2089858483,b0f066a214c2f5e87bad3c948f4d605d) (ScriptedImporter) -> (artifact id: 'cce8c68e33c3dc9c260f31ae14cb4da8') in 0.127769 seconds
Number of updated asset objects reloaded before import = 0Number of asset objects unloaded after import = 0

========================================================================
Received Prepare
Begin MonoManager ReloadAssembly
[Licensing::Client] Successfully resolved entitlement details
- Loaded All Assemblies, in  1.310 seconds
Refreshing native plugins compatible for Editor in 4.90 ms, found 3 plugins.
Native extension for WindowsStandalone target not found
[Package Manager] Failed to launch server process. Reason: Unity was launched with the -noUpm command-line argument
[Package Manager] Unable to send message (not connected to server process).
[Package Manager] Cannot connect to Unity Package Manager local server
ScheduleIndexationOnStartup MainProcess:False IndexOnStartup:True
Mono: successfully reloaded assembly
- Finished resetting the current domain, in  1.752 seconds
Domain Reload Profiling: 3055ms
	BeginReloadAssembly (370ms)
		ExecutionOrderSort (0ms)
		DisableScriptedObjects (36ms)
		BackupInstance (0ms)
		ReleaseScriptingObjects (0ms)
		CreateAndSetChildDomain (78ms)
	RebuildCommonClasses (61ms)
	RebuildNativeTypeToScriptingClass (26ms)
	initialDomainReloadingComplete (55ms)
	LoadAllAssembliesAndSetupDomain (790ms)
		LoadAssemblies (622ms)
		RebuildTransferFunctionScriptingTraits (0ms)
		AnalyzeDomain (332ms)
			TypeCache.Refresh (17ms)
				TypeCache.ScanAssembly (1ms)
			BuildScriptInfoCaches (291ms)
			ResolveRequiredComponents (18ms)
	FinalizeReload (1753ms)
		ReleaseScriptCaches (0ms)
		RebuildScriptCaches (0ms)
		SetupLoadedEditorAssemblies (1416ms)
			LogAssemblyErrors (0ms)
			InitializePlatformSupportModulesInManaged (3ms)
			SetLoadedEditorAssemblies (10ms)
			BeforeProcessingInitializeOnLoad (381ms)
			ProcessInitializeOnLoadAttributes (876ms)
			ProcessInitializeOnLoadMethodAttributes (127ms)
			AfterProcessingInitializeOnLoad (17ms)
			EditorAssembliesLoaded (1ms)
		ExecutionOrderSort2 (0ms)
		AwakeInstancesAfterBackupRestoration (31ms)
Refreshing native plugins compatible for Editor in 2.03 ms, found 3 plugins.
Preloading 0 native plugins for Editor in 0.00 ms.
Unloading 16 Unused Serialized files (Serialized files now loaded: 0)
Unloading 6200 unused Assets / (3.3 MB). Loaded Objects now: 7147.
Memory consumption went from 169.5 MB to 166.2 MB.
Total: 12.625300 ms (FindLiveObjects: 1.181700 ms CreateObjectMapping: 0.947900 ms MarkObjects: 7.863100 ms  DeleteObjects: 2.630400 ms)

Prepare: number of updated asset objects reloaded= 0
========================================================================
Received Prepare
Refreshing native plugins compatible for Editor in 1.84 ms, found 3 plugins.
Preloading 0 native plugins for Editor in 0.00 ms.
Unloading 16 Unused Serialized files (Serialized files now loaded: 0)
Unloading 6194 unused Assets / (3.2 MB). Loaded Objects now: 7147.
Memory consumption went from 169.5 MB to 166.4 MB.
Total: 14.023300 ms (FindLiveObjects: 0.964400 ms CreateObjectMapping: 0.543700 ms MarkObjects: 9.306400 ms  DeleteObjects: 3.207000 ms)

Prepare: number of updated asset objects reloaded= 0
========================================================================
Received Prepare
Begin MonoManager ReloadAssembly
- Loaded All Assemblies, in  1.347 seconds
Refreshing native plugins compatible for Editor in 2.10 ms, found 3 plugins.
Native extension for WindowsStandalone target not found
[Package Manager] Failed to launch server process. Reason: Unity was launched with the -noUpm command-line argument
[Package Manager] Unable to send message (not connected to server process).
[Package Manager] Cannot connect to Unity Package Manager local server
ScheduleIndexationOnStartup MainProcess:False IndexOnStartup:True
Mono: successfully reloaded assembly
- Finished resetting the current domain, in  1.620 seconds
Domain Reload Profiling: 2960ms
	BeginReloadAssembly (302ms)
		ExecutionOrderSort (0ms)
		DisableScriptedObjects (8ms)
		BackupInstance (0ms)
		ReleaseScriptingObjects (0ms)
		CreateAndSetChildDomain (64ms)
	RebuildCommonClasses (64ms)
	RebuildNativeTypeToScriptingClass (21ms)
	initialDomainReloadingComplete (58ms)
	LoadAllAssembliesAndSetupDomain (896ms)
		LoadAssemblies (708ms)
		RebuildTransferFunctionScriptingTraits (0ms)
		AnalyzeDomain (333ms)
			TypeCache.Refresh (16ms)
				TypeCache.ScanAssembly (1ms)
			BuildScriptInfoCaches (294ms)
			ResolveRequiredComponents (18ms)
	FinalizeReload (1621ms)
		ReleaseScriptCaches (0ms)
		RebuildScriptCaches (0ms)
		SetupLoadedEditorAssemblies (1339ms)
			LogAssemblyErrors (0ms)
			InitializePlatformSupportModulesInManaged (3ms)
			SetLoadedEditorAssemblies (5ms)
			BeforeProcessingInitializeOnLoad (371ms)
			ProcessInitializeOnLoadAttributes (804ms)
			ProcessInitializeOnLoadMethodAttributes (136ms)
			AfterProcessingInitializeOnLoad (19ms)
			EditorAssembliesLoaded (0ms)
		ExecutionOrderSort2 (0ms)
		AwakeInstancesAfterBackupRestoration (32ms)
Refreshing native plugins compatible for Editor in 3.25 ms, found 3 plugins.
Preloading 0 native plugins for Editor in 0.00 ms.
Unloading 16 Unused Serialized files (Serialized files now loaded: 0)
Unloading 6200 unused Assets / (3.8 MB). Loaded Objects now: 7150.
Memory consumption went from 169.4 MB to 165.6 MB.
Total: 18.604200 ms (FindLiveObjects: 1.203100 ms CreateObjectMapping: 2.136800 ms MarkObjects: 10.760900 ms  DeleteObjects: 4.501800 ms)

Prepare: number of updated asset objects reloaded= 0
========================================================================
Received Import Request.
  Time since last request: 36.413199 seconds.
  path: Assets/Scripts/RangedEnemyAI.cs
  artifactKey: Guid(2ce1a40d5e6404b4ba5c98e4231d1820) Importer(815301076,1909f56bfc062723c751e8b465ee728b)
Start importing Assets/Scripts/RangedEnemyAI.cs using Guid(2ce1a40d5e6404b4ba5c98e4231d1820) Importer(815301076,1909f56bfc062723c751e8b465ee728b) (PreviewImporter) -> (artifact id: '2190cfcddc80432708a9b530e18ca50b') in 0.0242528 seconds
Number of updated asset objects reloaded before import = 0Number of asset objects unloaded after import = 0

========================================================================
Received Prepare
Begin MonoManager ReloadAssembly
[Licensing::Client] Successfully resolved entitlement details
- Loaded All Assemblies, in  0.649 seconds
Refreshing native plugins compatible for Editor in 0.69 ms, found 3 plugins.
Native extension for WindowsStandalone target not found
[Package Manager] Failed to launch server process. Reason: Unity was launched with the -noUpm command-line argument
[Package Manager] Unable to send message (not connected to server process).
[Package Manager] Cannot connect to Unity Package Manager local server
ScheduleIndexationOnStartup MainProcess:False IndexOnStartup:True
Mono: successfully reloaded assembly
- Finished resetting the current domain, in  0.647 seconds
Domain Reload Profiling: 1296ms
	BeginReloadAssembly (200ms)
		ExecutionOrderSort (0ms)
		DisableScriptedObjects (5ms)
		BackupInstance (0ms)
		ReleaseScriptingObjects (0ms)
		CreateAndSetChildDomain (56ms)
	RebuildCommonClasses (30ms)
	RebuildNativeTypeToScriptingClass (14ms)
	initialDomainReloadingComplete (26ms)
	LoadAllAssembliesAndSetupDomain (378ms)
		LoadAssemblies (307ms)
		RebuildTransferFunctionScriptingTraits (0ms)
		AnalyzeDomain (153ms)
			TypeCache.Refresh (6ms)
				TypeCache.ScanAssembly (0ms)
			BuildScriptInfoCaches (134ms)
			ResolveRequiredComponents (8ms)
	FinalizeReload (647ms)
		ReleaseScriptCaches (0ms)
		RebuildScriptCaches (0ms)
		SetupLoadedEditorAssemblies (525ms)
			LogAssemblyErrors (0ms)
			InitializePlatformSupportModulesInManaged (1ms)
			SetLoadedEditorAssemblies (4ms)
			BeforeProcessingInitializeOnLoad (111ms)
			ProcessInitializeOnLoadAttributes (354ms)
			ProcessInitializeOnLoadMethodAttributes (49ms)
			AfterProcessingInitializeOnLoad (5ms)
			EditorAssembliesLoaded (0ms)
		ExecutionOrderSort2 (0ms)
		AwakeInstancesAfterBackupRestoration (14ms)
Refreshing native plugins compatible for Editor in 1.01 ms, found 3 plugins.
Preloading 0 native plugins for Editor in 0.00 ms.
Unloading 16 Unused Serialized files (Serialized files now loaded: 0)
Unloading 6200 unused Assets / (4.0 MB). Loaded Objects now: 7153.
Memory consumption went from 169.5 MB to 165.5 MB.
Total: 7.903500 ms (FindLiveObjects: 0.643300 ms CreateObjectMapping: 0.682300 ms MarkObjects: 4.746900 ms  DeleteObjects: 1.829700 ms)

Prepare: number of updated asset objects reloaded= 0
========================================================================
Received Prepare
Begin MonoManager ReloadAssembly
- Loaded All Assemblies, in  0.629 seconds
Refreshing native plugins compatible for Editor in 0.66 ms, found 3 plugins.
Native extension for WindowsStandalone target not found
[Package Manager] Failed to launch server process. Reason: Unity was launched with the -noUpm command-line argument
[Package Manager] Unable to send message (not connected to server process).
[Package Manager] Cannot connect to Unity Package Manager local server
ScheduleIndexationOnStartup MainProcess:False IndexOnStartup:True
Mono: successfully reloaded assembly
- Finished resetting the current domain, in  0.651 seconds
Domain Reload Profiling: 1279ms
	BeginReloadAssembly (190ms)
		ExecutionOrderSort (0ms)
		DisableScriptedObjects (5ms)
		BackupInstance (0ms)
		ReleaseScriptingObjects (0ms)
		CreateAndSetChildDomain (50ms)
	RebuildCommonClasses (29ms)
	RebuildNativeTypeToScriptingClass (16ms)
	initialDomainReloadingComplete (25ms)
	LoadAllAssembliesAndSetupDomain (368ms)
		LoadAssemblies (303ms)
		RebuildTransferFunctionScriptingTraits (0ms)
		AnalyzeDomain (150ms)
			TypeCache.Refresh (6ms)
				TypeCache.ScanAssembly (0ms)
			BuildScriptInfoCaches (131ms)
			ResolveRequiredComponents (9ms)
	FinalizeReload (651ms)
		ReleaseScriptCaches (0ms)
		RebuildScriptCaches (0ms)
		SetupLoadedEditorAssemblies (526ms)
			LogAssemblyErrors (0ms)
			InitializePlatformSupportModulesInManaged (1ms)
			SetLoadedEditorAssemblies (4ms)
			BeforeProcessingInitializeOnLoad (110ms)
			ProcessInitializeOnLoadAttributes (357ms)
			ProcessInitializeOnLoadMethodAttributes (48ms)
			AfterProcessingInitializeOnLoad (5ms)
			EditorAssembliesLoaded (0ms)
		ExecutionOrderSort2 (0ms)
		AwakeInstancesAfterBackupRestoration (14ms)
Refreshing native plugins compatible for Editor in 0.80 ms, found 3 plugins.
Preloading 0 native plugins for Editor in 0.00 ms.
Unloading 16 Unused Serialized files (Serialized files now loaded: 0)
Unloading 6200 unused Assets / (4.3 MB). Loaded Objects now: 7156.
Memory consumption went from 169.6 MB to 165.2 MB.
Total: 8.189100 ms (FindLiveObjects: 0.804200 ms CreateObjectMapping: 0.488600 ms MarkObjects: 4.819600 ms  DeleteObjects: 2.075600 ms)

Prepare: number of updated asset objects reloaded= 0
========================================================================
Received Prepare
Begin MonoManager ReloadAssembly
[Licensing::Client] Successfully resolved entitlement details
- Loaded All Assemblies, in  0.603 seconds
Refreshing native plugins compatible for Editor in 0.61 ms, found 3 plugins.
Native extension for WindowsStandalone target not found
[Package Manager] Failed to launch server process. Reason: Unity was launched with the -noUpm command-line argument
[Package Manager] Unable to send message (not connected to server process).
[Package Manager] Cannot connect to Unity Package Manager local server
ScheduleIndexationOnStartup MainProcess:False IndexOnStartup:True
Mono: successfully reloaded assembly
- Finished resetting the current domain, in  0.631 seconds
Domain Reload Profiling: 1234ms
	BeginReloadAssembly (176ms)
		ExecutionOrderSort (0ms)
		DisableScriptedObjects (5ms)
		BackupInstance (0ms)
		ReleaseScriptingObjects (0ms)
		CreateAndSetChildDomain (43ms)
	RebuildCommonClasses (31ms)
	RebuildNativeTypeToScriptingClass (10ms)
	initialDomainReloadingComplete (24ms)
	LoadAllAssembliesAndSetupDomain (362ms)
		LoadAssemblies (293ms)
		RebuildTransferFunctionScriptingTraits (0ms)
		AnalyzeDomain (146ms)
			TypeCache.Refresh (6ms)
				TypeCache.ScanAssembly (0ms)
			BuildScriptInfoCaches (128ms)
			ResolveRequiredComponents (7ms)
	FinalizeReload (631ms)
		ReleaseScriptCaches (0ms)
		RebuildScriptCaches (0ms)
		SetupLoadedEditorAssemblies (510ms)
			LogAssemblyErrors (0ms)
			InitializePlatformSupportModulesInManaged (1ms)
			SetLoadedEditorAssemblies (4ms)
			BeforeProcessingInitializeOnLoad (105ms)
			ProcessInitializeOnLoadAttributes (331ms)
			ProcessInitializeOnLoadMethodAttributes (62ms)
			AfterProcessingInitializeOnLoad (6ms)
			EditorAssembliesLoaded (0ms)
		ExecutionOrderSort2 (0ms)
		AwakeInstancesAfterBackupRestoration (16ms)
Refreshing native plugins compatible for Editor in 0.97 ms, found 3 plugins.
Preloading 0 native plugins for Editor in 0.00 ms.
Unloading 16 Unused Serialized files (Serialized files now loaded: 0)
Unloading 6200 unused Assets / (4.3 MB). Loaded Objects now: 7159.
Memory consumption went from 169.6 MB to 165.3 MB.
Total: 8.197100 ms (FindLiveObjects: 0.600100 ms CreateObjectMapping: 0.500600 ms MarkObjects: 5.272300 ms  DeleteObjects: 1.823000 ms)

Prepare: number of updated asset objects reloaded= 0
========================================================================
Received Prepare
Begin MonoManager ReloadAssembly
[Licensing::Client] Successfully resolved entitlement details
- Loaded All Assemblies, in  0.594 seconds
Refreshing native plugins compatible for Editor in 0.57 ms, found 3 plugins.
Native extension for WindowsStandalone target not found
[Package Manager] Failed to launch server process. Reason: Unity was launched with the -noUpm command-line argument
[Package Manager] Unable to send message (not connected to server process).
[Package Manager] Cannot connect to Unity Package Manager local server
ScheduleIndexationOnStartup MainProcess:False IndexOnStartup:True
Mono: successfully reloaded assembly
- Finished resetting the current domain, in  0.630 seconds
Domain Reload Profiling: 1223ms
	BeginReloadAssembly (172ms)
		ExecutionOrderSort (0ms)
		DisableScriptedObjects (5ms)
		BackupInstance (0ms)
		ReleaseScriptingObjects (0ms)
		CreateAndSetChildDomain (39ms)
	RebuildCommonClasses (32ms)
	RebuildNativeTypeToScriptingClass (10ms)
	initialDomainReloadingComplete (24ms)
	LoadAllAssembliesAndSetupDomain (355ms)
		LoadAssemblies (288ms)
		RebuildTransferFunctionScriptingTraits (0ms)
		AnalyzeDomain (142ms)
			TypeCache.Refresh (6ms)
				TypeCache.ScanAssembly (0ms)
			BuildScriptInfoCaches (124ms)
			ResolveRequiredComponents (8ms)
	FinalizeReload (631ms)
		ReleaseScriptCaches (0ms)
		RebuildScriptCaches (0ms)
		SetupLoadedEditorAssemblies (507ms)
			LogAssemblyErrors (0ms)
			InitializePlatformSupportModulesInManaged (1ms)
			SetLoadedEditorAssemblies (4ms)
			BeforeProcessingInitializeOnLoad (104ms)
			ProcessInitializeOnLoadAttributes (337ms)
			ProcessInitializeOnLoadMethodAttributes (54ms)
			AfterProcessingInitializeOnLoad (7ms)
			EditorAssembliesLoaded (0ms)
		ExecutionOrderSort2 (0ms)
		AwakeInstancesAfterBackupRestoration (17ms)
Refreshing native plugins compatible for Editor in 0.94 ms, found 3 plugins.
Preloading 0 native plugins for Editor in 0.00 ms.
Unloading 16 Unused Serialized files (Serialized files now loaded: 0)
Unloading 6200 unused Assets / (4.5 MB). Loaded Objects now: 7162.
Memory consumption went from 169.6 MB to 165.1 MB.
Total: 7.876300 ms (FindLiveObjects: 0.641200 ms CreateObjectMapping: 0.434500 ms MarkObjects: 4.639000 ms  DeleteObjects: 2.160100 ms)

Prepare: number of updated asset objects reloaded= 0
========================================================================
Received Prepare
Begin MonoManager ReloadAssembly
[Licensing::Client] Successfully resolved entitlement details
- Loaded All Assemblies, in  0.870 seconds
Refreshing native plugins compatible for Editor in 0.58 ms, found 3 plugins.
Native extension for WindowsStandalone target not found
[Package Manager] Failed to launch server process. Reason: Unity was launched with the -noUpm command-line argument
[Package Manager] Unable to send message (not connected to server process).
[Package Manager] Cannot connect to Unity Package Manager local server
ScheduleIndexationOnStartup MainProcess:False IndexOnStartup:True
Mono: successfully reloaded assembly
- Finished resetting the current domain, in  0.701 seconds
Domain Reload Profiling: 1571ms
	BeginReloadAssembly (290ms)
		ExecutionOrderSort (0ms)
		DisableScriptedObjects (20ms)
		BackupInstance (0ms)
		ReleaseScriptingObjects (0ms)
		CreateAndSetChildDomain (88ms)
	RebuildCommonClasses (30ms)
	RebuildNativeTypeToScriptingClass (10ms)
	initialDomainReloadingComplete (25ms)
	LoadAllAssembliesAndSetupDomain (516ms)
		LoadAssemblies (454ms)
		RebuildTransferFunctionScriptingTraits (0ms)
		AnalyzeDomain (160ms)
			TypeCache.Refresh (7ms)
				TypeCache.ScanAssembly (0ms)
			BuildScriptInfoCaches (139ms)
			ResolveRequiredComponents (8ms)
	FinalizeReload (701ms)
		ReleaseScriptCaches (0ms)
		RebuildScriptCaches (0ms)
		SetupLoadedEditorAssemblies (573ms)
			LogAssemblyErrors (0ms)
			InitializePlatformSupportModulesInManaged (1ms)
			SetLoadedEditorAssemblies (4ms)
			BeforeProcessingInitializeOnLoad (108ms)
			ProcessInitializeOnLoadAttributes (393ms)
			ProcessInitializeOnLoadMethodAttributes (61ms)
			AfterProcessingInitializeOnLoad (6ms)
			EditorAssembliesLoaded (0ms)
		ExecutionOrderSort2 (0ms)
		AwakeInstancesAfterBackupRestoration (15ms)
Refreshing native plugins compatible for Editor in 1.00 ms, found 3 plugins.
Preloading 0 native plugins for Editor in 0.00 ms.
Unloading 16 Unused Serialized files (Serialized files now loaded: 0)
Unloading 6200 unused Assets / (4.5 MB). Loaded Objects now: 7165.
Memory consumption went from 169.7 MB to 165.2 MB.
Total: 9.074700 ms (FindLiveObjects: 0.744200 ms CreateObjectMapping: 0.393800 ms MarkObjects: 5.376800 ms  DeleteObjects: 2.558800 ms)

Prepare: number of updated asset objects reloaded= 0
========================================================================
Received Prepare
Refreshing native plugins compatible for Editor in 2.25 ms, found 3 plugins.
Preloading 0 native plugins for Editor in 0.00 ms.
Unloading 16 Unused Serialized files (Serialized files now loaded: 0)
Unloading 6194 unused Assets / (4.1 MB). Loaded Objects now: 7165.
Memory consumption went from 169.9 MB to 165.8 MB.
Total: 9.984600 ms (FindLiveObjects: 0.965500 ms CreateObjectMapping: 0.572300 ms MarkObjects: 6.315800 ms  DeleteObjects: 2.129300 ms)

Prepare: number of updated asset objects reloaded= 0
========================================================================
Received Prepare
Begin MonoManager ReloadAssembly
- Loaded All Assemblies, in  1.058 seconds
Refreshing native plugins compatible for Editor in 1.67 ms, found 3 plugins.
Native extension for WindowsStandalone target not found
[Package Manager] Failed to launch server process. Reason: Unity was launched with the -noUpm command-line argument
[Package Manager] Unable to send message (not connected to server process).
[Package Manager] Cannot connect to Unity Package Manager local server
ScheduleIndexationOnStartup MainProcess:False IndexOnStartup:True
Mono: successfully reloaded assembly
- Finished resetting the current domain, in  1.339 seconds
Domain Reload Profiling: 2393ms
	BeginReloadAssembly (274ms)
		ExecutionOrderSort (0ms)
		DisableScriptedObjects (7ms)
		BackupInstance (0ms)
		ReleaseScriptingObjects (0ms)
		CreateAndSetChildDomain (49ms)
	RebuildCommonClasses (47ms)
	RebuildNativeTypeToScriptingClass (18ms)
	initialDomainReloadingComplete (33ms)
	LoadAllAssembliesAndSetupDomain (680ms)
		LoadAssemblies (534ms)
		RebuildTransferFunctionScriptingTraits (0ms)
		AnalyzeDomain (288ms)
			TypeCache.Refresh (18ms)
				TypeCache.ScanAssembly (1ms)
			BuildScriptInfoCaches (249ms)
			ResolveRequiredComponents (15ms)
	FinalizeReload (1340ms)
		ReleaseScriptCaches (0ms)
		RebuildScriptCaches (0ms)
		SetupLoadedEditorAssemblies (1086ms)
			LogAssemblyErrors (0ms)
			InitializePlatformSupportModulesInManaged (3ms)
			SetLoadedEditorAssemblies (7ms)
			BeforeProcessingInitializeOnLoad (281ms)
			ProcessInitializeOnLoadAttributes (678ms)
			ProcessInitializeOnLoadMethodAttributes (104ms)
			AfterProcessingInitializeOnLoad (13ms)
			EditorAssembliesLoaded (0ms)
		ExecutionOrderSort2 (0ms)
		AwakeInstancesAfterBackupRestoration (26ms)
Refreshing native plugins compatible for Editor in 2.25 ms, found 3 plugins.
Preloading 0 native plugins for Editor in 0.00 ms.
Unloading 16 Unused Serialized files (Serialized files now loaded: 0)
Unloading 6200 unused Assets / (3.0 MB). Loaded Objects now: 7168.
Memory consumption went from 169.7 MB to 166.7 MB.
Total: 12.253400 ms (FindLiveObjects: 1.062600 ms CreateObjectMapping: 0.747000 ms MarkObjects: 8.642900 ms  DeleteObjects: 1.799600 ms)

Prepare: number of updated asset objects reloaded= 0
========================================================================
Received Import Request.
  Time since last request: 55554.046796 seconds.
  path: Assets/Scripts/RangedEnemyAI.cs
  artifactKey: Guid(2ce1a40d5e6404b4ba5c98e4231d1820) Importer(2089858483,b0f066a214c2f5e87bad3c948f4d605d)
Start importing Assets/Scripts/RangedEnemyAI.cs using Guid(2ce1a40d5e6404b4ba5c98e4231d1820) Importer(2089858483,b0f066a214c2f5e87bad3c948f4d605d) (ScriptedImporter) -> (artifact id: '57ab0feeb574c09852b19cd4bf151e06') in 0.183214 seconds
Number of updated asset objects reloaded before import = 0Number of asset objects unloaded after import = 0

========================================================================
Received Import Request.
  Time since last request: 49.423604 seconds.
  path: Assets/Spiders/Materials
  artifactKey: Guid(cf6bc2a376f4cfc4794bb4f2d33a00b1) Importer(815301076,1909f56bfc062723c751e8b465ee728b)
Start importing Assets/Spiders/Materials using Guid(cf6bc2a376f4cfc4794bb4f2d33a00b1) Importer(815301076,1909f56bfc062723c751e8b465ee728b) (PreviewImporter) -> (artifact id: '20ea086c8f5325c3d5efd1927d78dec4') in 0.0007542 seconds
Number of updated asset objects reloaded before import = 0Number of asset objects unloaded after import = 0

========================================================================
Received Import Request.
  Time since last request: 9.249989 seconds.
  path: Assets/Low Poly Guns/Materials
  artifactKey: Guid(0111d8d74912ed140991cd6134b8300d) Importer(815301076,1909f56bfc062723c751e8b465ee728b)
Start importing Assets/Low Poly Guns/Materials using Guid(0111d8d74912ed140991cd6134b8300d) Importer(815301076,1909f56bfc062723c751e8b465ee728b) (PreviewImporter) -> (artifact id: '9ae7357b6d38669e83cb35157bf4c21a') in 0.0006234 seconds
Number of updated asset objects reloaded before import = 0Number of asset objects unloaded after import = 0

========================================================================
Received Import Request.
  Time since last request: 7.605813 seconds.
  path: Assets/ASSENTS/Tiny_Toony_City_Demo/Materials
  artifactKey: Guid(dd2fbb1a397482846a8f61682d5e6097) Importer(815301076,1909f56bfc062723c751e8b465ee728b)
Start importing Assets/ASSENTS/Tiny_Toony_City_Demo/Materials using Guid(dd2fbb1a397482846a8f61682d5e6097) Importer(815301076,1909f56bfc062723c751e8b465ee728b) (PreviewImporter) -> (artifact id: '8a501707a732443ec8aef6fe1391acbb') in 0.000619 seconds
Number of updated asset objects reloaded before import = 0Number of asset objects unloaded after import = 0

========================================================================
Received Import Request.
  Time since last request: 0.049297 seconds.
  path: Assets/ASSENTS/Tiny_Toony_City_Demo/Materials/M_Cars.mat
  artifactKey: Guid(4f28036b2fdd7824f904e56de7c6c1e6) Importer(815301076,1909f56bfc062723c751e8b465ee728b)
Start importing Assets/ASSENTS/Tiny_Toony_City_Demo/Materials/M_Cars.mat using Guid(4f28036b2fdd7824f904e56de7c6c1e6) Importer(815301076,1909f56bfc062723c751e8b465ee728b) (PreviewImporter) -> (artifact id: 'e50d355cff69bbe2d4d3b73714e24352') in 0.3447857 seconds
Number of updated asset objects reloaded before import = 0Number of asset objects unloaded after import = 2

========================================================================
Received Import Request.
  Time since last request: 16.515162 seconds.
  path: Assets/ArtStore3D/Zombie/Editor
  artifactKey: Guid(4bb640cbd8e157042a407f5d5270b19d) Importer(815301076,1909f56bfc062723c751e8b465ee728b)
Start importing Assets/ArtStore3D/Zombie/Editor using Guid(4bb640cbd8e157042a407f5d5270b19d) Importer(815301076,1909f56bfc062723c751e8b465ee728b) (PreviewImporter) -> (artifact id: '27b89d01532e4e782e5db36349824cee') in 0.0005755 seconds
Number of updated asset objects reloaded before import = 0Number of asset objects unloaded after import = 0

========================================================================
Received Import Request.
  Time since last request: 33.196880 seconds.
  path: Assets/bala araña.prefab
  artifactKey: Guid(1e113228d845ef44b9be4795f1af53b1) Importer(815301076,1909f56bfc062723c751e8b465ee728b)
Start importing Assets/bala araña.prefab using Guid(1e113228d845ef44b9be4795f1af53b1) Importer(815301076,1909f56bfc062723c751e8b465ee728b) (PreviewImporter) -> (artifact id: '20614151b7334536f503d567191b300c') in 0.0413601 seconds
Number of updated asset objects reloaded before import = 0Number of asset objects unloaded after import = 11

========================================================================
Received Import Request.
  Time since last request: 3.742037 seconds.
  path: Assets/bala araña.prefab
  artifactKey: Guid(1e113228d845ef44b9be4795f1af53b1) Importer(2089858483,b0f066a214c2f5e87bad3c948f4d605d)
Start importing Assets/bala araña.prefab using Guid(1e113228d845ef44b9be4795f1af53b1) Importer(2089858483,b0f066a214c2f5e87bad3c948f4d605d) (ScriptedImporter) -> (artifact id: 'ddb3ca1c226cc2bd9ac3d89a7cb48564') in 0.0295619 seconds
Number of updated asset objects reloaded before import = 0Number of asset objects unloaded after import = 8

========================================================================
Received Prepare
Begin MonoManager ReloadAssembly
[Licensing::Client] Successfully resolved entitlement details
- Loaded All Assemblies, in  0.637 seconds
Refreshing native plugins compatible for Editor in 0.63 ms, found 3 plugins.
Native extension for WindowsStandalone target not found
[Package Manager] Failed to launch server process. Reason: Unity was launched with the -noUpm command-line argument
[Package Manager] Unable to send message (not connected to server process).
[Package Manager] Cannot connect to Unity Package Manager local server
ScheduleIndexationOnStartup MainProcess:False IndexOnStartup:True
Mono: successfully reloaded assembly
- Finished resetting the current domain, in  0.614 seconds
Domain Reload Profiling: 1251ms
	BeginReloadAssembly (205ms)
		ExecutionOrderSort (0ms)
		DisableScriptedObjects (15ms)
		BackupInstance (0ms)
		ReleaseScriptingObjects (0ms)
		CreateAndSetChildDomain (58ms)
	RebuildCommonClasses (35ms)
	RebuildNativeTypeToScriptingClass (11ms)
	initialDomainReloadingComplete (25ms)
	LoadAllAssembliesAndSetupDomain (360ms)
		LoadAssemblies (302ms)
		RebuildTransferFunctionScriptingTraits (0ms)
		AnalyzeDomain (141ms)
			TypeCache.Refresh (6ms)
				TypeCache.ScanAssembly (0ms)
			BuildScriptInfoCaches (123ms)
			ResolveRequiredComponents (8ms)
	FinalizeReload (614ms)
		ReleaseScriptCaches (0ms)
		RebuildScriptCaches (0ms)
		SetupLoadedEditorAssemblies (491ms)
			LogAssemblyErrors (0ms)
			InitializePlatformSupportModulesInManaged (1ms)
			SetLoadedEditorAssemblies (4ms)
			BeforeProcessingInitializeOnLoad (101ms)
			ProcessInitializeOnLoadAttributes (329ms)
			ProcessInitializeOnLoadMethodAttributes (50ms)
			AfterProcessingInitializeOnLoad (5ms)
			EditorAssembliesLoaded (0ms)
		ExecutionOrderSort2 (0ms)
		AwakeInstancesAfterBackupRestoration (12ms)
Refreshing native plugins compatible for Editor in 0.94 ms, found 3 plugins.
Preloading 0 native plugins for Editor in 0.00 ms.
Unloading 16 Unused Serialized files (Serialized files now loaded: 0)
Unloading 6200 unused Assets / (4.3 MB). Loaded Objects now: 7192.
Memory consumption went from 169.9 MB to 165.6 MB.
Total: 8.636500 ms (FindLiveObjects: 0.561100 ms CreateObjectMapping: 0.452200 ms MarkObjects: 5.312400 ms  DeleteObjects: 2.309200 ms)

Prepare: number of updated asset objects reloaded= 0
========================================================================
Received Prepare
Refreshing native plugins compatible for Editor in 1.57 ms, found 3 plugins.
Preloading 0 native plugins for Editor in 0.00 ms.
Unloading 16 Unused Serialized files (Serialized files now loaded: 0)
Unloading 6194 unused Assets / (2.5 MB). Loaded Objects now: 7192.
Memory consumption went from 170.0 MB to 167.4 MB.
Total: 17.644200 ms (FindLiveObjects: 1.830900 ms CreateObjectMapping: 0.897000 ms MarkObjects: 12.105700 ms  DeleteObjects: 2.809000 ms)

Prepare: number of updated asset objects reloaded= 0
========================================================================
Received Prepare
Begin MonoManager ReloadAssembly
[Licensing::Client] Successfully resolved entitlement details
- Loaded All Assemblies, in  1.368 seconds
Refreshing native plugins compatible for Editor in 2.03 ms, found 3 plugins.
Native extension for WindowsStandalone target not found
[Package Manager] Failed to launch server process. Reason: Unity was launched with the -noUpm command-line argument
[Package Manager] Unable to send message (not connected to server process).
[Package Manager] Cannot connect to Unity Package Manager local server
ScheduleIndexationOnStartup MainProcess:False IndexOnStartup:True
Mono: successfully reloaded assembly
- Finished resetting the current domain, in  1.416 seconds
Domain Reload Profiling: 2778ms
	BeginReloadAssembly (382ms)
		ExecutionOrderSort (0ms)
		DisableScriptedObjects (11ms)
		BackupInstance (0ms)
		ReleaseScriptingObjects (0ms)
		CreateAndSetChildDomain (57ms)
	RebuildCommonClasses (73ms)
	RebuildNativeTypeToScriptingClass (21ms)
	initialDomainReloadingComplete (50ms)
	LoadAllAssembliesAndSetupDomain (835ms)
		LoadAssemblies (714ms)
		RebuildTransferFunctionScriptingTraits (0ms)
		AnalyzeDomain (325ms)
			TypeCache.Refresh (14ms)
				TypeCache.ScanAssembly (1ms)
			BuildScriptInfoCaches (289ms)
			ResolveRequiredComponents (17ms)
	FinalizeReload (1417ms)
		ReleaseScriptCaches (0ms)
		RebuildScriptCaches (0ms)
		SetupLoadedEditorAssemblies (1175ms)
			LogAssemblyErrors (0ms)
			InitializePlatformSupportModulesInManaged (2ms)
			SetLoadedEditorAssemblies (7ms)
			BeforeProcessingInitializeOnLoad (323ms)
			ProcessInitializeOnLoadAttributes (732ms)
			ProcessInitializeOnLoadMethodAttributes (98ms)
			AfterProcessingInitializeOnLoad (13ms)
			EditorAssembliesLoaded (0ms)
		ExecutionOrderSort2 (0ms)
		AwakeInstancesAfterBackupRestoration (27ms)
Refreshing native plugins compatible for Editor in 2.17 ms, found 3 plugins.
Preloading 0 native plugins for Editor in 0.00 ms.
Unloading 16 Unused Serialized files (Serialized files now loaded: 0)
Unloading 6200 unused Assets / (3.7 MB). Loaded Objects now: 7195.
Memory consumption went from 169.8 MB to 166.1 MB.
Total: 10.469100 ms (FindLiveObjects: 0.993500 ms CreateObjectMapping: 0.678600 ms MarkObjects: 6.467600 ms  DeleteObjects: 2.327800 ms)

Prepare: number of updated asset objects reloaded= 0
========================================================================
Received Prepare
Refreshing native plugins compatible for Editor in 1.91 ms, found 3 plugins.
Preloading 0 native plugins for Editor in 0.00 ms.
Unloading 16 Unused Serialized files (Serialized files now loaded: 0)
Unloading 6194 unused Assets / (2.7 MB). Loaded Objects now: 7195.
Memory consumption went from 170.0 MB to 167.3 MB.
Total: 11.198700 ms (FindLiveObjects: 1.125900 ms CreateObjectMapping: 0.738600 ms MarkObjects: 7.165000 ms  DeleteObjects: 2.166600 ms)

Prepare: number of updated asset objects reloaded= 0
========================================================================
Received Prepare
Begin MonoManager ReloadAssembly
- Loaded All Assemblies, in  1.239 seconds
Refreshing native plugins compatible for Editor in 1.97 ms, found 3 plugins.
Native extension for WindowsStandalone target not found
[Package Manager] Failed to launch server process. Reason: Unity was launched with the -noUpm command-line argument
[Package Manager] Unable to send message (not connected to server process).
[Package Manager] Cannot connect to Unity Package Manager local server
ScheduleIndexationOnStartup MainProcess:False IndexOnStartup:True
Mono: successfully reloaded assembly
- Finished resetting the current domain, in  0.664 seconds
Domain Reload Profiling: 1894ms
	BeginReloadAssembly (306ms)
		ExecutionOrderSort (0ms)
		DisableScriptedObjects (8ms)
		BackupInstance (0ms)
		ReleaseScriptingObjects (0ms)
		CreateAndSetChildDomain (57ms)
	RebuildCommonClasses (58ms)
	RebuildNativeTypeToScriptingClass (22ms)
	initialDomainReloadingComplete (53ms)
	LoadAllAssembliesAndSetupDomain (791ms)
		LoadAssemblies (654ms)
		RebuildTransferFunctionScriptingTraits (0ms)
		AnalyzeDomain (304ms)
			TypeCache.Refresh (13ms)
				TypeCache.ScanAssembly (1ms)
			BuildScriptInfoCaches (269ms)
			ResolveRequiredComponents (16ms)
	FinalizeReload (665ms)
		ReleaseScriptCaches (0ms)
		RebuildScriptCaches (0ms)
		SetupLoadedEditorAssemblies (495ms)
			LogAssemblyErrors (0ms)
			InitializePlatformSupportModulesInManaged (1ms)
			SetLoadedEditorAssemblies (4ms)
			BeforeProcessingInitializeOnLoad (115ms)
			ProcessInitializeOnLoadAttributes (326ms)
			ProcessInitializeOnLoadMethodAttributes (45ms)
			AfterProcessingInitializeOnLoad (4ms)
			EditorAssembliesLoaded (0ms)
		ExecutionOrderSort2 (0ms)
		AwakeInstancesAfterBackupRestoration (11ms)
Refreshing native plugins compatible for Editor in 0.67 ms, found 3 plugins.
Preloading 0 native plugins for Editor in 0.00 ms.
Unloading 16 Unused Serialized files (Serialized files now loaded: 0)
Unloading 6200 unused Assets / (4.6 MB). Loaded Objects now: 7198.
Memory consumption went from 169.9 MB to 165.4 MB.
Total: 7.563100 ms (FindLiveObjects: 0.506400 ms CreateObjectMapping: 0.557500 ms MarkObjects: 4.590400 ms  DeleteObjects: 1.907800 ms)

Prepare: number of updated asset objects reloaded= 0
========================================================================
Received Prepare
Begin MonoManager ReloadAssembly
- Loaded All Assemblies, in  0.593 seconds
Refreshing native plugins compatible for Editor in 0.55 ms, found 3 plugins.
Native extension for WindowsStandalone target not found
[Package Manager] Failed to launch server process. Reason: Unity was launched with the -noUpm command-line argument
[Package Manager] Unable to send message (not connected to server process).
[Package Manager] Cannot connect to Unity Package Manager local server
ScheduleIndexationOnStartup MainProcess:False IndexOnStartup:True
Mono: successfully reloaded assembly
- Finished resetting the current domain, in  0.596 seconds
Domain Reload Profiling: 1188ms
	BeginReloadAssembly (170ms)
		ExecutionOrderSort (0ms)
		DisableScriptedObjects (4ms)
		BackupInstance (0ms)
		ReleaseScriptingObjects (0ms)
		CreateAndSetChildDomain (40ms)
	RebuildCommonClasses (29ms)
	RebuildNativeTypeToScriptingClass (13ms)
	initialDomainReloadingComplete (25ms)
	LoadAllAssembliesAndSetupDomain (355ms)
		LoadAssemblies (281ms)
		RebuildTransferFunctionScriptingTraits (0ms)
		AnalyzeDomain (149ms)
			TypeCache.Refresh (6ms)
				TypeCache.ScanAssembly (0ms)
			BuildScriptInfoCaches (130ms)
			ResolveRequiredComponents (8ms)
	FinalizeReload (596ms)
		ReleaseScriptCaches (0ms)
		RebuildScriptCaches (0ms)
		SetupLoadedEditorAssemblies (474ms)
			LogAssemblyErrors (0ms)
			InitializePlatformSupportModulesInManaged (1ms)
			SetLoadedEditorAssemblies (4ms)
			BeforeProcessingInitializeOnLoad (99ms)
			ProcessInitializeOnLoadAttributes (321ms)
			ProcessInitializeOnLoadMethodAttributes (44ms)
			AfterProcessingInitializeOnLoad (4ms)
			EditorAssembliesLoaded (0ms)
		ExecutionOrderSort2 (0ms)
		AwakeInstancesAfterBackupRestoration (14ms)
Refreshing native plugins compatible for Editor in 1.04 ms, found 3 plugins.
Preloading 0 native plugins for Editor in 0.00 ms.
Unloading 16 Unused Serialized files (Serialized files now loaded: 0)
Unloading 6200 unused Assets / (4.8 MB). Loaded Objects now: 7201.
Memory consumption went from 170.0 MB to 165.2 MB.
Total: 9.898300 ms (FindLiveObjects: 0.616900 ms CreateObjectMapping: 0.715200 ms MarkObjects: 5.731500 ms  DeleteObjects: 2.833700 ms)

Prepare: number of updated asset objects reloaded= 0
========================================================================
Received Import Request.
  Time since last request: 463.621665 seconds.
  path: Assets/Scripts/BulletVisual.cs
  artifactKey: Guid(4d350281f5735a64898964254355629b) Importer(2089858483,b0f066a214c2f5e87bad3c948f4d605d)
Start importing Assets/Scripts/BulletVisual.cs using Guid(4d350281f5735a64898964254355629b) Importer(2089858483,b0f066a214c2f5e87bad3c948f4d605d) (ScriptedImporter) -> (artifact id: '5ede4d2a63a913d858a149b36368c3b6') in 0.0917305 seconds
Number of updated asset objects reloaded before import = 0Number of asset objects unloaded after import = 0

========================================================================
Received Import Request.
  Time since last request: 2.471590 seconds.
  path: Assets/enemigos
  artifactKey: Guid(91d39c7888216844e9c7415d959fd651) Importer(815301076,1909f56bfc062723c751e8b465ee728b)
Start importing Assets/enemigos using Guid(91d39c7888216844e9c7415d959fd651) Importer(815301076,1909f56bfc062723c751e8b465ee728b) (PreviewImporter) -> (artifact id: '043a2c9f9f8d6e3bb9b803d5cd672bdc') in 0.0008124 seconds
Number of updated asset objects reloaded before import = 0Number of asset objects unloaded after import = 0

========================================================================
Received Import Request.
  Time since last request: 0.936512 seconds.
  path: Assets/enemigos
  artifactKey: Guid(91d39c7888216844e9c7415d959fd651) Importer(2089858483,b0f066a214c2f5e87bad3c948f4d605d)
Start importing Assets/enemigos using Guid(91d39c7888216844e9c7415d959fd651) Importer(2089858483,b0f066a214c2f5e87bad3c948f4d605d) (ScriptedImporter) -> (artifact id: '4171cc5f7a65b0cc7e0f6c7ba430b896') in 0.0029267 seconds
Number of updated asset objects reloaded before import = 0Number of asset objects unloaded after import = 1

========================================================================
Received Import Request.
  Time since last request: 3.131993 seconds.
  path: Assets/enemigos/ENEMIGO 2.prefab
  artifactKey: Guid(329a7bca0ee8cad42974423f94c5c71d) Importer(815301076,1909f56bfc062723c751e8b465ee728b)
Start importing Assets/enemigos/ENEMIGO 2.prefab using Guid(329a7bca0ee8cad42974423f94c5c71d) Importer(815301076,1909f56bfc062723c751e8b465ee728b) (PreviewImporter)The Animator Controller (animador de araña) you have used is not valid. Animations will not play
UnityEngine.Debug:ExtractStackTraceNoAlloc (byte*,int,string)
UnityEngine.StackTraceUtility:ExtractStackTrace ()
UnityEditor.EditorUtility:Internal_InstantiateRemoveAllNonAnimationComponentsSingle (UnityEngine.Object,UnityEngine.Vector3,UnityEngine.Quaternion)
UnityEditor.EditorUtility:InstantiateRemoveAllNonAnimationComponents (UnityEngine.Object,UnityEngine.Vector3,UnityEngine.Quaternion)
UnityEditor.EditorUtility:InstantiateForAnimatorPreview (UnityEngine.Object)
UnityEditor.GameObjectInspector/PreviewData:UpdateGameObject (UnityEngine.Object)
UnityEditor.GameObjectInspector/PreviewData:.ctor (UnityEngine.Object,bool)
UnityEditor.GameObjectInspector:GetPreviewData (bool)
UnityEditor.GameObjectInspector:RenderStaticPreview (string,UnityEngine.Object[],int,int)
UnityEditor.AssetPreviewUpdater:CreatePreview (UnityEngine.Object,UnityEngine.Object[],string,int,int)
UnityEditor.AssetPreviewUpdater:CreatePreviewForAsset (UnityEngine.Object,UnityEngine.Object[],string)

[C:\build\output\unity\unity\Modules\Animation\Director\AnimatorControllerPlayable.cpp line 332]

 -> (artifact id: '5c5af4a41bcd3f9fc838de1c2e3c25fb') in 0.3898277 seconds
Number of updated asset objects reloaded before import = 0Number of asset objects unloaded after import = 396

========================================================================
Received Import Request.
  Time since last request: 0.563065 seconds.
  path: Assets/enemigos/ENEMIGO 2.prefab
  artifactKey: Guid(329a7bca0ee8cad42974423f94c5c71d) Importer(2089858483,b0f066a214c2f5e87bad3c948f4d605d)
Start importing Assets/enemigos/ENEMIGO 2.prefab using Guid(329a7bca0ee8cad42974423f94c5c71d) Importer(2089858483,b0f066a214c2f5e87bad3c948f4d605d) (ScriptedImporter) -> (artifact id: '6566eebd535435c0088823dbb81fce1d') in 0.0445068 seconds
Number of updated asset objects reloaded before import = 0Number of asset objects unloaded after import = 387

========================================================================
Received Import Request.
  Time since last request: 10.875183 seconds.
  path: Assets/enemigos/personaje.prefab
  artifactKey: Guid(d4013d3037be46f4e95a23aca39c3308) Importer(815301076,1909f56bfc062723c751e8b465ee728b)
Start importing Assets/enemigos/personaje.prefab using Guid(d4013d3037be46f4e95a23aca39c3308) Importer(815301076,1909f56bfc062723c751e8b465ee728b) (PreviewImporter) -> (artifact id: '8d97b5770d637f9fe9c2f99e15ea0bcb') in 0.0336118 seconds
Number of updated asset objects reloaded before import = 0Number of asset objects unloaded after import = 178

========================================================================
Received Import Request.
  Time since last request: 0.916662 seconds.
  path: Assets/enemigos/personaje.prefab
  artifactKey: Guid(d4013d3037be46f4e95a23aca39c3308) Importer(2089858483,b0f066a214c2f5e87bad3c948f4d605d)
Start importing Assets/enemigos/personaje.prefab using Guid(d4013d3037be46f4e95a23aca39c3308) Importer(2089858483,b0f066a214c2f5e87bad3c948f4d605d) (ScriptedImporter) -> (artifact id: '5ed3cbb32fbb86568d841a8c59ea1498') in 0.0091871 seconds
Number of updated asset objects reloaded before import = 0Number of asset objects unloaded after import = 165

========================================================================
Received Import Request.
  Time since last request: 10.996858 seconds.
  path: Assets/enemigos/enemigo Variant.prefab
  artifactKey: Guid(f051ed3317931a2498339d192c4b9024) Importer(815301076,1909f56bfc062723c751e8b465ee728b)
Start importing Assets/enemigos/enemigo Variant.prefab using Guid(f051ed3317931a2498339d192c4b9024) Importer(815301076,1909f56bfc062723c751e8b465ee728b) (PreviewImporter) -> (artifact id: 'bc45e58f4a22de94e4ada6dbf902614d') in 0.0768021 seconds
Number of updated asset objects reloaded before import = 0Number of asset objects unloaded after import = 422

========================================================================
Received Import Request.
  Time since last request: 0.870072 seconds.
  path: Assets/enemigos/enemigo Variant.prefab
  artifactKey: Guid(f051ed3317931a2498339d192c4b9024) Importer(2089858483,b0f066a214c2f5e87bad3c948f4d605d)
Start importing Assets/enemigos/enemigo Variant.prefab using Guid(f051ed3317931a2498339d192c4b9024) Importer(2089858483,b0f066a214c2f5e87bad3c948f4d605d) (ScriptedImporter) -> (artifact id: 'e084530d628e8f532ff6ee8976e7bc26') in 0.01224 seconds
Number of updated asset objects reloaded before import = 0Number of asset objects unloaded after import = 415

========================================================================
Received Prepare
Refreshing native plugins compatible for Editor in 0.66 ms, found 3 plugins.
Preloading 0 native plugins for Editor in 0.00 ms.
Unloading 16 Unused Serialized files (Serialized files now loaded: 0)
Unloading 6196 unused Assets / (4.3 MB). Loaded Objects now: 7315.
Memory consumption went from 175.5 MB to 171.2 MB.
Total: 9.701600 ms (FindLiveObjects: 0.526800 ms CreateObjectMapping: 0.418800 ms MarkObjects: 6.750100 ms  DeleteObjects: 2.004900 ms)

Prepare: number of updated asset objects reloaded= 0
========================================================================
Received Import Request.
  Time since last request: 194.659841 seconds.
  path: Assets/Scripts/GameManager.cs
  artifactKey: Guid(6eb940374ceaeb543998c240481b886d) Importer(815301076,1909f56bfc062723c751e8b465ee728b)
Start importing Assets/Scripts/GameManager.cs using Guid(6eb940374ceaeb543998c240481b886d) Importer(815301076,1909f56bfc062723c751e8b465ee728b) (PreviewImporter) -> (artifact id: 'd460388c95a20e1afaf51db6def51c5b') in 0.0065851 seconds
Number of updated asset objects reloaded before import = 0Number of asset objects unloaded after import = 0

========================================================================
Received Import Request.
  Time since last request: 0.548668 seconds.
  path: Assets/Scripts/GameManager.cs
  artifactKey: Guid(6eb940374ceaeb543998c240481b886d) Importer(2089858483,b0f066a214c2f5e87bad3c948f4d605d)
Start importing Assets/Scripts/GameManager.cs using Guid(6eb940374ceaeb543998c240481b886d) Importer(2089858483,b0f066a214c2f5e87bad3c948f4d605d) (ScriptedImporter) -> (artifact id: 'c191a225b04346e52606e2dc5e48f886') in 0.0030024 seconds
Number of updated asset objects reloaded before import = 0Number of asset objects unloaded after import = 0

========================================================================
Received Prepare
Refreshing native plugins compatible for Editor in 2.56 ms, found 3 plugins.
Preloading 0 native plugins for Editor in 0.00 ms.
Unloading 16 Unused Serialized files (Serialized files now loaded: 0)
Unloading 6195 unused Assets / (3.8 MB). Loaded Objects now: 7315.
Memory consumption went from 175.5 MB to 171.7 MB.
Total: 20.060800 ms (FindLiveObjects: 1.255700 ms CreateObjectMapping: 0.709300 ms MarkObjects: 13.717000 ms  DeleteObjects: 4.377200 ms)

Prepare: number of updated asset objects reloaded= 0
========================================================================
Received Import Request.
  Time since last request: 8.952211 seconds.
  path: Assets/Scripts/GameManager.cs
  artifactKey: Guid(6eb940374ceaeb543998c240481b886d) Importer(815301076,1909f56bfc062723c751e8b465ee728b)
Start importing Assets/Scripts/GameManager.cs using Guid(6eb940374ceaeb543998c240481b886d) Importer(815301076,1909f56bfc062723c751e8b465ee728b) (PreviewImporter) -> (artifact id: '0f1c85cc944c38110e26fcc08ade8547') in 0.0087474 seconds
Number of updated asset objects reloaded before import = 0Number of asset objects unloaded after import = 0

========================================================================
Received Import Request.
  Time since last request: 0.303457 seconds.
  path: Assets/Scripts/GameManager.cs
  artifactKey: Guid(6eb940374ceaeb543998c240481b886d) Importer(2089858483,b0f066a214c2f5e87bad3c948f4d605d)
Start importing Assets/Scripts/GameManager.cs using Guid(6eb940374ceaeb543998c240481b886d) Importer(2089858483,b0f066a214c2f5e87bad3c948f4d605d) (ScriptedImporter) -> (artifact id: '9b892d26f257515031ea2ad1c1bd53e2') in 0.0500709 seconds
Number of updated asset objects reloaded before import = 0Number of asset objects unloaded after import = 0

========================================================================
Received Prepare
Begin MonoManager ReloadAssembly
[Licensing::Client] Successfully resolved entitlement details
- Loaded All Assemblies, in  0.641 seconds
Refreshing native plugins compatible for Editor in 0.65 ms, found 3 plugins.
Native extension for WindowsStandalone target not found
[Package Manager] Failed to launch server process. Reason: Unity was launched with the -noUpm command-line argument
[Package Manager] Unable to send message (not connected to server process).
[Package Manager] Cannot connect to Unity Package Manager local server
ScheduleIndexationOnStartup MainProcess:False IndexOnStartup:True
Mono: successfully reloaded assembly
- Finished resetting the current domain, in  0.597 seconds
Domain Reload Profiling: 1238ms
	BeginReloadAssembly (207ms)
		ExecutionOrderSort (0ms)
		DisableScriptedObjects (17ms)
		BackupInstance (0ms)
		ReleaseScriptingObjects (0ms)
		CreateAndSetChildDomain (57ms)
	RebuildCommonClasses (31ms)
	RebuildNativeTypeToScriptingClass (10ms)
	initialDomainReloadingComplete (22ms)
	LoadAllAssembliesAndSetupDomain (372ms)
		LoadAssemblies (302ms)
		RebuildTransferFunctionScriptingTraits (0ms)
		AnalyzeDomain (153ms)
			TypeCache.Refresh (8ms)
				TypeCache.ScanAssembly (0ms)
			BuildScriptInfoCaches (133ms)
			ResolveRequiredComponents (8ms)
	FinalizeReload (597ms)
		ReleaseScriptCaches (0ms)
		RebuildScriptCaches (0ms)
		SetupLoadedEditorAssemblies (481ms)
			LogAssemblyErrors (0ms)
			InitializePlatformSupportModulesInManaged (1ms)
			SetLoadedEditorAssemblies (4ms)
			BeforeProcessingInitializeOnLoad (107ms)
			ProcessInitializeOnLoadAttributes (320ms)
			ProcessInitializeOnLoadMethodAttributes (44ms)
			AfterProcessingInitializeOnLoad (4ms)
			EditorAssembliesLoaded (0ms)
		ExecutionOrderSort2 (0ms)
		AwakeInstancesAfterBackupRestoration (11ms)
Refreshing native plugins compatible for Editor in 0.63 ms, found 3 plugins.
Preloading 0 native plugins for Editor in 0.00 ms.
Unloading 16 Unused Serialized files (Serialized files now loaded: 0)
Unloading 6201 unused Assets / (4.1 MB). Loaded Objects now: 7226.
Memory consumption went from 170.3 MB to 166.1 MB.
Total: 6.195600 ms (FindLiveObjects: 0.473000 ms CreateObjectMapping: 0.405000 ms MarkObjects: 3.848100 ms  DeleteObjects: 1.468900 ms)

Prepare: number of updated asset objects reloaded= 0
========================================================================
Received Prepare
Begin MonoManager ReloadAssembly
[Licensing::Client] Successfully resolved entitlement details
- Loaded All Assemblies, in  0.617 seconds
Refreshing native plugins compatible for Editor in 0.60 ms, found 3 plugins.
Native extension for WindowsStandalone target not found
[Package Manager] Failed to launch server process. Reason: Unity was launched with the -noUpm command-line argument
[Package Manager] Unable to send message (not connected to server process).
[Package Manager] Cannot connect to Unity Package Manager local server
ScheduleIndexationOnStartup MainProcess:False IndexOnStartup:True
Mono: successfully reloaded assembly
- Finished resetting the current domain, in  0.603 seconds
Domain Reload Profiling: 1220ms
	BeginReloadAssembly (181ms)
		ExecutionOrderSort (0ms)
		DisableScriptedObjects (5ms)
		BackupInstance (0ms)
		ReleaseScriptingObjects (0ms)
		CreateAndSetChildDomain (49ms)
	RebuildCommonClasses (28ms)
	RebuildNativeTypeToScriptingClass (13ms)
	initialDomainReloadingComplete (24ms)
	LoadAllAssembliesAndSetupDomain (370ms)
		LoadAssemblies (301ms)
		RebuildTransferFunctionScriptingTraits (0ms)
		AnalyzeDomain (147ms)
			TypeCache.Refresh (6ms)
				TypeCache.ScanAssembly (0ms)
			BuildScriptInfoCaches (128ms)
			ResolveRequiredComponents (9ms)
	FinalizeReload (603ms)
		ReleaseScriptCaches (0ms)
		RebuildScriptCaches (0ms)
		SetupLoadedEditorAssemblies (484ms)
			LogAssemblyErrors (0ms)
			InitializePlatformSupportModulesInManaged (1ms)
			SetLoadedEditorAssemblies (4ms)
			BeforeProcessingInitializeOnLoad (102ms)
			ProcessInitializeOnLoadAttributes (327ms)
			ProcessInitializeOnLoadMethodAttributes (45ms)
			AfterProcessingInitializeOnLoad (4ms)
			EditorAssembliesLoaded (0ms)
		ExecutionOrderSort2 (0ms)
		AwakeInstancesAfterBackupRestoration (12ms)
Refreshing native plugins compatible for Editor in 0.74 ms, found 3 plugins.
Preloading 0 native plugins for Editor in 0.00 ms.
Unloading 16 Unused Serialized files (Serialized files now loaded: 0)
Unloading 6201 unused Assets / (4.6 MB). Loaded Objects now: 7229.
Memory consumption went from 170.2 MB to 165.6 MB.
Total: 7.652400 ms (FindLiveObjects: 0.563500 ms CreateObjectMapping: 0.445800 ms MarkObjects: 4.311800 ms  DeleteObjects: 2.330400 ms)

Prepare: number of updated asset objects reloaded= 0
========================================================================
Received Prepare
Begin MonoManager ReloadAssembly
- Loaded All Assemblies, in  0.586 seconds
Refreshing native plugins compatible for Editor in 0.70 ms, found 3 plugins.
Native extension for WindowsStandalone target not found
[Package Manager] Failed to launch server process. Reason: Unity was launched with the -noUpm command-line argument
[Package Manager] Unable to send message (not connected to server process).
[Package Manager] Cannot connect to Unity Package Manager local server
ScheduleIndexationOnStartup MainProcess:False IndexOnStartup:True
Mono: successfully reloaded assembly
- Finished resetting the current domain, in  0.615 seconds
Domain Reload Profiling: 1201ms
	BeginReloadAssembly (167ms)
		ExecutionOrderSort (0ms)
		DisableScriptedObjects (4ms)
		BackupInstance (0ms)
		ReleaseScriptingObjects (0ms)
		CreateAndSetChildDomain (40ms)
	RebuildCommonClasses (27ms)
	RebuildNativeTypeToScriptingClass (14ms)
	initialDomainReloadingComplete (24ms)
	LoadAllAssembliesAndSetupDomain (353ms)
		LoadAssemblies (284ms)
		RebuildTransferFunctionScriptingTraits (0ms)
		AnalyzeDomain (143ms)
			TypeCache.Refresh (6ms)
				TypeCache.ScanAssembly (0ms)
			BuildScriptInfoCaches (126ms)
			ResolveRequiredComponents (8ms)
	FinalizeReload (616ms)
		ReleaseScriptCaches (0ms)
		RebuildScriptCaches (0ms)
		SetupLoadedEditorAssemblies (490ms)
			LogAssemblyErrors (0ms)
			InitializePlatformSupportModulesInManaged (1ms)
			SetLoadedEditorAssemblies (4ms)
			BeforeProcessingInitializeOnLoad (101ms)
			ProcessInitializeOnLoadAttributes (324ms)
			ProcessInitializeOnLoadMethodAttributes (53ms)
			AfterProcessingInitializeOnLoad (6ms)
			EditorAssembliesLoaded (0ms)
		ExecutionOrderSort2 (0ms)
		AwakeInstancesAfterBackupRestoration (18ms)
Refreshing native plugins compatible for Editor in 0.97 ms, found 3 plugins.
Preloading 0 native plugins for Editor in 0.00 ms.
Unloading 16 Unused Serialized files (Serialized files now loaded: 0)
Unloading 6201 unused Assets / (4.4 MB). Loaded Objects now: 7232.
Memory consumption went from 170.2 MB to 165.8 MB.
Total: 7.693700 ms (FindLiveObjects: 0.589400 ms CreateObjectMapping: 0.563900 ms MarkObjects: 4.551900 ms  DeleteObjects: 1.987600 ms)

Prepare: number of updated asset objects reloaded= 0
========================================================================
Received Prepare
Refreshing native plugins compatible for Editor in 2.12 ms, found 3 plugins.
Preloading 0 native plugins for Editor in 0.00 ms.
Unloading 16 Unused Serialized files (Serialized files now loaded: 0)
Unloading 6195 unused Assets / (6.7 MB). Loaded Objects now: 7232.
Memory consumption went from 170.4 MB to 163.7 MB.
Total: 74.431500 ms (FindLiveObjects: 2.113100 ms CreateObjectMapping: 1.504800 ms MarkObjects: 15.508400 ms  DeleteObjects: 55.303300 ms)

Prepare: number of updated asset objects reloaded= 0
========================================================================
Received Import Request.
  Time since last request: 595.906171 seconds.
  path: Assets/enemigos/enemigo Variant.prefab
  artifactKey: Guid(f051ed3317931a2498339d192c4b9024) Importer(815301076,1909f56bfc062723c751e8b465ee728b)
Start importing Assets/enemigos/enemigo Variant.prefab using Guid(f051ed3317931a2498339d192c4b9024) Importer(815301076,1909f56bfc062723c751e8b465ee728b) (PreviewImporter) -> (artifact id: 'b3327019df524c17aa65505dd4458148') in 1.4173646 seconds
Number of updated asset objects reloaded before import = 0Number of asset objects unloaded after import = 422

========================================================================
Received Prepare
Begin MonoManager ReloadAssembly
[Licensing::Client] Successfully resolved entitlement details
- Loaded All Assemblies, in  1.320 seconds
Refreshing native plugins compatible for Editor in 1.90 ms, found 3 plugins.
Native extension for WindowsStandalone target not found
[Package Manager] Failed to launch server process. Reason: Unity was launched with the -noUpm command-line argument
[Package Manager] Unable to send message (not connected to server process).
[Package Manager] Cannot connect to Unity Package Manager local server
ScheduleIndexationOnStartup MainProcess:False IndexOnStartup:True
Mono: successfully reloaded assembly
- Finished resetting the current domain, in  1.401 seconds
Domain Reload Profiling: 2714ms
	BeginReloadAssembly (357ms)
		ExecutionOrderSort (0ms)
		DisableScriptedObjects (35ms)
		BackupInstance (0ms)
		ReleaseScriptingObjects (0ms)
		CreateAndSetChildDomain (67ms)
	RebuildCommonClasses (54ms)
	RebuildNativeTypeToScriptingClass (25ms)
	initialDomainReloadingComplete (64ms)
	LoadAllAssembliesAndSetupDomain (812ms)
		LoadAssemblies (675ms)
		RebuildTransferFunctionScriptingTraits (0ms)
		AnalyzeDomain (300ms)
			TypeCache.Refresh (13ms)
				TypeCache.ScanAssembly (1ms)
			BuildScriptInfoCaches (261ms)
			ResolveRequiredComponents (20ms)
	FinalizeReload (1402ms)
		ReleaseScriptCaches (0ms)
		RebuildScriptCaches (0ms)
		SetupLoadedEditorAssemblies (1151ms)
			LogAssemblyErrors (0ms)
			InitializePlatformSupportModulesInManaged (3ms)
			SetLoadedEditorAssemblies (8ms)
			BeforeProcessingInitializeOnLoad (292ms)
			ProcessInitializeOnLoadAttributes (738ms)
			ProcessInitializeOnLoadMethodAttributes (95ms)
			AfterProcessingInitializeOnLoad (15ms)
			EditorAssembliesLoaded (0ms)
		ExecutionOrderSort2 (0ms)
		AwakeInstancesAfterBackupRestoration (27ms)
Refreshing native plugins compatible for Editor in 1.60 ms, found 3 plugins.
Preloading 0 native plugins for Editor in 0.00 ms.
Unloading 16 Unused Serialized files (Serialized files now loaded: 0)
Unloading 6201 unused Assets / (3.0 MB). Loaded Objects now: 7255.
Memory consumption went from 170.4 MB to 167.4 MB.
Total: 10.993400 ms (FindLiveObjects: 1.093400 ms CreateObjectMapping: 0.604100 ms MarkObjects: 6.865000 ms  DeleteObjects: 2.429500 ms)

Prepare: number of updated asset objects reloaded= 0
========================================================================
Received Prepare
Refreshing native plugins compatible for Editor in 5.65 ms, found 3 plugins.
Preloading 0 native plugins for Editor in 0.00 ms.
Unloading 16 Unused Serialized files (Serialized files now loaded: 0)
Unloading 6195 unused Assets / (4.2 MB). Loaded Objects now: 7255.
Memory consumption went from 170.5 MB to 166.3 MB.
Total: 17.870200 ms (FindLiveObjects: 0.980400 ms CreateObjectMapping: 0.685400 ms MarkObjects: 9.028600 ms  DeleteObjects: 7.174300 ms)

Prepare: number of updated asset objects reloaded= 0
========================================================================
Received Prepare
Begin MonoManager ReloadAssembly
- Loaded All Assemblies, in  1.410 seconds
Refreshing native plugins compatible for Editor in 2.53 ms, found 3 plugins.
Native extension for WindowsStandalone target not found
[Package Manager] Failed to launch server process. Reason: Unity was launched with the -noUpm command-line argument
[Package Manager] Unable to send message (not connected to server process).
[Package Manager] Cannot connect to Unity Package Manager local server
ScheduleIndexationOnStartup MainProcess:False IndexOnStartup:True
Mono: successfully reloaded assembly
- Finished resetting the current domain, in  1.539 seconds
Domain Reload Profiling: 2941ms
	BeginReloadAssembly (327ms)
		ExecutionOrderSort (0ms)
		DisableScriptedObjects (8ms)
		BackupInstance (0ms)
		ReleaseScriptingObjects (0ms)
		CreateAndSetChildDomain (59ms)
	RebuildCommonClasses (70ms)
	RebuildNativeTypeToScriptingClass (26ms)
	initialDomainReloadingComplete (57ms)
	LoadAllAssembliesAndSetupDomain (921ms)
		LoadAssemblies (743ms)
		RebuildTransferFunctionScriptingTraits (0ms)
		AnalyzeDomain (364ms)
			TypeCache.Refresh (16ms)
				TypeCache.ScanAssembly (1ms)
			BuildScriptInfoCaches (323ms)
			ResolveRequiredComponents (18ms)
	FinalizeReload (1540ms)
		ReleaseScriptCaches (0ms)
		RebuildScriptCaches (0ms)
		SetupLoadedEditorAssemblies (1272ms)
			LogAssemblyErrors (0ms)
			InitializePlatformSupportModulesInManaged (3ms)
			SetLoadedEditorAssemblies (5ms)
			BeforeProcessingInitializeOnLoad (308ms)
			ProcessInitializeOnLoadAttributes (818ms)
			ProcessInitializeOnLoadMethodAttributes (114ms)
			AfterProcessingInitializeOnLoad (24ms)
			EditorAssembliesLoaded (0ms)
		ExecutionOrderSort2 (0ms)
		AwakeInstancesAfterBackupRestoration (30ms)
Refreshing native plugins compatible for Editor in 2.24 ms, found 3 plugins.
Preloading 0 native plugins for Editor in 0.00 ms.
Unloading 16 Unused Serialized files (Serialized files now loaded: 0)
Unloading 6201 unused Assets / (3.6 MB). Loaded Objects now: 7258.
Memory consumption went from 170.3 MB to 166.7 MB.
Total: 13.285800 ms (FindLiveObjects: 1.273200 ms CreateObjectMapping: 0.761700 ms MarkObjects: 8.252900 ms  DeleteObjects: 2.995900 ms)

Prepare: number of updated asset objects reloaded= 0
========================================================================
Received Prepare
Begin MonoManager ReloadAssembly
[Licensing::Client] Successfully resolved entitlement details
- Loaded All Assemblies, in  0.597 seconds
Refreshing native plugins compatible for Editor in 0.56 ms, found 3 plugins.
Native extension for WindowsStandalone target not found
[Package Manager] Failed to launch server process. Reason: Unity was launched with the -noUpm command-line argument
[Package Manager] Unable to send message (not connected to server process).
[Package Manager] Cannot connect to Unity Package Manager local server
ScheduleIndexationOnStartup MainProcess:False IndexOnStartup:True
Mono: successfully reloaded assembly
- Finished resetting the current domain, in  0.629 seconds
Domain Reload Profiling: 1226ms
	BeginReloadAssembly (187ms)
		ExecutionOrderSort (0ms)
		DisableScriptedObjects (5ms)
		BackupInstance (0ms)
		ReleaseScriptingObjects (0ms)
		CreateAndSetChildDomain (49ms)
	RebuildCommonClasses (31ms)
	RebuildNativeTypeToScriptingClass (10ms)
	initialDomainReloadingComplete (23ms)
	LoadAllAssembliesAndSetupDomain (346ms)
		LoadAssemblies (285ms)
		RebuildTransferFunctionScriptingTraits (0ms)
		AnalyzeDomain (144ms)
			TypeCache.Refresh (6ms)
				TypeCache.ScanAssembly (0ms)
			BuildScriptInfoCaches (127ms)
			ResolveRequiredComponents (8ms)
	FinalizeReload (630ms)
		ReleaseScriptCaches (0ms)
		RebuildScriptCaches (0ms)
		SetupLoadedEditorAssemblies (493ms)
			LogAssemblyErrors (0ms)
			InitializePlatformSupportModulesInManaged (1ms)
			SetLoadedEditorAssemblies (4ms)
			BeforeProcessingInitializeOnLoad (100ms)
			ProcessInitializeOnLoadAttributes (330ms)
			ProcessInitializeOnLoadMethodAttributes (52ms)
			AfterProcessingInitializeOnLoad (5ms)
			EditorAssembliesLoaded (0ms)
		ExecutionOrderSort2 (0ms)
		AwakeInstancesAfterBackupRestoration (17ms)
Refreshing native plugins compatible for Editor in 0.93 ms, found 3 plugins.
Preloading 0 native plugins for Editor in 0.00 ms.
Unloading 16 Unused Serialized files (Serialized files now loaded: 0)
Unloading 6201 unused Assets / (4.6 MB). Loaded Objects now: 7261.
Memory consumption went from 170.4 MB to 165.7 MB.
Total: 8.147200 ms (FindLiveObjects: 0.762900 ms CreateObjectMapping: 0.448200 ms MarkObjects: 4.715100 ms  DeleteObjects: 2.220100 ms)

Prepare: number of updated asset objects reloaded= 0
========================================================================
Received Prepare
Begin MonoManager ReloadAssembly
[Licensing::Client] Successfully resolved entitlement details
- Loaded All Assemblies, in  0.599 seconds
Refreshing native plugins compatible for Editor in 0.62 ms, found 3 plugins.
Native extension for WindowsStandalone target not found
[Package Manager] Failed to launch server process. Reason: Unity was launched with the -noUpm command-line argument
[Package Manager] Unable to send message (not connected to server process).
[Package Manager] Cannot connect to Unity Package Manager local server
ScheduleIndexationOnStartup MainProcess:False IndexOnStartup:True
Mono: successfully reloaded assembly
- Finished resetting the current domain, in  0.609 seconds
Domain Reload Profiling: 1207ms
	BeginReloadAssembly (176ms)
		ExecutionOrderSort (0ms)
		DisableScriptedObjects (5ms)
		BackupInstance (0ms)
		ReleaseScriptingObjects (0ms)
		CreateAndSetChildDomain (44ms)
	RebuildCommonClasses (30ms)
	RebuildNativeTypeToScriptingClass (12ms)
	initialDomainReloadingComplete (25ms)
	LoadAllAssembliesAndSetupDomain (354ms)
		LoadAssemblies (286ms)
		RebuildTransferFunctionScriptingTraits (0ms)
		AnalyzeDomain (145ms)
			TypeCache.Refresh (6ms)
				TypeCache.ScanAssembly (0ms)
			BuildScriptInfoCaches (127ms)
			ResolveRequiredComponents (8ms)
	FinalizeReload (609ms)
		ReleaseScriptCaches (0ms)
		RebuildScriptCaches (0ms)
		SetupLoadedEditorAssemblies (486ms)
			LogAssemblyErrors (0ms)
			InitializePlatformSupportModulesInManaged (1ms)
			SetLoadedEditorAssemblies (4ms)
			BeforeProcessingInitializeOnLoad (103ms)
			ProcessInitializeOnLoadAttributes (320ms)
			ProcessInitializeOnLoadMethodAttributes (53ms)
			AfterProcessingInitializeOnLoad (4ms)
			EditorAssembliesLoaded (0ms)
		ExecutionOrderSort2 (0ms)
		AwakeInstancesAfterBackupRestoration (16ms)
Refreshing native plugins compatible for Editor in 0.72 ms, found 3 plugins.
Preloading 0 native plugins for Editor in 0.00 ms.
Unloading 16 Unused Serialized files (Serialized files now loaded: 0)
Unloading 6201 unused Assets / (4.4 MB). Loaded Objects now: 7264.
Memory consumption went from 170.4 MB to 166.1 MB.
Total: 6.624800 ms (FindLiveObjects: 0.527900 ms CreateObjectMapping: 0.448700 ms MarkObjects: 3.965600 ms  DeleteObjects: 1.682000 ms)

Prepare: number of updated asset objects reloaded= 0
========================================================================
Received Import Request.
  Time since last request: 559.226430 seconds.
  path: Assets/enemigos/ENEMIGO 2.prefab
  artifactKey: Guid(329a7bca0ee8cad42974423f94c5c71d) Importer(815301076,1909f56bfc062723c751e8b465ee728b)
Start importing Assets/enemigos/ENEMIGO 2.prefab using Guid(329a7bca0ee8cad42974423f94c5c71d) Importer(815301076,1909f56bfc062723c751e8b465ee728b) (PreviewImporter)The Animator Controller (animador de araña) you have used is not valid. Animations will not play
UnityEngine.Debug:ExtractStackTraceNoAlloc (byte*,int,string)
UnityEngine.StackTraceUtility:ExtractStackTrace ()
UnityEditor.EditorUtility:Internal_InstantiateRemoveAllNonAnimationComponentsSingle (UnityEngine.Object,UnityEngine.Vector3,UnityEngine.Quaternion)
UnityEditor.EditorUtility:InstantiateRemoveAllNonAnimationComponents (UnityEngine.Object,UnityEngine.Vector3,UnityEngine.Quaternion)
UnityEditor.EditorUtility:InstantiateForAnimatorPreview (UnityEngine.Object)
UnityEditor.GameObjectInspector/PreviewData:UpdateGameObject (UnityEngine.Object)
UnityEditor.GameObjectInspector/PreviewData:.ctor (UnityEngine.Object,bool)
UnityEditor.GameObjectInspector:GetPreviewData (bool)
UnityEditor.GameObjectInspector:RenderStaticPreview (string,UnityEngine.Object[],int,int)
UnityEditor.AssetPreviewUpdater:CreatePreview (UnityEngine.Object,UnityEngine.Object[],string,int,int)
UnityEditor.AssetPreviewUpdater:CreatePreviewForAsset (UnityEngine.Object,UnityEngine.Object[],string)

[C:\build\output\unity\unity\Modules\Animation\Director\AnimatorControllerPlayable.cpp line 332]

 -> (artifact id: '951a69b676f548b31d0299a080a3698d') in 0.4060182 seconds
Number of updated asset objects reloaded before import = 0Number of asset objects unloaded after import = 396

========================================================================
Received Import Request.
  Time since last request: 0.360425 seconds.
  path: Assets/enemigos/ENEMIGO 2.prefab
  artifactKey: Guid(329a7bca0ee8cad42974423f94c5c71d) Importer(815301076,1909f56bfc062723c751e8b465ee728b)
Start importing Assets/enemigos/ENEMIGO 2.prefab using Guid(329a7bca0ee8cad42974423f94c5c71d) Importer(815301076,1909f56bfc062723c751e8b465ee728b) (PreviewImporter)The Animator Controller (animador de araña) you have used is not valid. Animations will not play
UnityEngine.Debug:ExtractStackTraceNoAlloc (byte*,int,string)
UnityEngine.StackTraceUtility:ExtractStackTrace ()
UnityEditor.EditorUtility:Internal_InstantiateRemoveAllNonAnimationComponentsSingle (UnityEngine.Object,UnityEngine.Vector3,UnityEngine.Quaternion)
UnityEditor.EditorUtility:InstantiateRemoveAllNonAnimationComponents (UnityEngine.Object,UnityEngine.Vector3,UnityEngine.Quaternion)
UnityEditor.EditorUtility:InstantiateForAnimatorPreview (UnityEngine.Object)
UnityEditor.GameObjectInspector/PreviewData:UpdateGameObject (UnityEngine.Object)
UnityEditor.GameObjectInspector/PreviewData:.ctor (UnityEngine.Object,bool)
UnityEditor.GameObjectInspector:GetPreviewData (bool)
UnityEditor.GameObjectInspector:RenderStaticPreview (string,UnityEngine.Object[],int,int)
UnityEditor.AssetPreviewUpdater:CreatePreview (UnityEngine.Object,UnityEngine.Object[],string,int,int)
UnityEditor.AssetPreviewUpdater:CreatePreviewForAsset (UnityEngine.Object,UnityEngine.Object[],string)

[C:\build\output\unity\unity\Modules\Animation\Director\AnimatorControllerPlayable.cpp line 332]

 -> (artifact id: '25e34d0aa53febbd2239e01a7f8faba0') in 0.0202888 seconds
Number of updated asset objects reloaded before import = 0Number of asset objects unloaded after import = 396

========================================================================
Received Prepare
Refreshing native plugins compatible for Editor in 115.69 ms, found 3 plugins.
Preloading 0 native plugins for Editor in 0.00 ms.
Unloading 16 Unused Serialized files (Serialized files now loaded: 0)
Unloading 6195 unused Assets / (3.5 MB). Loaded Objects now: 7376.
Memory consumption went from 175.6 MB to 172.1 MB.
Total: 73.200600 ms (FindLiveObjects: 1.541700 ms CreateObjectMapping: 1.004500 ms MarkObjects: 64.693000 ms  DeleteObjects: 5.957800 ms)

Prepare: number of updated asset objects reloaded= 0
========================================================================
Received Prepare
Begin MonoManager ReloadAssembly
[Licensing::Client] Successfully resolved entitlement details
- Loaded All Assemblies, in  0.626 seconds
Refreshing native plugins compatible for Editor in 0.56 ms, found 3 plugins.
Native extension for WindowsStandalone target not found
[Package Manager] Failed to launch server process. Reason: Unity was launched with the -noUpm command-line argument
[Package Manager] Unable to send message (not connected to server process).
[Package Manager] Cannot connect to Unity Package Manager local server
ScheduleIndexationOnStartup MainProcess:False IndexOnStartup:True
Mono: successfully reloaded assembly
- Finished resetting the current domain, in  0.610 seconds
Domain Reload Profiling: 1236ms
	BeginReloadAssembly (202ms)
		ExecutionOrderSort (0ms)
		DisableScriptedObjects (16ms)
		BackupInstance (0ms)
		ReleaseScriptingObjects (0ms)
		CreateAndSetChildDomain (53ms)
	RebuildCommonClasses (30ms)
	RebuildNativeTypeToScriptingClass (10ms)
	initialDomainReloadingComplete (23ms)
	LoadAllAssembliesAndSetupDomain (361ms)
		LoadAssemblies (294ms)
		RebuildTransferFunctionScriptingTraits (0ms)
		AnalyzeDomain (150ms)
			TypeCache.Refresh (8ms)
				TypeCache.ScanAssembly (0ms)
			BuildScriptInfoCaches (131ms)
			ResolveRequiredComponents (8ms)
	FinalizeReload (610ms)
		ReleaseScriptCaches (0ms)
		RebuildScriptCaches (0ms)
		SetupLoadedEditorAssemblies (496ms)
			LogAssemblyErrors (0ms)
			InitializePlatformSupportModulesInManaged (1ms)
			SetLoadedEditorAssemblies (5ms)
			BeforeProcessingInitializeOnLoad (100ms)
			ProcessInitializeOnLoadAttributes (339ms)
			ProcessInitializeOnLoadMethodAttributes (46ms)
			AfterProcessingInitializeOnLoad (4ms)
			EditorAssembliesLoaded (0ms)
		ExecutionOrderSort2 (0ms)
		AwakeInstancesAfterBackupRestoration (12ms)
Refreshing native plugins compatible for Editor in 0.60 ms, found 3 plugins.
Preloading 0 native plugins for Editor in 0.00 ms.
Unloading 16 Unused Serialized files (Serialized files now loaded: 0)
Unloading 6201 unused Assets / (4.1 MB). Loaded Objects now: 7287.
Memory consumption went from 170.6 MB to 166.5 MB.
Total: 6.099900 ms (FindLiveObjects: 0.466800 ms CreateObjectMapping: 0.406500 ms MarkObjects: 3.855100 ms  DeleteObjects: 1.371100 ms)

Prepare: number of updated asset objects reloaded= 0
========================================================================
Received Prepare
Begin MonoManager ReloadAssembly
- Loaded All Assemblies, in  0.581 seconds
Refreshing native plugins compatible for Editor in 0.58 ms, found 3 plugins.
Native extension for WindowsStandalone target not found
[Package Manager] Failed to launch server process. Reason: Unity was launched with the -noUpm command-line argument
[Package Manager] Unable to send message (not connected to server process).
[Package Manager] Cannot connect to Unity Package Manager local server
ScheduleIndexationOnStartup MainProcess:False IndexOnStartup:True
Mono: successfully reloaded assembly
- Finished resetting the current domain, in  0.602 seconds
Domain Reload Profiling: 1183ms
	BeginReloadAssembly (170ms)
		ExecutionOrderSort (0ms)
		DisableScriptedObjects (5ms)
		BackupInstance (0ms)
		ReleaseScriptingObjects (0ms)
		CreateAndSetChildDomain (44ms)
	RebuildCommonClasses (27ms)
	RebuildNativeTypeToScriptingClass (13ms)
	initialDomainReloadingComplete (23ms)
	LoadAllAssembliesAndSetupDomain (348ms)
		LoadAssemblies (275ms)
		RebuildTransferFunctionScriptingTraits (0ms)
		AnalyzeDomain (146ms)
			TypeCache.Refresh (6ms)
				TypeCache.ScanAssembly (0ms)
			BuildScriptInfoCaches (128ms)
			ResolveRequiredComponents (7ms)
	FinalizeReload (603ms)
		ReleaseScriptCaches (0ms)
		RebuildScriptCaches (0ms)
		SetupLoadedEditorAssemblies (483ms)
			LogAssemblyErrors (0ms)
			InitializePlatformSupportModulesInManaged (1ms)
			SetLoadedEditorAssemblies (4ms)
			BeforeProcessingInitializeOnLoad (103ms)
			ProcessInitializeOnLoadAttributes (319ms)
			ProcessInitializeOnLoadMethodAttributes (51ms)
			AfterProcessingInitializeOnLoad (5ms)
			EditorAssembliesLoaded (0ms)
		ExecutionOrderSort2 (0ms)
		AwakeInstancesAfterBackupRestoration (12ms)
Refreshing native plugins compatible for Editor in 0.65 ms, found 3 plugins.
Preloading 0 native plugins for Editor in 0.00 ms.
Unloading 16 Unused Serialized files (Serialized files now loaded: 0)
Unloading 6201 unused Assets / (4.7 MB). Loaded Objects now: 7290.
Memory consumption went from 170.5 MB to 165.8 MB.
Total: 8.441900 ms (FindLiveObjects: 0.589800 ms CreateObjectMapping: 0.457100 ms MarkObjects: 4.936900 ms  DeleteObjects: 2.457200 ms)

Prepare: number of updated asset objects reloaded= 0
========================================================================
Received Import Request.
  Time since last request: 47702.665757 seconds.
  path: Assets/enemigo Variant.prefab
  artifactKey: Guid(5e5e6b87cc9d67547af15e0d1a5f6473) Importer(815301076,1909f56bfc062723c751e8b465ee728b)
Start importing Assets/enemigo Variant.prefab using Guid(5e5e6b87cc9d67547af15e0d1a5f6473) Importer(815301076,1909f56bfc062723c751e8b465ee728b) (PreviewImporter) -> (artifact id: '560aae4ba8372aa99e4f4b8614cb751d') in 0.7473482 seconds
Number of updated asset objects reloaded before import = 0Number of asset objects unloaded after import = 284

========================================================================
Received Import Request.
  Time since last request: 5.684254 seconds.
  path: Assets/Scripts/GameManager.cs
  artifactKey: Guid(6eb940374ceaeb543998c240481b886d) Importer(2089858483,b0f066a214c2f5e87bad3c948f4d605d)
Start importing Assets/Scripts/GameManager.cs using Guid(6eb940374ceaeb543998c240481b886d) Importer(2089858483,b0f066a214c2f5e87bad3c948f4d605d) (ScriptedImporter) -> (artifact id: 'c8d1319273cddd442c6e9b18b5bfbb4a') in 0.0600805 seconds
Number of updated asset objects reloaded before import = 0Number of asset objects unloaded after import = 0

========================================================================
Received Import Request.
  Time since last request: 0.000027 seconds.
  path: Assets/Scripts/RangedEnemyAI.cs
  artifactKey: Guid(2ce1a40d5e6404b4ba5c98e4231d1820) Importer(2089858483,b0f066a214c2f5e87bad3c948f4d605d)
Start importing Assets/Scripts/RangedEnemyAI.cs using Guid(2ce1a40d5e6404b4ba5c98e4231d1820) Importer(2089858483,b0f066a214c2f5e87bad3c948f4d605d) (ScriptedImporter) -> (artifact id: '7314f0017023fe80e5b0a1046a582620') in 0.003189 seconds
Number of updated asset objects reloaded before import = 0Number of asset objects unloaded after import = 0

========================================================================
Received Import Request.
  Time since last request: 0.000030 seconds.
  path: Assets/enemigos/ENEMIGO 2.prefab
  artifactKey: Guid(329a7bca0ee8cad42974423f94c5c71d) Importer(2089858483,b0f066a214c2f5e87bad3c948f4d605d)
Start importing Assets/enemigos/ENEMIGO 2.prefab using Guid(329a7bca0ee8cad42974423f94c5c71d) Importer(2089858483,b0f066a214c2f5e87bad3c948f4d605d) (ScriptedImporter) -> (artifact id: 'e00a1d4d783551f84162d18b83065b74') in 0.0597451 seconds
Number of updated asset objects reloaded before import = 0Number of asset objects unloaded after import = 387

========================================================================
Received Import Request.
  Time since last request: 8.521728 seconds.
  path: Assets/bala.mat
  artifactKey: Guid(a884b11d5db8387469c8d63ee292c7eb) Importer(815301076,1909f56bfc062723c751e8b465ee728b)
Start importing Assets/bala.mat using Guid(a884b11d5db8387469c8d63ee292c7eb) Importer(815301076,1909f56bfc062723c751e8b465ee728b) (PreviewImporter) -> (artifact id: 'f4d7256f0b264bd0d8d971a6a7b4c8fc') in 0.0228605 seconds
Number of updated asset objects reloaded before import = 0Number of asset objects unloaded after import = 2

========================================================================
Received Import Request.
  Time since last request: 0.763408 seconds.
  path: Assets/bala.mat
  artifactKey: Guid(a884b11d5db8387469c8d63ee292c7eb) Importer(2089858483,b0f066a214c2f5e87bad3c948f4d605d)
Start importing Assets/bala.mat using Guid(a884b11d5db8387469c8d63ee292c7eb) Importer(2089858483,b0f066a214c2f5e87bad3c948f4d605d) (ScriptedImporter) -> (artifact id: '68ed6731a8cde0cf2d1b1d2b111ef290') in 0.0106147 seconds
Number of updated asset objects reloaded before import = 0Number of asset objects unloaded after import = 2

========================================================================
Received Import Request.
  Time since last request: 5.540535 seconds.
  path: Assets/Stocklancer/ArachnidAlienHead_Lite/Textures/T_ArachnidHead_Lite1K_BC_Dirt.png
  artifactKey: Guid(7d12f01a9d2555b43912e6018b421fa6) Importer(2089858483,b0f066a214c2f5e87bad3c948f4d605d)
Start importing Assets/Stocklancer/ArachnidAlienHead_Lite/Textures/T_ArachnidHead_Lite1K_BC_Dirt.png using Guid(7d12f01a9d2555b43912e6018b421fa6) Importer(2089858483,b0f066a214c2f5e87bad3c948f4d605d) (ScriptedImporter) -> (artifact id: '1d5161917e4b07eb56adf1b3d5488a74') in 0.038542 seconds
Number of updated asset objects reloaded before import = 0Number of asset objects unloaded after import = 1

========================================================================
Received Import Request.
  Time since last request: 0.000027 seconds.
  path: Assets/Stocklancer/ArachnidAlienHead_Lite/Prefabs/AnimPreview.prefab
  artifactKey: Guid(5989422cb4c503d4f947d7705f01df64) Importer(2089858483,b0f066a214c2f5e87bad3c948f4d605d)
Start importing Assets/Stocklancer/ArachnidAlienHead_Lite/Prefabs/AnimPreview.prefab using Guid(5989422cb4c503d4f947d7705f01df64) Importer(2089858483,b0f066a214c2f5e87bad3c948f4d605d) (ScriptedImporter) -> (artifact id: 'f14c737a06e2aab1a74fa7b65a7b983a') in 0.0112955 seconds
Number of updated asset objects reloaded before import = 0Number of asset objects unloaded after import = 87

========================================================================
Received Import Request.
  Time since last request: 0.000031 seconds.
  path: Assets/Stocklancer/ArachnidAlienHead_Lite/Demo/Settings/Performant_PipelineAsset.asset
  artifactKey: Guid(045e4046b30718645a143381a443c8a9) Importer(2089858483,b0f066a214c2f5e87bad3c948f4d605d)
Start importing Assets/Stocklancer/ArachnidAlienHead_Lite/Demo/Settings/Performant_PipelineAsset.asset using Guid(045e4046b30718645a143381a443c8a9) Importer(2089858483,b0f066a214c2f5e87bad3c948f4d605d) (ScriptedImporter) -> (artifact id: '7703349d587c8cb44e9081f21081267d') in 0.0567055 seconds
Number of updated asset objects reloaded before import = 0Number of asset objects unloaded after import = 2

========================================================================
Received Import Request.
  Time since last request: 0.000023 seconds.
  path: Assets/Stocklancer/ArachnidAlienHead_Lite/Prefabs/SKM_ArachnidAlienHead_Lite.prefab
  artifactKey: Guid(ee62504fd848ec34dba5af6ba5c60421) Importer(2089858483,b0f066a214c2f5e87bad3c948f4d605d)
Start importing Assets/Stocklancer/ArachnidAlienHead_Lite/Prefabs/SKM_ArachnidAlienHead_Lite.prefab using Guid(ee62504fd848ec34dba5af6ba5c60421) Importer(2089858483,b0f066a214c2f5e87bad3c948f4d605d) (ScriptedImporter) -> (artifact id: 'd5e0ff2c6caa63655b830181182706cc') in 0.0100112 seconds
Number of updated asset objects reloaded before import = 0Number of asset objects unloaded after import = 82

========================================================================
Received Import Request.
  Time since last request: 0.000026 seconds.
  path: Assets/Stocklancer/ArachnidAlienHead_Lite/Mesh
  artifactKey: Guid(f0a151bb90ab51340a7435fec7236db5) Importer(2089858483,b0f066a214c2f5e87bad3c948f4d605d)
Start importing Assets/Stocklancer/ArachnidAlienHead_Lite/Mesh using Guid(f0a151bb90ab51340a7435fec7236db5) Importer(2089858483,b0f066a214c2f5e87bad3c948f4d605d) (ScriptedImporter) -> (artifact id: '2d5a45382de37ea4bdcf8567cbf2d70a') in 0.0035613 seconds
Number of updated asset objects reloaded before import = 0Number of asset objects unloaded after import = 1

========================================================================
Received Import Request.
  Time since last request: 0.000022 seconds.
  path: Assets/Stocklancer/ArachnidAlienHead_Lite/Animation/AS_ArachnicAlienHead_BasicJump_Lite.fbx
  artifactKey: Guid(a9a761e0d7121434c81cfa2d3b8d605f) Importer(2089858483,b0f066a214c2f5e87bad3c948f4d605d)
Start importing Assets/Stocklancer/ArachnidAlienHead_Lite/Animation/AS_ArachnicAlienHead_BasicJump_Lite.fbx using Guid(a9a761e0d7121434c81cfa2d3b8d605f) Importer(2089858483,b0f066a214c2f5e87bad3c948f4d605d) (ScriptedImporter) -> (artifact id: '305913b94f214edc5c563ee9abed1d95') in 0.0228257 seconds
Number of updated asset objects reloaded before import = 0Number of asset objects unloaded after import = 78

========================================================================
Received Import Request.
  Time since last request: 0.000027 seconds.
  path: Assets/Stocklancer/ArachnidAlienHead_Lite/Animation/AS_ArachnicAlienHead_WalkBW _Lite.fbx
  artifactKey: Guid(c9b633571edba434dbbcb4b19ced2c9c) Importer(2089858483,b0f066a214c2f5e87bad3c948f4d605d)
Start importing Assets/Stocklancer/ArachnidAlienHead_Lite/Animation/AS_ArachnicAlienHead_WalkBW _Lite.fbx using Guid(c9b633571edba434dbbcb4b19ced2c9c) Importer(2089858483,b0f066a214c2f5e87bad3c948f4d605d) (ScriptedImporter) -> (artifact id: '281fdc2284113004b7a7969d4403120e') in 0.0106017 seconds
Number of updated asset objects reloaded before import = 0Number of asset objects unloaded after import = 78

========================================================================
Received Import Request.
  Time since last request: 0.000083 seconds.
  path: Assets/Stocklancer/ArachnidAlienHead_Lite/Demo/Scenes 1/ArachnidAlienHead_DemoScene
  artifactKey: Guid(e2b7c282a74a3fa45a7e1b48cd416b9b) Importer(2089858483,b0f066a214c2f5e87bad3c948f4d605d)
Start importing Assets/Stocklancer/ArachnidAlienHead_Lite/Demo/Scenes 1/ArachnidAlienHead_DemoScene using Guid(e2b7c282a74a3fa45a7e1b48cd416b9b) Importer(2089858483,b0f066a214c2f5e87bad3c948f4d605d) (ScriptedImporter) -> (artifact id: 'fcaba963028fa98de06c89ec440ed044') in 0.0032575 seconds
Number of updated asset objects reloaded before import = 0Number of asset objects unloaded after import = 1

========================================================================
Received Import Request.
  Time since last request: 0.000022 seconds.
  path: Assets/Stocklancer/ArachnidAlienHead_Lite/Mesh/SKM_ArachnidAlienHead_Lite.fbx
  artifactKey: Guid(060362b26ada52548a4f0aa2af51d12f) Importer(2089858483,b0f066a214c2f5e87bad3c948f4d605d)
Start importing Assets/Stocklancer/ArachnidAlienHead_Lite/Mesh/SKM_ArachnidAlienHead_Lite.fbx using Guid(060362b26ada52548a4f0aa2af51d12f) Importer(2089858483,b0f066a214c2f5e87bad3c948f4d605d) (ScriptedImporter) -> (artifact id: '3ef5a5235aed69b8fc3197b9f61a6d2e') in 0.0120937 seconds
Number of updated asset objects reloaded before import = 0Number of asset objects unloaded after import = 83

========================================================================
Received Import Request.
  Time since last request: 0.000030 seconds.
  path: Assets/Stocklancer/ArachnidAlienHead_Lite/Animation/AS_ArachnicAlienHead_WalkR_Lite.fbx
  artifactKey: Guid(742e3c78f1da7ab4fa181f102605b3fd) Importer(2089858483,b0f066a214c2f5e87bad3c948f4d605d)
Start importing Assets/Stocklancer/ArachnidAlienHead_Lite/Animation/AS_ArachnicAlienHead_WalkR_Lite.fbx using Guid(742e3c78f1da7ab4fa181f102605b3fd) Importer(2089858483,b0f066a214c2f5e87bad3c948f4d605d) (ScriptedImporter) -> (artifact id: 'ef3c5695a43fb735aab6372447b4db6b') in 0.0092096 seconds
Number of updated asset objects reloaded before import = 0Number of asset objects unloaded after import = 78

========================================================================
Received Import Request.
  Time since last request: 0.000022 seconds.
  path: Assets/Stocklancer/ArachnidAlienHead_Lite/Material
  artifactKey: Guid(61d2f24ef643be044a6f896816768609) Importer(2089858483,b0f066a214c2f5e87bad3c948f4d605d)
Start importing Assets/Stocklancer/ArachnidAlienHead_Lite/Material using Guid(61d2f24ef643be044a6f896816768609) Importer(2089858483,b0f066a214c2f5e87bad3c948f4d605d) (ScriptedImporter) -> (artifact id: 'f970186c03c7c6e8db6a8a2f33eac809') in 0.0027013 seconds
Number of updated asset objects reloaded before import = 0Number of asset objects unloaded after import = 1

========================================================================
Received Import Request.
  Time since last request: 0.000028 seconds.
  path: Assets/Stocklancer/ArachnidAlienHead_Lite/Material/URP_ArachnidAlienHeadLite.shadergraph
  artifactKey: Guid(45da9452f41fddd4590dce83ec3d3ac6) Importer(2089858483,b0f066a214c2f5e87bad3c948f4d605d)
Start importing Assets/Stocklancer/ArachnidAlienHead_Lite/Material/URP_ArachnidAlienHeadLite.shadergraph using Guid(45da9452f41fddd4590dce83ec3d3ac6) Importer(2089858483,b0f066a214c2f5e87bad3c948f4d605d) (ScriptedImporter) -> (artifact id: '8ec193f3aa5bb39f56433a7dfe172353') in 0.2068046 seconds
Number of updated asset objects reloaded before import = 0Number of asset objects unloaded after import = 8

========================================================================
Received Import Request.
  Time since last request: 0.000022 seconds.
  path: Assets/Stocklancer
  artifactKey: Guid(9908094a9136ea9499083edca547899b) Importer(2089858483,b0f066a214c2f5e87bad3c948f4d605d)
Start importing Assets/Stocklancer using Guid(9908094a9136ea9499083edca547899b) Importer(2089858483,b0f066a214c2f5e87bad3c948f4d605d) (ScriptedImporter) -> (artifact id: '4e29ada6690869579e67cb61a3ed58a6') in 0.0039067 seconds
Number of updated asset objects reloaded before import = 0Number of asset objects unloaded after import = 1

========================================================================
Received Import Request.
  Time since last request: 0.000034 seconds.
  path: Assets/Stocklancer/ArachnidAlienHead_Lite/Demo/Scenes 1
  artifactKey: Guid(9b59ac85b625bff42ae070818fb9072a) Importer(2089858483,b0f066a214c2f5e87bad3c948f4d605d)
Start importing Assets/Stocklancer/ArachnidAlienHead_Lite/Demo/Scenes 1 using Guid(9b59ac85b625bff42ae070818fb9072a) Importer(2089858483,b0f066a214c2f5e87bad3c948f4d605d) (ScriptedImporter) -> (artifact id: '1798063646e17e3b095f4584c58baf70') in 0.0026325 seconds
Number of updated asset objects reloaded before import = 0Number of asset objects unloaded after import = 1

========================================================================
Received Import Request.
  Time since last request: 0.000019 seconds.
  path: Assets/Stocklancer/ArachnidAlienHead_Lite/Animation
  artifactKey: Guid(749af4a0c23dc044e9a360d4c709164c) Importer(2089858483,b0f066a214c2f5e87bad3c948f4d605d)
Start importing Assets/Stocklancer/ArachnidAlienHead_Lite/Animation using Guid(749af4a0c23dc044e9a360d4c709164c) Importer(2089858483,b0f066a214c2f5e87bad3c948f4d605d) (ScriptedImporter) -> (artifact id: '056537e67332154f57502398fd33d5f9') in 0.0026944 seconds
Number of updated asset objects reloaded before import = 0Number of asset objects unloaded after import = 1

========================================================================
Received Import Request.
  Time since last request: 0.000024 seconds.
  path: Assets/Stocklancer/ArachnidAlienHead_Lite/Animation/AS_ArachnicAlienHead_WalkFW_Lite.fbx
  artifactKey: Guid(c73fbde679367804f95e82c2bb440be0) Importer(2089858483,b0f066a214c2f5e87bad3c948f4d605d)
Start importing Assets/Stocklancer/ArachnidAlienHead_Lite/Animation/AS_ArachnicAlienHead_WalkFW_Lite.fbx using Guid(c73fbde679367804f95e82c2bb440be0) Importer(2089858483,b0f066a214c2f5e87bad3c948f4d605d) (ScriptedImporter) -> (artifact id: 'f4d6f599c5a2caf54bc9f82aafd26e2e') in 0.0093434 seconds
Number of updated asset objects reloaded before import = 0Number of asset objects unloaded after import = 78

========================================================================
Received Import Request.
  Time since last request: 0.000018 seconds.
  path: Assets/Stocklancer/ArachnidAlienHead_Lite/Prefabs
  artifactKey: Guid(d1acdfd5475f7d34297f370e4eaefaae) Importer(2089858483,b0f066a214c2f5e87bad3c948f4d605d)
Start importing Assets/Stocklancer/ArachnidAlienHead_Lite/Prefabs using Guid(d1acdfd5475f7d34297f370e4eaefaae) Importer(2089858483,b0f066a214c2f5e87bad3c948f4d605d) (ScriptedImporter) -> (artifact id: 'b909a897bf75063f5b8ecd97e036632c') in 0.0026421 seconds
Number of updated asset objects reloaded before import = 0Number of asset objects unloaded after import = 1

========================================================================
Received Import Request.
  Time since last request: 0.000039 seconds.
  path: Assets/Stocklancer/ArachnidAlienHead_Lite/Material/HDRP_ArachnicAlienHeadLite.mat
  artifactKey: Guid(29f5a83ee28710b4a9867c1725f0dc27) Importer(2089858483,b0f066a214c2f5e87bad3c948f4d605d)
Start importing Assets/Stocklancer/ArachnidAlienHead_Lite/Material/HDRP_ArachnicAlienHeadLite.mat using Guid(29f5a83ee28710b4a9867c1725f0dc27) Importer(2089858483,b0f066a214c2f5e87bad3c948f4d605d) (ScriptedImporter) -> (artifact id: 'd91bbe5a6d7b2dc19fc9c3cb1299b22c') in 0.0080989 seconds
Number of updated asset objects reloaded before import = 0Number of asset objects unloaded after import = 5

========================================================================
Received Import Request.
  Time since last request: 0.000027 seconds.
  path: Assets/Stocklancer/ArachnidAlienHead_Lite/Animation/AS_ArachnicAlienHead_TakeHit_Lite.fbx
  artifactKey: Guid(73762fb1da1d0b0458d04f1150913426) Importer(2089858483,b0f066a214c2f5e87bad3c948f4d605d)
Start importing Assets/Stocklancer/ArachnidAlienHead_Lite/Animation/AS_ArachnicAlienHead_TakeHit_Lite.fbx using Guid(73762fb1da1d0b0458d04f1150913426) Importer(2089858483,b0f066a214c2f5e87bad3c948f4d605d) (ScriptedImporter) -> (artifact id: '405cc7d0471f410574e2d40649bd4c9f') in 0.0073393 seconds
Number of updated asset objects reloaded before import = 0Number of asset objects unloaded after import = 78

========================================================================
Received Import Request.
  Time since last request: 0.000031 seconds.
  path: Assets/Stocklancer/ArachnidAlienHead_Lite/Demo/Settings
  artifactKey: Guid(a6f9d3cef60cb96438fe13b2b23a9ddc) Importer(2089858483,b0f066a214c2f5e87bad3c948f4d605d)
Start importing Assets/Stocklancer/ArachnidAlienHead_Lite/Demo/Settings using Guid(a6f9d3cef60cb96438fe13b2b23a9ddc) Importer(2089858483,b0f066a214c2f5e87bad3c948f4d605d) (ScriptedImporter) -> (artifact id: '3dca9c85c3662145fb968af3941c9c88') in 0.0032637 seconds
Number of updated asset objects reloaded before import = 0Number of asset objects unloaded after import = 1

========================================================================
Received Import Request.
  Time since last request: 0.000025 seconds.
  path: Assets/Stocklancer/ArachnidAlienHead_Lite/Textures/T_ArachnidHead_Lite1K_ORE_Blood.png
  artifactKey: Guid(53248f2c7ea9c6748a50baf3d2276059) Importer(2089858483,b0f066a214c2f5e87bad3c948f4d605d)
Start importing Assets/Stocklancer/ArachnidAlienHead_Lite/Textures/T_ArachnidHead_Lite1K_ORE_Blood.png using Guid(53248f2c7ea9c6748a50baf3d2276059) Importer(2089858483,b0f066a214c2f5e87bad3c948f4d605d) (ScriptedImporter) -> (artifact id: 'ae22db0055aa733379fa56e98089e8a6') in 0.0068964 seconds
Number of updated asset objects reloaded before import = 0Number of asset objects unloaded after import = 1

========================================================================
Received Import Request.
  Time since last request: 14.004630 seconds.
  path: Assets/Stocklancer/ArachnidAlienHead_Lite
  artifactKey: Guid(67ff10bc6c69ff6499c59e60daa84c74) Importer(815301076,1909f56bfc062723c751e8b465ee728b)
Start importing Assets/Stocklancer/ArachnidAlienHead_Lite using Guid(67ff10bc6c69ff6499c59e60daa84c74) Importer(815301076,1909f56bfc062723c751e8b465ee728b) (PreviewImporter) -> (artifact id: '89e8d3d0c30829f5576446c20cb8760a') in 0.0007049 seconds
Number of updated asset objects reloaded before import = 0Number of asset objects unloaded after import = 0

========================================================================
Received Import Request.
  Time since last request: 2.820149 seconds.
  path: Assets/Stocklancer/ArachnidAlienHead_Lite/Prefabs
  artifactKey: Guid(d1acdfd5475f7d34297f370e4eaefaae) Importer(815301076,1909f56bfc062723c751e8b465ee728b)
Start importing Assets/Stocklancer/ArachnidAlienHead_Lite/Prefabs using Guid(d1acdfd5475f7d34297f370e4eaefaae) Importer(815301076,1909f56bfc062723c751e8b465ee728b) (PreviewImporter) -> (artifact id: 'd919cdf4629c8df170348ae653bbeb38') in 0.000609 seconds
Number of updated asset objects reloaded before import = 0Number of asset objects unloaded after import = 0

========================================================================
Received Import Request.
  Time since last request: 0.034473 seconds.
  path: Assets/Stocklancer/ArachnidAlienHead_Lite/Prefabs/AnimPreview.prefab
  artifactKey: Guid(5989422cb4c503d4f947d7705f01df64) Importer(815301076,1909f56bfc062723c751e8b465ee728b)
Start importing Assets/Stocklancer/ArachnidAlienHead_Lite/Prefabs/AnimPreview.prefab using Guid(5989422cb4c503d4f947d7705f01df64) Importer(815301076,1909f56bfc062723c751e8b465ee728b) (PreviewImporter) -> (artifact id: '763667bbd235533d2dd130318f5592ae') in 3.0784401 seconds
Number of updated asset objects reloaded before import = 0Number of asset objects unloaded after import = 96

========================================================================
Received Import Request.
  Time since last request: 18.225658 seconds.
  path: Assets/Stocklancer/ArachnidAlienHead_Lite/Animation/AS_ArachnicAlienHead_Attack4_Lite.fbx
  artifactKey: Guid(3e0c58648cca8c84eada0b43b8d3d8e2) Importer(815301076,1909f56bfc062723c751e8b465ee728b)
Start importing Assets/Stocklancer/ArachnidAlienHead_Lite/Animation/AS_ArachnicAlienHead_Attack4_Lite.fbx using Guid(3e0c58648cca8c84eada0b43b8d3d8e2) Importer(815301076,1909f56bfc062723c751e8b465ee728b) (PreviewImporter) -> (artifact id: 'a950138d467fdacaacc68af3e4e6b060') in 0.004121 seconds
Number of updated asset objects reloaded before import = 0Number of asset objects unloaded after import = 77

========================================================================
Received Import Request.
  Time since last request: 0.000021 seconds.
  path: Assets/Stocklancer/ArachnidAlienHead_Lite/Animation/AS_ArachnicAlienHead_WalkFW4_Lite.fbx
  artifactKey: Guid(27b9368dcc621a44fb243680841219f2) Importer(815301076,1909f56bfc062723c751e8b465ee728b)
Start importing Assets/Stocklancer/ArachnidAlienHead_Lite/Animation/AS_ArachnicAlienHead_WalkFW4_Lite.fbx using Guid(27b9368dcc621a44fb243680841219f2) Importer(815301076,1909f56bfc062723c751e8b465ee728b) (PreviewImporter) -> (artifact id: '7aeba26b00399d199ce710c334c0ce42') in 0.0031654 seconds
Number of updated asset objects reloaded before import = 0Number of asset objects unloaded after import = 77

========================================================================
Received Import Request.
  Time since last request: 1.563265 seconds.
  path: Assets/Stocklancer/ArachnidAlienHead_Lite/Animation/AnimPreviewLite.controller
  artifactKey: Guid(406c6cd968ce03b48aeeb486a2186c8d) Importer(815301076,1909f56bfc062723c751e8b465ee728b)
Start importing Assets/Stocklancer/ArachnidAlienHead_Lite/Animation/AnimPreviewLite.controller using Guid(406c6cd968ce03b48aeeb486a2186c8d) Importer(815301076,1909f56bfc062723c751e8b465ee728b) (PreviewImporter) -> (artifact id: '1ba335c6938ca72411698164c8a6e0ab') in 0.0020142 seconds
Number of updated asset objects reloaded before import = 0Number of asset objects unloaded after import = 4

========================================================================
Received Import Request.
  Time since last request: 20.757817 seconds.
  path: Assets/Stocklancer/ArachnidAlienHead_Lite/Demo
  artifactKey: Guid(f3ba46ca519823f47928bdbfad29cfae) Importer(815301076,1909f56bfc062723c751e8b465ee728b)
Start importing Assets/Stocklancer/ArachnidAlienHead_Lite/Demo using Guid(f3ba46ca519823f47928bdbfad29cfae) Importer(815301076,1909f56bfc062723c751e8b465ee728b) (PreviewImporter) -> (artifact id: '242be82b76b157a50ea33c832b475ad4') in 0.0007264 seconds
Number of updated asset objects reloaded before import = 0Number of asset objects unloaded after import = 0

========================================================================
Received Import Request.
  Time since last request: 0.061411 seconds.
  path: Assets/Stocklancer/ArachnidAlienHead_Lite/Demo/UniversalRenderPipelineGlobalSettings.asset
  artifactKey: Guid(045039c0134506c48a60a0d4d1848e0d) Importer(815301076,1909f56bfc062723c751e8b465ee728b)
Start importing Assets/Stocklancer/ArachnidAlienHead_Lite/Demo/UniversalRenderPipelineGlobalSettings.asset using Guid(045039c0134506c48a60a0d4d1848e0d) Importer(815301076,1909f56bfc062723c751e8b465ee728b) (PreviewImporter) -> (artifact id: 'a111beab36cc21bb0affc0acff0031fb') in 0.0013188 seconds
Number of updated asset objects reloaded before import = 0Number of asset objects unloaded after import = 1

========================================================================
Received Import Request.
  Time since last request: 4.380362 seconds.
  path: Assets/Stocklancer/ArachnidAlienHead_Lite/Mesh
  artifactKey: Guid(f0a151bb90ab51340a7435fec7236db5) Importer(815301076,1909f56bfc062723c751e8b465ee728b)
Start importing Assets/Stocklancer/ArachnidAlienHead_Lite/Mesh using Guid(f0a151bb90ab51340a7435fec7236db5) Importer(815301076,1909f56bfc062723c751e8b465ee728b) (PreviewImporter) -> (artifact id: '2cf0cab8493559d77f35eb2356ea1d49') in 0.0007738 seconds
Number of updated asset objects reloaded before import = 0Number of asset objects unloaded after import = 0

========================================================================
Received Prepare
Begin MonoManager ReloadAssembly
[Licensing::Client] Successfully resolved entitlement details
- Loaded All Assemblies, in  0.796 seconds
Refreshing native plugins compatible for Editor in 0.68 ms, found 3 plugins.
Native extension for WindowsStandalone target not found
[Package Manager] Failed to launch server process. Reason: Unity was launched with the -noUpm command-line argument
[Package Manager] Unable to send message (not connected to server process).
[Package Manager] Cannot connect to Unity Package Manager local server
ScheduleIndexationOnStartup MainProcess:False IndexOnStartup:True
Mono: successfully reloaded assembly
- Finished resetting the current domain, in  0.692 seconds
Domain Reload Profiling: 1489ms
	BeginReloadAssembly (271ms)
		ExecutionOrderSort (0ms)
		DisableScriptedObjects (10ms)
		BackupInstance (0ms)
		ReleaseScriptingObjects (0ms)
		CreateAndSetChildDomain (109ms)
	RebuildCommonClasses (31ms)
	RebuildNativeTypeToScriptingClass (14ms)
	initialDomainReloadingComplete (25ms)
	LoadAllAssembliesAndSetupDomain (456ms)
		LoadAssemblies (378ms)
		RebuildTransferFunctionScriptingTraits (0ms)
		AnalyzeDomain (168ms)
			TypeCache.Refresh (6ms)
				TypeCache.ScanAssembly (0ms)
			BuildScriptInfoCaches (149ms)
			ResolveRequiredComponents (9ms)
	FinalizeReload (692ms)
		ReleaseScriptCaches (0ms)
		RebuildScriptCaches (0ms)
		SetupLoadedEditorAssemblies (556ms)
			LogAssemblyErrors (0ms)
			InitializePlatformSupportModulesInManaged (1ms)
			SetLoadedEditorAssemblies (4ms)
			BeforeProcessingInitializeOnLoad (106ms)
			ProcessInitializeOnLoadAttributes (372ms)
			ProcessInitializeOnLoadMethodAttributes (66ms)
			AfterProcessingInitializeOnLoad (6ms)
			EditorAssembliesLoaded (0ms)
		ExecutionOrderSort2 (0ms)
		AwakeInstancesAfterBackupRestoration (17ms)
Refreshing native plugins compatible for Editor in 0.76 ms, found 3 plugins.
Preloading 0 native plugins for Editor in 0.00 ms.
Unloading 17 Unused Serialized files (Serialized files now loaded: 0)
Unloading 6201 unused Assets / (4.6 MB). Loaded Objects now: 7333.
Memory consumption went from 171.6 MB to 167.1 MB.
Total: 9.124300 ms (FindLiveObjects: 0.845700 ms CreateObjectMapping: 0.567500 ms MarkObjects: 5.344800 ms  DeleteObjects: 2.365100 ms)

Prepare: number of updated asset objects reloaded= 0
========================================================================
Received Import Request.
  Time since last request: 171.643299 seconds.
  path: Assets/enemigos/ENEMIGO 2.prefab
  artifactKey: Guid(329a7bca0ee8cad42974423f94c5c71d) Importer(815301076,1909f56bfc062723c751e8b465ee728b)
Start importing Assets/enemigos/ENEMIGO 2.prefab using Guid(329a7bca0ee8cad42974423f94c5c71d) Importer(815301076,1909f56bfc062723c751e8b465ee728b) (PreviewImporter) -> (artifact id: 'eb788e26e642efb75e43355a3e092d78') in 0.4711329 seconds
Number of updated asset objects reloaded before import = 0Number of asset objects unloaded after import = 408

========================================================================
Received Import Request.
  Time since last request: 209.673940 seconds.
  path: Assets/Stocklancer/ArachnidAlienHead_Lite/Animation
  artifactKey: Guid(749af4a0c23dc044e9a360d4c709164c) Importer(815301076,1909f56bfc062723c751e8b465ee728b)
Start importing Assets/Stocklancer/ArachnidAlienHead_Lite/Animation using Guid(749af4a0c23dc044e9a360d4c709164c) Importer(815301076,1909f56bfc062723c751e8b465ee728b) (PreviewImporter) -> (artifact id: '204ec2437ef2c0502fc98ac168996e4e') in 0.0009733 seconds
Number of updated asset objects reloaded before import = 0Number of asset objects unloaded after import = 0

========================================================================
Received Import Request.
  Time since last request: 85.700135 seconds.
  path: Assets/New Animator Controller.controller
  artifactKey: Guid(9f37b871badffe44abd9016a351ef704) Importer(815301076,1909f56bfc062723c751e8b465ee728b)
Start importing Assets/New Animator Controller.controller using Guid(9f37b871badffe44abd9016a351ef704) Importer(815301076,1909f56bfc062723c751e8b465ee728b) (PreviewImporter) -> (artifact id: '62f8ae776e97858e71a974b0b296b91c') in 0.0021882 seconds
Number of updated asset objects reloaded before import = 0Number of asset objects unloaded after import = 4

========================================================================
Received Import Request.
  Time since last request: 43.333982 seconds.
  path: Assets/Spiders/Models/animador de araña.controller
  artifactKey: Guid(fc68762fc433fe94a978fe84b312ef9b) Importer(815301076,1909f56bfc062723c751e8b465ee728b)
Start importing Assets/Spiders/Models/animador de araña.controller using Guid(fc68762fc433fe94a978fe84b312ef9b) Importer(815301076,1909f56bfc062723c751e8b465ee728b) (PreviewImporter) -> (artifact id: '0714f6dd01e648b9107e73de7dfa850d') in 0.0027484 seconds
Number of updated asset objects reloaded before import = 0Number of asset objects unloaded after import = 13

========================================================================
Received Prepare
Refreshing native plugins compatible for Editor in 3.33 ms, found 3 plugins.
Preloading 0 native plugins for Editor in 0.00 ms.
Unloading 16 Unused Serialized files (Serialized files now loaded: 0)
Unloading 6195 unused Assets / (3.3 MB). Loaded Objects now: 7445.
Memory consumption went from 176.4 MB to 173.1 MB.
Total: 41.759400 ms (FindLiveObjects: 1.050000 ms CreateObjectMapping: 0.917700 ms MarkObjects: 25.567500 ms  DeleteObjects: 14.222400 ms)

Prepare: number of updated asset objects reloaded= 0
========================================================================
Received Prepare
Begin MonoManager ReloadAssembly
[Licensing::Client] Successfully resolved entitlement details
- Loaded All Assemblies, in  1.402 seconds
Refreshing native plugins compatible for Editor in 2.02 ms, found 3 plugins.
Native extension for WindowsStandalone target not found
[Package Manager] Failed to launch server process. Reason: Unity was launched with the -noUpm command-line argument
[Package Manager] Unable to send message (not connected to server process).
[Package Manager] Cannot connect to Unity Package Manager local server
ScheduleIndexationOnStartup MainProcess:False IndexOnStartup:True
Mono: successfully reloaded assembly
- Finished resetting the current domain, in  1.425 seconds
Domain Reload Profiling: 2819ms
	BeginReloadAssembly (366ms)
		ExecutionOrderSort (0ms)
		DisableScriptedObjects (30ms)
		BackupInstance (0ms)
		ReleaseScriptingObjects (0ms)
		CreateAndSetChildDomain (78ms)
	RebuildCommonClasses (71ms)
	RebuildNativeTypeToScriptingClass (25ms)
	initialDomainReloadingComplete (53ms)
	LoadAllAssembliesAndSetupDomain (878ms)
		LoadAssemblies (662ms)
		RebuildTransferFunctionScriptingTraits (0ms)
		AnalyzeDomain (391ms)
			TypeCache.Refresh (23ms)
				TypeCache.ScanAssembly (1ms)
			BuildScriptInfoCaches (349ms)
			ResolveRequiredComponents (14ms)
	FinalizeReload (1426ms)
		ReleaseScriptCaches (0ms)
		RebuildScriptCaches (0ms)
		SetupLoadedEditorAssemblies (1157ms)
			LogAssemblyErrors (0ms)
			InitializePlatformSupportModulesInManaged (3ms)
			SetLoadedEditorAssemblies (11ms)
			BeforeProcessingInitializeOnLoad (348ms)
			ProcessInitializeOnLoadAttributes (676ms)
			ProcessInitializeOnLoadMethodAttributes (104ms)
			AfterProcessingInitializeOnLoad (14ms)
			EditorAssembliesLoaded (0ms)
		ExecutionOrderSort2 (0ms)
		AwakeInstancesAfterBackupRestoration (28ms)
Refreshing native plugins compatible for Editor in 1.48 ms, found 3 plugins.
Preloading 0 native plugins for Editor in 0.00 ms.
Unloading 16 Unused Serialized files (Serialized files now loaded: 0)
Unloading 6201 unused Assets / (3.6 MB). Loaded Objects now: 7356.
Memory consumption went from 171.3 MB to 167.6 MB.
Total: 10.839300 ms (FindLiveObjects: 0.983800 ms CreateObjectMapping: 0.457700 ms MarkObjects: 6.803000 ms  DeleteObjects: 2.593300 ms)

Prepare: number of updated asset objects reloaded= 0
========================================================================
Received Import Request.
  Time since last request: 284.640684 seconds.
  path: Assets/Stocklancer/ArachnidAlienHead_Lite/Material/HDRP_ArachnicAlienHeadLite.mat
  artifactKey: Guid(29f5a83ee28710b4a9867c1725f0dc27) Importer(815301076,1909f56bfc062723c751e8b465ee728b)
Start importing Assets/Stocklancer/ArachnidAlienHead_Lite/Material/HDRP_ArachnicAlienHeadLite.mat using Guid(29f5a83ee28710b4a9867c1725f0dc27) Importer(815301076,1909f56bfc062723c751e8b465ee728b) (PreviewImporter) -> (artifact id: '2035305f2306267a31f34fd4d488aec5') in 0.3625467 seconds
Number of updated asset objects reloaded before import = 0Number of asset objects unloaded after import = 5

========================================================================
Received Import Request.
  Time since last request: 1.987802 seconds.
  path: Assets/Stocklancer/ArachnidAlienHead_Lite/Mesh/SKM_ArachnidAlienHead_Lite.fbx
  artifactKey: Guid(060362b26ada52548a4f0aa2af51d12f) Importer(815301076,1909f56bfc062723c751e8b465ee728b)
Start importing Assets/Stocklancer/ArachnidAlienHead_Lite/Mesh/SKM_ArachnidAlienHead_Lite.fbx using Guid(060362b26ada52548a4f0aa2af51d12f) Importer(815301076,1909f56bfc062723c751e8b465ee728b) (PreviewImporter) -> (artifact id: '89dcfcd7d5e49950ebb9e7ce9a65719f') in 0.0448081 seconds
Number of updated asset objects reloaded before import = 0Number of asset objects unloaded after import = 91

========================================================================
Received Prepare
Begin MonoManager ReloadAssembly
[Licensing::Client] Successfully resolved entitlement details
- Loaded All Assemblies, in  0.658 seconds
Refreshing native plugins compatible for Editor in 0.56 ms, found 3 plugins.
Native extension for WindowsStandalone target not found
[Package Manager] Failed to launch server process. Reason: Unity was launched with the -noUpm command-line argument
[Package Manager] Unable to send message (not connected to server process).
[Package Manager] Cannot connect to Unity Package Manager local server
ScheduleIndexationOnStartup MainProcess:False IndexOnStartup:True
Mono: successfully reloaded assembly
- Finished resetting the current domain, in  0.626 seconds
Domain Reload Profiling: 1285ms
	BeginReloadAssembly (210ms)
		ExecutionOrderSort (0ms)
		DisableScriptedObjects (17ms)
		BackupInstance (0ms)
		ReleaseScriptingObjects (0ms)
		CreateAndSetChildDomain (58ms)
	RebuildCommonClasses (33ms)
	RebuildNativeTypeToScriptingClass (11ms)
	initialDomainReloadingComplete (25ms)
	LoadAllAssembliesAndSetupDomain (380ms)
		LoadAssemblies (311ms)
		RebuildTransferFunctionScriptingTraits (0ms)
		AnalyzeDomain (150ms)
			TypeCache.Refresh (6ms)
				TypeCache.ScanAssembly (0ms)
			BuildScriptInfoCaches (129ms)
			ResolveRequiredComponents (10ms)
	FinalizeReload (627ms)
		ReleaseScriptCaches (0ms)
		RebuildScriptCaches (0ms)
		SetupLoadedEditorAssemblies (504ms)
			LogAssemblyErrors (0ms)
			InitializePlatformSupportModulesInManaged (1ms)
			SetLoadedEditorAssemblies (4ms)
			BeforeProcessingInitializeOnLoad (110ms)
			ProcessInitializeOnLoadAttributes (338ms)
			ProcessInitializeOnLoadMethodAttributes (46ms)
			AfterProcessingInitializeOnLoad (4ms)
			EditorAssembliesLoaded (0ms)
		ExecutionOrderSort2 (0ms)
		AwakeInstancesAfterBackupRestoration (15ms)
Refreshing native plugins compatible for Editor in 1.34 ms, found 3 plugins.
Preloading 0 native plugins for Editor in 0.00 ms.
Unloading 16 Unused Serialized files (Serialized files now loaded: 0)
Unloading 6201 unused Assets / (4.6 MB). Loaded Objects now: 7379.
Memory consumption went from 171.3 MB to 166.7 MB.
Total: 8.022200 ms (FindLiveObjects: 0.552800 ms CreateObjectMapping: 0.437900 ms MarkObjects: 4.630400 ms  DeleteObjects: 2.400000 ms)

Prepare: number of updated asset objects reloaded= 0
========================================================================
Received Prepare
Begin MonoManager ReloadAssembly
[Licensing::Client] Successfully resolved entitlement details
- Loaded All Assemblies, in  0.619 seconds
Refreshing native plugins compatible for Editor in 0.73 ms, found 3 plugins.
Native extension for WindowsStandalone target not found
[Package Manager] Failed to launch server process. Reason: Unity was launched with the -noUpm command-line argument
[Package Manager] Unable to send message (not connected to server process).
[Package Manager] Cannot connect to Unity Package Manager local server
ScheduleIndexationOnStartup MainProcess:False IndexOnStartup:True
Mono: successfully reloaded assembly
- Finished resetting the current domain, in  0.622 seconds
Domain Reload Profiling: 1241ms
	BeginReloadAssembly (180ms)
		ExecutionOrderSort (0ms)
		DisableScriptedObjects (5ms)
		BackupInstance (0ms)
		ReleaseScriptingObjects (0ms)
		CreateAndSetChildDomain (44ms)
	RebuildCommonClasses (30ms)
	RebuildNativeTypeToScriptingClass (10ms)
	initialDomainReloadingComplete (27ms)
	LoadAllAssembliesAndSetupDomain (371ms)
		LoadAssemblies (305ms)
		RebuildTransferFunctionScriptingTraits (0ms)
		AnalyzeDomain (146ms)
			TypeCache.Refresh (6ms)
				TypeCache.ScanAssembly (0ms)
			BuildScriptInfoCaches (128ms)
			ResolveRequiredComponents (8ms)
	FinalizeReload (622ms)
		ReleaseScriptCaches (0ms)
		RebuildScriptCaches (0ms)
		SetupLoadedEditorAssemblies (501ms)
			LogAssemblyErrors (0ms)
			InitializePlatformSupportModulesInManaged (1ms)
			SetLoadedEditorAssemblies (4ms)
			BeforeProcessingInitializeOnLoad (107ms)
			ProcessInitializeOnLoadAttributes (340ms)
			ProcessInitializeOnLoadMethodAttributes (45ms)
			AfterProcessingInitializeOnLoad (5ms)
			EditorAssembliesLoaded (0ms)
		ExecutionOrderSort2 (0ms)
		AwakeInstancesAfterBackupRestoration (14ms)
Refreshing native plugins compatible for Editor in 0.79 ms, found 3 plugins.
Preloading 0 native plugins for Editor in 0.00 ms.
Unloading 16 Unused Serialized files (Serialized files now loaded: 0)
Unloading 6201 unused Assets / (4.8 MB). Loaded Objects now: 7382.
Memory consumption went from 171.2 MB to 166.5 MB.
Total: 8.808800 ms (FindLiveObjects: 0.511300 ms CreateObjectMapping: 0.520800 ms MarkObjects: 5.068000 ms  DeleteObjects: 2.707700 ms)

Prepare: number of updated asset objects reloaded= 0
========================================================================
Received Prepare
Begin MonoManager ReloadAssembly
- Loaded All Assemblies, in  0.589 seconds
Refreshing native plugins compatible for Editor in 0.65 ms, found 3 plugins.
Native extension for WindowsStandalone target not found
[Package Manager] Failed to launch server process. Reason: Unity was launched with the -noUpm command-line argument
[Package Manager] Unable to send message (not connected to server process).
[Package Manager] Cannot connect to Unity Package Manager local server
ScheduleIndexationOnStartup MainProcess:False IndexOnStartup:True
Mono: successfully reloaded assembly
- Finished resetting the current domain, in  0.653 seconds
Domain Reload Profiling: 1241ms
	BeginReloadAssembly (169ms)
		ExecutionOrderSort (0ms)
		DisableScriptedObjects (5ms)
		BackupInstance (0ms)
		ReleaseScriptingObjects (0ms)
		CreateAndSetChildDomain (40ms)
	RebuildCommonClasses (29ms)
	RebuildNativeTypeToScriptingClass (10ms)
	initialDomainReloadingComplete (30ms)
	LoadAllAssembliesAndSetupDomain (350ms)
		LoadAssemblies (278ms)
		RebuildTransferFunctionScriptingTraits (0ms)
		AnalyzeDomain (147ms)
			TypeCache.Refresh (6ms)
				TypeCache.ScanAssembly (0ms)
			BuildScriptInfoCaches (128ms)
			ResolveRequiredComponents (8ms)
	FinalizeReload (653ms)
		ReleaseScriptCaches (0ms)
		RebuildScriptCaches (0ms)
		SetupLoadedEditorAssemblies (521ms)
			LogAssemblyErrors (0ms)
			InitializePlatformSupportModulesInManaged (1ms)
			SetLoadedEditorAssemblies (4ms)
			BeforeProcessingInitializeOnLoad (103ms)
			ProcessInitializeOnLoadAttributes (341ms)
			ProcessInitializeOnLoadMethodAttributes (65ms)
			AfterProcessingInitializeOnLoad (7ms)
			EditorAssembliesLoaded (0ms)
		ExecutionOrderSort2 (0ms)
		AwakeInstancesAfterBackupRestoration (19ms)
Refreshing native plugins compatible for Editor in 1.01 ms, found 3 plugins.
Preloading 0 native plugins for Editor in 0.00 ms.
Unloading 16 Unused Serialized files (Serialized files now loaded: 0)
Unloading 6201 unused Assets / (4.9 MB). Loaded Objects now: 7385.
Memory consumption went from 171.3 MB to 166.4 MB.
Total: 8.393000 ms (FindLiveObjects: 0.629900 ms CreateObjectMapping: 0.478200 ms MarkObjects: 4.808700 ms  DeleteObjects: 2.475100 ms)

Prepare: number of updated asset objects reloaded= 0
========================================================================
Received Prepare
Begin MonoManager ReloadAssembly
[Licensing::Client] Successfully resolved entitlement details
- Loaded All Assemblies, in  0.594 seconds
Refreshing native plugins compatible for Editor in 0.70 ms, found 3 plugins.
Native extension for WindowsStandalone target not found
[Package Manager] Failed to launch server process. Reason: Unity was launched with the -noUpm command-line argument
[Package Manager] Unable to send message (not connected to server process).
[Package Manager] Cannot connect to Unity Package Manager local server
ScheduleIndexationOnStartup MainProcess:False IndexOnStartup:True
Mono: successfully reloaded assembly
- Finished resetting the current domain, in  0.621 seconds
Domain Reload Profiling: 1215ms
	BeginReloadAssembly (173ms)
		ExecutionOrderSort (0ms)
		DisableScriptedObjects (4ms)
		BackupInstance (0ms)
		ReleaseScriptingObjects (0ms)
		CreateAndSetChildDomain (41ms)
	RebuildCommonClasses (29ms)
	RebuildNativeTypeToScriptingClass (11ms)
	initialDomainReloadingComplete (28ms)
	LoadAllAssembliesAndSetupDomain (353ms)
		LoadAssemblies (284ms)
		RebuildTransferFunctionScriptingTraits (0ms)
		AnalyzeDomain (145ms)
			TypeCache.Refresh (6ms)
				TypeCache.ScanAssembly (0ms)
			BuildScriptInfoCaches (127ms)
			ResolveRequiredComponents (8ms)
	FinalizeReload (621ms)
		ReleaseScriptCaches (0ms)
		RebuildScriptCaches (0ms)
		SetupLoadedEditorAssemblies (504ms)
			LogAssemblyErrors (0ms)
			InitializePlatformSupportModulesInManaged (1ms)
			SetLoadedEditorAssemblies (4ms)
			BeforeProcessingInitializeOnLoad (108ms)
			ProcessInitializeOnLoadAttributes (340ms)
			ProcessInitializeOnLoadMethodAttributes (46ms)
			AfterProcessingInitializeOnLoad (5ms)
			EditorAssembliesLoaded (0ms)
		ExecutionOrderSort2 (0ms)
		AwakeInstancesAfterBackupRestoration (13ms)
Refreshing native plugins compatible for Editor in 0.79 ms, found 3 plugins.
Preloading 0 native plugins for Editor in 0.00 ms.
Unloading 16 Unused Serialized files (Serialized files now loaded: 0)
Unloading 6201 unused Assets / (4.4 MB). Loaded Objects now: 7388.
Memory consumption went from 171.3 MB to 166.9 MB.
Total: 8.358100 ms (FindLiveObjects: 0.805600 ms CreateObjectMapping: 0.517100 ms MarkObjects: 4.868300 ms  DeleteObjects: 2.166300 ms)

Prepare: number of updated asset objects reloaded= 0
========================================================================
Received Prepare
Begin MonoManager ReloadAssembly
- Loaded All Assemblies, in  0.607 seconds
Refreshing native plugins compatible for Editor in 0.62 ms, found 3 plugins.
Native extension for WindowsStandalone target not found
[Package Manager] Failed to launch server process. Reason: Unity was launched with the -noUpm command-line argument
[Package Manager] Unable to send message (not connected to server process).
[Package Manager] Cannot connect to Unity Package Manager local server
ScheduleIndexationOnStartup MainProcess:False IndexOnStartup:True
Mono: successfully reloaded assembly
- Finished resetting the current domain, in  0.620 seconds
Domain Reload Profiling: 1227ms
	BeginReloadAssembly (185ms)
		ExecutionOrderSort (0ms)
		DisableScriptedObjects (4ms)
		BackupInstance (0ms)
		ReleaseScriptingObjects (0ms)
		CreateAndSetChildDomain (47ms)
	RebuildCommonClasses (29ms)
	RebuildNativeTypeToScriptingClass (10ms)
	initialDomainReloadingComplete (23ms)
	LoadAllAssembliesAndSetupDomain (360ms)
		LoadAssemblies (300ms)
		RebuildTransferFunctionScriptingTraits (0ms)
		AnalyzeDomain (143ms)
			TypeCache.Refresh (6ms)
				TypeCache.ScanAssembly (0ms)
			BuildScriptInfoCaches (125ms)
			ResolveRequiredComponents (8ms)
	FinalizeReload (620ms)
		ReleaseScriptCaches (0ms)
		RebuildScriptCaches (0ms)
		SetupLoadedEditorAssemblies (500ms)
			LogAssemblyErrors (0ms)
			InitializePlatformSupportModulesInManaged (1ms)
			SetLoadedEditorAssemblies (4ms)
			BeforeProcessingInitializeOnLoad (105ms)
			ProcessInitializeOnLoadAttributes (341ms)
			ProcessInitializeOnLoadMethodAttributes (45ms)
			AfterProcessingInitializeOnLoad (5ms)
			EditorAssembliesLoaded (0ms)
		ExecutionOrderSort2 (0ms)
		AwakeInstancesAfterBackupRestoration (14ms)
Refreshing native plugins compatible for Editor in 1.38 ms, found 3 plugins.
Preloading 0 native plugins for Editor in 0.00 ms.
Unloading 16 Unused Serialized files (Serialized files now loaded: 0)
Unloading 6201 unused Assets / (4.6 MB). Loaded Objects now: 7391.
Memory consumption went from 171.4 MB to 166.8 MB.
Total: 8.485100 ms (FindLiveObjects: 0.579500 ms CreateObjectMapping: 0.544000 ms MarkObjects: 4.988800 ms  DeleteObjects: 2.371900 ms)

Prepare: number of updated asset objects reloaded= 0
========================================================================
Received Prepare
Begin MonoManager ReloadAssembly
[Licensing::Client] Successfully resolved entitlement details
- Loaded All Assemblies, in  0.604 seconds
Refreshing native plugins compatible for Editor in 0.57 ms, found 3 plugins.
Native extension for WindowsStandalone target not found
[Package Manager] Failed to launch server process. Reason: Unity was launched with the -noUpm command-line argument
[Package Manager] Unable to send message (not connected to server process).
[Package Manager] Cannot connect to Unity Package Manager local server
ScheduleIndexationOnStartup MainProcess:False IndexOnStartup:True
Mono: successfully reloaded assembly
- Finished resetting the current domain, in  0.635 seconds
Domain Reload Profiling: 1239ms
	BeginReloadAssembly (173ms)
		ExecutionOrderSort (0ms)
		DisableScriptedObjects (5ms)
		BackupInstance (0ms)
		ReleaseScriptingObjects (0ms)
		CreateAndSetChildDomain (42ms)
	RebuildCommonClasses (29ms)
	RebuildNativeTypeToScriptingClass (10ms)
	initialDomainReloadingComplete (28ms)
	LoadAllAssembliesAndSetupDomain (364ms)
		LoadAssemblies (288ms)
		RebuildTransferFunctionScriptingTraits (0ms)
		AnalyzeDomain (148ms)
			TypeCache.Refresh (6ms)
				TypeCache.ScanAssembly (0ms)
			BuildScriptInfoCaches (130ms)
			ResolveRequiredComponents (8ms)
	FinalizeReload (636ms)
		ReleaseScriptCaches (0ms)
		RebuildScriptCaches (0ms)
		SetupLoadedEditorAssemblies (508ms)
			LogAssemblyErrors (0ms)
			InitializePlatformSupportModulesInManaged (1ms)
			SetLoadedEditorAssemblies (4ms)
			BeforeProcessingInitializeOnLoad (106ms)
			ProcessInitializeOnLoadAttributes (345ms)
			ProcessInitializeOnLoadMethodAttributes (46ms)
			AfterProcessingInitializeOnLoad (5ms)
			EditorAssembliesLoaded (0ms)
		ExecutionOrderSort2 (0ms)
		AwakeInstancesAfterBackupRestoration (14ms)
Refreshing native plugins compatible for Editor in 0.67 ms, found 3 plugins.
Preloading 0 native plugins for Editor in 0.00 ms.
Unloading 16 Unused Serialized files (Serialized files now loaded: 0)
Unloading 6201 unused Assets / (4.1 MB). Loaded Objects now: 7394.
Memory consumption went from 171.5 MB to 167.4 MB.
Total: 6.228500 ms (FindLiveObjects: 0.501700 ms CreateObjectMapping: 0.411700 ms MarkObjects: 3.822400 ms  DeleteObjects: 1.492300 ms)

Prepare: number of updated asset objects reloaded= 0
========================================================================
Received Prepare
Begin MonoManager ReloadAssembly
[Licensing::Client] Successfully resolved entitlement details
- Loaded All Assemblies, in  0.597 seconds
Refreshing native plugins compatible for Editor in 0.97 ms, found 3 plugins.
Native extension for WindowsStandalone target not found
[Package Manager] Failed to launch server process. Reason: Unity was launched with the -noUpm command-line argument
[Package Manager] Unable to send message (not connected to server process).
[Package Manager] Cannot connect to Unity Package Manager local server
ScheduleIndexationOnStartup MainProcess:False IndexOnStartup:True
Mono: successfully reloaded assembly
- Finished resetting the current domain, in  0.628 seconds
Domain Reload Profiling: 1225ms
	BeginReloadAssembly (180ms)
		ExecutionOrderSort (0ms)
		DisableScriptedObjects (4ms)
		BackupInstance (0ms)
		ReleaseScriptingObjects (0ms)
		CreateAndSetChildDomain (41ms)
	RebuildCommonClasses (28ms)
	RebuildNativeTypeToScriptingClass (10ms)
	initialDomainReloadingComplete (27ms)
	LoadAllAssembliesAndSetupDomain (352ms)
		LoadAssemblies (286ms)
		RebuildTransferFunctionScriptingTraits (0ms)
		AnalyzeDomain (147ms)
			TypeCache.Refresh (6ms)
				TypeCache.ScanAssembly (0ms)
			BuildScriptInfoCaches (129ms)
			ResolveRequiredComponents (9ms)
	FinalizeReload (629ms)
		ReleaseScriptCaches (0ms)
		RebuildScriptCaches (0ms)
		SetupLoadedEditorAssemblies (508ms)
			LogAssemblyErrors (0ms)
			InitializePlatformSupportModulesInManaged (1ms)
			SetLoadedEditorAssemblies (5ms)
			BeforeProcessingInitializeOnLoad (114ms)
			ProcessInitializeOnLoadAttributes (337ms)
			ProcessInitializeOnLoadMethodAttributes (46ms)
			AfterProcessingInitializeOnLoad (5ms)
			EditorAssembliesLoaded (0ms)
		ExecutionOrderSort2 (0ms)
		AwakeInstancesAfterBackupRestoration (14ms)
Refreshing native plugins compatible for Editor in 0.65 ms, found 3 plugins.
Preloading 0 native plugins for Editor in 0.00 ms.
Unloading 16 Unused Serialized files (Serialized files now loaded: 0)
Unloading 6201 unused Assets / (4.3 MB). Loaded Objects now: 7397.
Memory consumption went from 171.5 MB to 167.2 MB.
Total: 6.458700 ms (FindLiveObjects: 0.487000 ms CreateObjectMapping: 0.419800 ms MarkObjects: 3.859900 ms  DeleteObjects: 1.691400 ms)

Prepare: number of updated asset objects reloaded= 0
========================================================================
Received Import Request.
  Time since last request: 629.284396 seconds.
  path: Assets/enemigos/enemigo Variant.prefab
  artifactKey: Guid(f051ed3317931a2498339d192c4b9024) Importer(815301076,1909f56bfc062723c751e8b465ee728b)
Start importing Assets/enemigos/enemigo Variant.prefab using Guid(f051ed3317931a2498339d192c4b9024) Importer(815301076,1909f56bfc062723c751e8b465ee728b) (PreviewImporter) -> (artifact id: '5c6c65aa5ba6ec5a129f0c49ad1ad048') in 0.4324256 seconds
Number of updated asset objects reloaded before import = 0Number of asset objects unloaded after import = 422

========================================================================
Received Import Request.
  Time since last request: 3.786047 seconds.
  path: Assets/enemigos/SKM_ArachnidAlienHead_Lite Variant.prefab
  artifactKey: Guid(45558ddef0032d94ca70d3dbbfd64bbc) Importer(815301076,1909f56bfc062723c751e8b465ee728b)
Start importing Assets/enemigos/SKM_ArachnidAlienHead_Lite Variant.prefab using Guid(45558ddef0032d94ca70d3dbbfd64bbc) Importer(815301076,1909f56bfc062723c751e8b465ee728b) (PreviewImporter) -> (artifact id: 'a07b4ac59e7b51b92613dc1ac5b0888e') in 0.0230485 seconds
Number of updated asset objects reloaded before import = 0Number of asset objects unloaded after import = 183

========================================================================
Received Prepare
Begin MonoManager ReloadAssembly
[Licensing::Client] Successfully resolved entitlement details
- Loaded All Assemblies, in  0.646 seconds
Refreshing native plugins compatible for Editor in 0.58 ms, found 3 plugins.
Native extension for WindowsStandalone target not found
[Package Manager] Failed to launch server process. Reason: Unity was launched with the -noUpm command-line argument
[Package Manager] Unable to send message (not connected to server process).
[Package Manager] Cannot connect to Unity Package Manager local server
ScheduleIndexationOnStartup MainProcess:False IndexOnStartup:True
Mono: successfully reloaded assembly
- Finished resetting the current domain, in  0.642 seconds
Domain Reload Profiling: 1287ms
	BeginReloadAssembly (215ms)
		ExecutionOrderSort (0ms)
		DisableScriptedObjects (18ms)
		BackupInstance (0ms)
		ReleaseScriptingObjects (0ms)
		CreateAndSetChildDomain (66ms)
	RebuildCommonClasses (29ms)
	RebuildNativeTypeToScriptingClass (11ms)
	initialDomainReloadingComplete (30ms)
	LoadAllAssembliesAndSetupDomain (360ms)
		LoadAssemblies (290ms)
		RebuildTransferFunctionScriptingTraits (0ms)
		AnalyzeDomain (146ms)
			TypeCache.Refresh (6ms)
				TypeCache.ScanAssembly (0ms)
			BuildScriptInfoCaches (128ms)
			ResolveRequiredComponents (8ms)
	FinalizeReload (642ms)
		ReleaseScriptCaches (0ms)
		RebuildScriptCaches (0ms)
		SetupLoadedEditorAssemblies (516ms)
			LogAssemblyErrors (0ms)
			InitializePlatformSupportModulesInManaged (1ms)
			SetLoadedEditorAssemblies (4ms)
			BeforeProcessingInitializeOnLoad (108ms)
			ProcessInitializeOnLoadAttributes (352ms)
			ProcessInitializeOnLoadMethodAttributes (47ms)
			AfterProcessingInitializeOnLoad (4ms)
			EditorAssembliesLoaded (0ms)
		ExecutionOrderSort2 (0ms)
		AwakeInstancesAfterBackupRestoration (15ms)
Refreshing native plugins compatible for Editor in 0.66 ms, found 3 plugins.
Preloading 0 native plugins for Editor in 0.00 ms.
Unloading 16 Unused Serialized files (Serialized files now loaded: 0)
Unloading 6201 unused Assets / (4.5 MB). Loaded Objects now: 7420.
Memory consumption went from 171.8 MB to 167.2 MB.
Total: 8.777100 ms (FindLiveObjects: 0.871000 ms CreateObjectMapping: 0.581900 ms MarkObjects: 4.851300 ms  DeleteObjects: 2.472100 ms)

Prepare: number of updated asset objects reloaded= 0
========================================================================
Received Import Request.
  Time since last request: 158.628586 seconds.
  path: Assets/enemigos/SKM_ArachnidAlienHead_Lite Variant.prefab
  artifactKey: Guid(45558ddef0032d94ca70d3dbbfd64bbc) Importer(815301076,1909f56bfc062723c751e8b465ee728b)
Start importing Assets/enemigos/SKM_ArachnidAlienHead_Lite Variant.prefab using Guid(45558ddef0032d94ca70d3dbbfd64bbc) Importer(815301076,1909f56bfc062723c751e8b465ee728b) (PreviewImporter) -> (artifact id: '6f3e63cf09d6de821e9e33396ab00f23') in 0.3890932 seconds
Number of updated asset objects reloaded before import = 0Number of asset objects unloaded after import = 183

========================================================================
Received Import Request.
  Time since last request: 188.992486 seconds.
  path: Assets/Triangularity/ColorfulCity/Models
  artifactKey: Guid(ebee1fb521a193f4a9c2a7d9d1f74c89) Importer(815301076,1909f56bfc062723c751e8b465ee728b)
Start importing Assets/Triangularity/ColorfulCity/Models using Guid(ebee1fb521a193f4a9c2a7d9d1f74c89) Importer(815301076,1909f56bfc062723c751e8b465ee728b) (PreviewImporter) -> (artifact id: 'bdb86ba4ee09c7a3702232ca9f99b27c') in 0.0010328 seconds
Number of updated asset objects reloaded before import = 0Number of asset objects unloaded after import = 0

========================================================================
Received Import Request.
  Time since last request: 16.506639 seconds.
  path: Assets/ASSENTS/Tiny_Toony_City_Demo/PolygonBlacksmith/TT_Citizens_demo/models/TT_demo_female.FBX
  artifactKey: Guid(8f2819ec541c5ea458231eafa3b5f1ae) Importer(815301076,1909f56bfc062723c751e8b465ee728b)
Start importing Assets/ASSENTS/Tiny_Toony_City_Demo/PolygonBlacksmith/TT_Citizens_demo/models/TT_demo_female.FBX using Guid(8f2819ec541c5ea458231eafa3b5f1ae) Importer(815301076,1909f56bfc062723c751e8b465ee728b) (PreviewImporter) -> (artifact id: '943ff78d89200b75154d5e867d0db115') in 0.0600221 seconds
Number of updated asset objects reloaded before import = 0Number of asset objects unloaded after import = 78

========================================================================
Received Import Request.
  Time since last request: 0.000027 seconds.
  path: Assets/ASSENTS/Tiny_Toony_City_Demo/PolygonBlacksmith/TT_Citizens_demo/models/TT_demo_police.FBX
  artifactKey: Guid(d5480912f7a1d7a4294a1ce13a774f7d) Importer(815301076,1909f56bfc062723c751e8b465ee728b)
Start importing Assets/ASSENTS/Tiny_Toony_City_Demo/PolygonBlacksmith/TT_Citizens_demo/models/TT_demo_police.FBX using Guid(d5480912f7a1d7a4294a1ce13a774f7d) Importer(815301076,1909f56bfc062723c751e8b465ee728b) (PreviewImporter) -> (artifact id: 'c461166958d70fa6bc227087a59154c5') in 0.0401494 seconds
Number of updated asset objects reloaded before import = 0Number of asset objects unloaded after import = 76

========================================================================
Received Import Request.
  Time since last request: 0.000031 seconds.
  path: Assets/ASSENTS/Tiny_Toony_City_Demo/PolygonBlacksmith/TT_Citizens_demo/models/TT_demo_male_B.FBX
  artifactKey: Guid(8fa2a9d0520e5304190570b9b32fff5a) Importer(815301076,1909f56bfc062723c751e8b465ee728b)
Start importing Assets/ASSENTS/Tiny_Toony_City_Demo/PolygonBlacksmith/TT_Citizens_demo/models/TT_demo_male_B.FBX using Guid(8fa2a9d0520e5304190570b9b32fff5a) Importer(815301076,1909f56bfc062723c751e8b465ee728b) (PreviewImporter) -> (artifact id: '6a9778db7bc63222a8a763cac646186b') in 0.0210675 seconds
Number of updated asset objects reloaded before import = 0Number of asset objects unloaded after import = 71

========================================================================
Received Import Request.
  Time since last request: 5.227889 seconds.
  path: Assets/ASSENTS/Tiny_Toony_City_Demo/Meshes/Car_B1.fbx
  artifactKey: Guid(f92ee84dce639884882c4ffddd3b28c6) Importer(815301076,1909f56bfc062723c751e8b465ee728b)
Start importing Assets/ASSENTS/Tiny_Toony_City_Demo/Meshes/Car_B1.fbx using Guid(f92ee84dce639884882c4ffddd3b28c6) Importer(815301076,1909f56bfc062723c751e8b465ee728b) (PreviewImporter) -> (artifact id: 'beb371b25356d472f966facce269c362') in 0.0537544 seconds
Number of updated asset objects reloaded before import = 0Number of asset objects unloaded after import = 31

========================================================================
Received Import Request.
  Time since last request: 0.000027 seconds.
  path: Assets/ASSENTS/Tiny_Toony_City_Demo/Meshes/Demo_Block.fbx
  artifactKey: Guid(3c7d5dece75cf9845ad850601668e7d8) Importer(815301076,1909f56bfc062723c751e8b465ee728b)
Start importing Assets/ASSENTS/Tiny_Toony_City_Demo/Meshes/Demo_Block.fbx using Guid(3c7d5dece75cf9845ad850601668e7d8) Importer(815301076,1909f56bfc062723c751e8b465ee728b) (PreviewImporter) -> (artifact id: '3010d3950842f29f38022b8b2d40dfe6') in 0.1579899 seconds
Number of updated asset objects reloaded before import = 0Number of asset objects unloaded after import = 91

========================================================================
Received Import Request.
  Time since last request: 4.688692 seconds.
  path: Assets/ASSENTS/Tiny_Toony_City_Demo/Prefabs/Car_B1.prefab
  artifactKey: Guid(21784e75583bd7847b965f9b16505160) Importer(815301076,1909f56bfc062723c751e8b465ee728b)
Start importing Assets/ASSENTS/Tiny_Toony_City_Demo/Prefabs/Car_B1.prefab using Guid(21784e75583bd7847b965f9b16505160) Importer(815301076,1909f56bfc062723c751e8b465ee728b) (PreviewImporter) -> (artifact id: 'aa47c834cceca87cce70429704861e24') in 0.0101876 seconds
Number of updated asset objects reloaded before import = 0Number of asset objects unloaded after import = 31

========================================================================
Received Import Request.
  Time since last request: 5.147878 seconds.
  path: Assets/enemigo Variant.prefab
  artifactKey: Guid(5e5e6b87cc9d67547af15e0d1a5f6473) Importer(815301076,1909f56bfc062723c751e8b465ee728b)
Start importing Assets/enemigo Variant.prefab using Guid(5e5e6b87cc9d67547af15e0d1a5f6473) Importer(815301076,1909f56bfc062723c751e8b465ee728b) (PreviewImporter) -> (artifact id: 'ebe0c25576cc4eb43100ba1f98446cfa') in 0.0375084 seconds
Number of updated asset objects reloaded before import = 0Number of asset objects unloaded after import = 284

========================================================================
Received Import Request.
  Time since last request: 154.034508 seconds.
  path: Assets/Scripts/EnemyAI.cs
  artifactKey: Guid(f264878a7bc23134d825b114219bb9ae) Importer(2089858483,b0f066a214c2f5e87bad3c948f4d605d)
Start importing Assets/Scripts/EnemyAI.cs using Guid(f264878a7bc23134d825b114219bb9ae) Importer(2089858483,b0f066a214c2f5e87bad3c948f4d605d) (ScriptedImporter) -> (artifact id: '73750caa9b54f1cc27ac948c6a702975') in 0.0610355 seconds
Number of updated asset objects reloaded before import = 0Number of asset objects unloaded after import = 0

========================================================================
Received Import Request.
  Time since last request: 0.000024 seconds.
  path: Assets/Stocklancer/ArachnidAlienHead_Lite/Demo/Settings/Performant_PipelineAsset.asset
  artifactKey: Guid(045e4046b30718645a143381a443c8a9) Importer(2089858483,b0f066a214c2f5e87bad3c948f4d605d)
Start importing Assets/Stocklancer/ArachnidAlienHead_Lite/Demo/Settings/Performant_PipelineAsset.asset using Guid(045e4046b30718645a143381a443c8a9) Importer(2089858483,b0f066a214c2f5e87bad3c948f4d605d) (ScriptedImporter) -> (artifact id: 'ef21abb28e304b702673f08c7725effb') in 0.0689685 seconds
Number of updated asset objects reloaded before import = 0Number of asset objects unloaded after import = 2

========================================================================
Received Import Request.
  Time since last request: 0.000032 seconds.
  path: Assets/Stocklancer/ArachnidAlienHead_Lite/Demo/Settings/High Fidelity_PipelineAsset.asset
  artifactKey: Guid(6bfdb2a410386594facfda3b8e5849dc) Importer(2089858483,b0f066a214c2f5e87bad3c948f4d605d)
Start importing Assets/Stocklancer/ArachnidAlienHead_Lite/Demo/Settings/High Fidelity_PipelineAsset.asset using Guid(6bfdb2a410386594facfda3b8e5849dc) Importer(2089858483,b0f066a214c2f5e87bad3c948f4d605d) (ScriptedImporter) -> (artifact id: 'e533f4ccbccda122da0ff36170827f52') in 0.0081684 seconds
Number of updated asset objects reloaded before import = 0Number of asset objects unloaded after import = 2

========================================================================
Received Import Request.
  Time since last request: 0.000020 seconds.
  path: Assets/Stocklancer/ArachnidAlienHead_Lite/Demo/Settings/Balanced_PipelineAsset.asset
  artifactKey: Guid(4a604a05912eaff47ad5d61e0e99bb83) Importer(2089858483,b0f066a214c2f5e87bad3c948f4d605d)
Start importing Assets/Stocklancer/ArachnidAlienHead_Lite/Demo/Settings/Balanced_PipelineAsset.asset using Guid(4a604a05912eaff47ad5d61e0e99bb83) Importer(2089858483,b0f066a214c2f5e87bad3c948f4d605d) (ScriptedImporter) -> (artifact id: '3c37d9b8c8e12ab906c23ae099c4057f') in 0.0102945 seconds
Number of updated asset objects reloaded before import = 0Number of asset objects unloaded after import = 2

========================================================================
Received Import Request.
  Time since last request: 0.000023 seconds.
  path: Assets/enemigos/SKM_ArachnidAlienHead_Lite Variant.prefab
  artifactKey: Guid(45558ddef0032d94ca70d3dbbfd64bbc) Importer(2089858483,b0f066a214c2f5e87bad3c948f4d605d)
Start importing Assets/enemigos/SKM_ArachnidAlienHead_Lite Variant.prefab using Guid(45558ddef0032d94ca70d3dbbfd64bbc) Importer(2089858483,b0f066a214c2f5e87bad3c948f4d605d) (ScriptedImporter) -> (artifact id: '1e460fd1d0698a8d5bfd6e24b82424bc') in 0.0259287 seconds
Number of updated asset objects reloaded before import = 0Number of asset objects unloaded after import = 174

========================================================================
Received Import Request.
  Time since last request: 1.633878 seconds.
  path: Assets/rojo.mat
  artifactKey: Guid(6c191317fd941bd41b525d449e216aea) Importer(815301076,1909f56bfc062723c751e8b465ee728b)
Start importing Assets/rojo.mat using Guid(6c191317fd941bd41b525d449e216aea) Importer(815301076,1909f56bfc062723c751e8b465ee728b) (PreviewImporter) -> (artifact id: 'eee1a7608666892945adc94039e48f05') in 0.0313107 seconds
Number of updated asset objects reloaded before import = 0Number of asset objects unloaded after import = 1

========================================================================
Received Import Request.
  Time since last request: 0.913856 seconds.
  path: Assets/rojo.mat
  artifactKey: Guid(6c191317fd941bd41b525d449e216aea) Importer(2089858483,b0f066a214c2f5e87bad3c948f4d605d)
Start importing Assets/rojo.mat using Guid(6c191317fd941bd41b525d449e216aea) Importer(2089858483,b0f066a214c2f5e87bad3c948f4d605d) (ScriptedImporter) -> (artifact id: '8d571e245fe923817a1c076cf71e84de') in 0.0061814 seconds
Number of updated asset objects reloaded before import = 0Number of asset objects unloaded after import = 1

========================================================================
Received Prepare
Refreshing native plugins compatible for Editor in 2.04 ms, found 3 plugins.
Preloading 0 native plugins for Editor in 0.00 ms.
Unloading 16 Unused Serialized files (Serialized files now loaded: 0)
Unloading 6196 unused Assets / (4.3 MB). Loaded Objects now: 7551.
Memory consumption went from 177.0 MB to 172.7 MB.
Total: 15.763400 ms (FindLiveObjects: 1.095200 ms CreateObjectMapping: 0.576800 ms MarkObjects: 11.402900 ms  DeleteObjects: 2.685100 ms)

Prepare: number of updated asset objects reloaded= 0
========================================================================
Received Import Request.
  Time since last request: 189.506011 seconds.
  path: Assets/Scripts/PlayerHealth1.cs
  artifactKey: Guid(b91251738c2b40545899658fab0e4441) Importer(2089858483,b0f066a214c2f5e87bad3c948f4d605d)
Start importing Assets/Scripts/PlayerHealth1.cs using Guid(b91251738c2b40545899658fab0e4441) Importer(2089858483,b0f066a214c2f5e87bad3c948f4d605d) (ScriptedImporter) -> (artifact id: '47ad6c2caf56aeb0ea69c3904e580155') in 0.0156351 seconds
Number of updated asset objects reloaded before import = 0Number of asset objects unloaded after import = 0

========================================================================
Received Prepare
Begin MonoManager ReloadAssembly
[Licensing::Client] Successfully resolved entitlement details
- Loaded All Assemblies, in  0.623 seconds
Refreshing native plugins compatible for Editor in 0.57 ms, found 3 plugins.
Native extension for WindowsStandalone target not found
[Package Manager] Failed to launch server process. Reason: Unity was launched with the -noUpm command-line argument
[Package Manager] Unable to send message (not connected to server process).
[Package Manager] Cannot connect to Unity Package Manager local server
ScheduleIndexationOnStartup MainProcess:False IndexOnStartup:True
Mono: successfully reloaded assembly
- Finished resetting the current domain, in  0.664 seconds
Domain Reload Profiling: 1288ms
	BeginReloadAssembly (191ms)
		ExecutionOrderSort (0ms)
		DisableScriptedObjects (6ms)
		BackupInstance (0ms)
		ReleaseScriptingObjects (0ms)
		CreateAndSetChildDomain (53ms)
	RebuildCommonClasses (27ms)
	RebuildNativeTypeToScriptingClass (10ms)
	initialDomainReloadingComplete (22ms)
	LoadAllAssembliesAndSetupDomain (373ms)
		LoadAssemblies (304ms)
		RebuildTransferFunctionScriptingTraits (0ms)
		AnalyzeDomain (151ms)
			TypeCache.Refresh (8ms)
				TypeCache.ScanAssembly (0ms)
			BuildScriptInfoCaches (132ms)
			ResolveRequiredComponents (8ms)
	FinalizeReload (665ms)
		ReleaseScriptCaches (0ms)
		RebuildScriptCaches (0ms)
		SetupLoadedEditorAssemblies (536ms)
			LogAssemblyErrors (0ms)
			InitializePlatformSupportModulesInManaged (1ms)
			SetLoadedEditorAssemblies (4ms)
			BeforeProcessingInitializeOnLoad (111ms)
			ProcessInitializeOnLoadAttributes (367ms)
			ProcessInitializeOnLoadMethodAttributes (47ms)
			AfterProcessingInitializeOnLoad (4ms)
			EditorAssembliesLoaded (0ms)
		ExecutionOrderSort2 (0ms)
		AwakeInstancesAfterBackupRestoration (15ms)
Refreshing native plugins compatible for Editor in 0.63 ms, found 3 plugins.
Preloading 0 native plugins for Editor in 0.00 ms.
Unloading 16 Unused Serialized files (Serialized files now loaded: 0)
Unloading 6201 unused Assets / (4.2 MB). Loaded Objects now: 7462.
Memory consumption went from 171.9 MB to 167.6 MB.
Total: 6.420500 ms (FindLiveObjects: 0.485400 ms CreateObjectMapping: 0.416600 ms MarkObjects: 3.870400 ms  DeleteObjects: 1.647400 ms)

Prepare: number of updated asset objects reloaded= 0
========================================================================
Received Prepare
Refreshing native plugins compatible for Editor in 2.19 ms, found 3 plugins.
Preloading 0 native plugins for Editor in 0.00 ms.
Unloading 16 Unused Serialized files (Serialized files now loaded: 0)
Unloading 6195 unused Assets / (4.2 MB). Loaded Objects now: 7462.
Memory consumption went from 171.9 MB to 167.7 MB.
Total: 18.052800 ms (FindLiveObjects: 1.304900 ms CreateObjectMapping: 2.345300 ms MarkObjects: 7.261700 ms  DeleteObjects: 7.139300 ms)

Prepare: number of updated asset objects reloaded= 0
========================================================================
Received Prepare
Begin MonoManager ReloadAssembly
- Loaded All Assemblies, in  1.137 seconds
Refreshing native plugins compatible for Editor in 0.60 ms, found 3 plugins.
Native extension for WindowsStandalone target not found
[Package Manager] Failed to launch server process. Reason: Unity was launched with the -noUpm command-line argument
[Package Manager] Unable to send message (not connected to server process).
[Package Manager] Cannot connect to Unity Package Manager local server
ScheduleIndexationOnStartup MainProcess:False IndexOnStartup:True
Mono: successfully reloaded assembly
- Finished resetting the current domain, in  0.626 seconds
Domain Reload Profiling: 1753ms
	BeginReloadAssembly (257ms)
		ExecutionOrderSort (0ms)
		DisableScriptedObjects (8ms)
		BackupInstance (0ms)
		ReleaseScriptingObjects (0ms)
		CreateAndSetChildDomain (47ms)
	RebuildCommonClasses (57ms)
	RebuildNativeTypeToScriptingClass (27ms)
	initialDomainReloadingComplete (41ms)
	LoadAllAssembliesAndSetupDomain (745ms)
		LoadAssemblies (495ms)
		RebuildTransferFunctionScriptingTraits (0ms)
		AnalyzeDomain (377ms)
			TypeCache.Refresh (11ms)
				TypeCache.ScanAssembly (1ms)
			BuildScriptInfoCaches (351ms)
			ResolveRequiredComponents (10ms)
	FinalizeReload (626ms)
		ReleaseScriptCaches (0ms)
		RebuildScriptCaches (0ms)
		SetupLoadedEditorAssemblies (492ms)
			LogAssemblyErrors (0ms)
			InitializePlatformSupportModulesInManaged (1ms)
			SetLoadedEditorAssemblies (4ms)
			BeforeProcessingInitializeOnLoad (107ms)
			ProcessInitializeOnLoadAttributes (330ms)
			ProcessInitializeOnLoadMethodAttributes (45ms)
			AfterProcessingInitializeOnLoad (4ms)
			EditorAssembliesLoaded (0ms)
		ExecutionOrderSort2 (0ms)
		AwakeInstancesAfterBackupRestoration (14ms)
Refreshing native plugins compatible for Editor in 0.70 ms, found 3 plugins.
Preloading 0 native plugins for Editor in 0.00 ms.
Unloading 16 Unused Serialized files (Serialized files now loaded: 0)
Unloading 6201 unused Assets / (4.4 MB). Loaded Objects now: 7465.
Memory consumption went from 171.7 MB to 167.3 MB.
Total: 6.329600 ms (FindLiveObjects: 0.483900 ms CreateObjectMapping: 0.418300 ms MarkObjects: 3.771300 ms  DeleteObjects: 1.655500 ms)

Prepare: number of updated asset objects reloaded= 0
========================================================================
Received Import Request.
  Time since last request: 37.773329 seconds.
  path: Assets/Scripts/GameManager.cs
  artifactKey: Guid(6eb940374ceaeb543998c240481b886d) Importer(2089858483,b0f066a214c2f5e87bad3c948f4d605d)
Start importing Assets/Scripts/GameManager.cs using Guid(6eb940374ceaeb543998c240481b886d) Importer(2089858483,b0f066a214c2f5e87bad3c948f4d605d) (ScriptedImporter) -> (artifact id: '4b14fde03d2b2aca7108038f36c51a69') in 0.0614491 seconds
Number of updated asset objects reloaded before import = 0Number of asset objects unloaded after import = 0

========================================================================
Received Prepare
Refreshing native plugins compatible for Editor in 0.72 ms, found 3 plugins.
Preloading 0 native plugins for Editor in 0.00 ms.
Unloading 16 Unused Serialized files (Serialized files now loaded: 0)
Unloading 6196 unused Assets / (4.2 MB). Loaded Objects now: 7466.
Memory consumption went from 171.9 MB to 167.7 MB.
Total: 6.399000 ms (FindLiveObjects: 0.527100 ms CreateObjectMapping: 0.427100 ms MarkObjects: 3.889000 ms  DeleteObjects: 1.555400 ms)

Prepare: number of updated asset objects reloaded= 0
========================================================================
Received Import Request.
  Time since last request: 2.560765 seconds.
  path: Assets/Scripts/HealthPickup.cs
  artifactKey: Guid(14d2150f0a278b642877ed9316c6d53f) Importer(815301076,1909f56bfc062723c751e8b465ee728b)
Start importing Assets/Scripts/HealthPickup.cs using Guid(14d2150f0a278b642877ed9316c6d53f) Importer(815301076,1909f56bfc062723c751e8b465ee728b) (PreviewImporter) -> (artifact id: 'd1ac3a85e652fa2c92f2db64f7a7b793') in 0.004385 seconds
Number of updated asset objects reloaded before import = 0Number of asset objects unloaded after import = 0

========================================================================
Received Import Request.
  Time since last request: 0.536040 seconds.
  path: Assets/Scripts/HealthPickup.cs
  artifactKey: Guid(14d2150f0a278b642877ed9316c6d53f) Importer(2089858483,b0f066a214c2f5e87bad3c948f4d605d)
Start importing Assets/Scripts/HealthPickup.cs using Guid(14d2150f0a278b642877ed9316c6d53f) Importer(2089858483,b0f066a214c2f5e87bad3c948f4d605d) (ScriptedImporter) -> (artifact id: 'bd91700fa798558e1a7d4484c6f9f746') in 0.002431 seconds
Number of updated asset objects reloaded before import = 0Number of asset objects unloaded after import = 0

========================================================================
Received Prepare
Refreshing native plugins compatible for Editor in 2.47 ms, found 3 plugins.
Preloading 0 native plugins for Editor in 0.00 ms.
Unloading 16 Unused Serialized files (Serialized files now loaded: 0)
Unloading 6196 unused Assets / (4.8 MB). Loaded Objects now: 7466.
Memory consumption went from 171.9 MB to 167.1 MB.
Total: 15.420200 ms (FindLiveObjects: 1.510000 ms CreateObjectMapping: 0.811500 ms MarkObjects: 8.043500 ms  DeleteObjects: 5.053700 ms)

Prepare: number of updated asset objects reloaded= 0
========================================================================
Received Import Request.
  Time since last request: 11.103555 seconds.
  path: Assets/Scripts/HealthPickup.cs
  artifactKey: Guid(14d2150f0a278b642877ed9316c6d53f) Importer(2089858483,b0f066a214c2f5e87bad3c948f4d605d)
Start importing Assets/Scripts/HealthPickup.cs using Guid(14d2150f0a278b642877ed9316c6d53f) Importer(2089858483,b0f066a214c2f5e87bad3c948f4d605d) (ScriptedImporter) -> (artifact id: '0927e7e269fa5211bc5430c9dfdd13d3') in 0.0123112 seconds
Number of updated asset objects reloaded before import = 0Number of asset objects unloaded after import = 0

========================================================================
Received Prepare
Begin MonoManager ReloadAssembly
[Licensing::Client] Successfully resolved entitlement details
- Loaded All Assemblies, in  0.626 seconds
Refreshing native plugins compatible for Editor in 0.69 ms, found 3 plugins.
Native extension for WindowsStandalone target not found
[Package Manager] Failed to launch server process. Reason: Unity was launched with the -noUpm command-line argument
[Package Manager] Unable to send message (not connected to server process).
[Package Manager] Cannot connect to Unity Package Manager local server
ScheduleIndexationOnStartup MainProcess:False IndexOnStartup:True
Mono: successfully reloaded assembly
- Finished resetting the current domain, in  0.663 seconds
Domain Reload Profiling: 1289ms
	BeginReloadAssembly (185ms)
		ExecutionOrderSort (0ms)
		DisableScriptedObjects (5ms)
		BackupInstance (0ms)
		ReleaseScriptingObjects (0ms)
		CreateAndSetChildDomain (42ms)
	RebuildCommonClasses (30ms)
	RebuildNativeTypeToScriptingClass (11ms)
	initialDomainReloadingComplete (25ms)
	LoadAllAssembliesAndSetupDomain (375ms)
		LoadAssemblies (305ms)
		RebuildTransferFunctionScriptingTraits (0ms)
		AnalyzeDomain (157ms)
			TypeCache.Refresh (8ms)
				TypeCache.ScanAssembly (0ms)
			BuildScriptInfoCaches (133ms)
			ResolveRequiredComponents (12ms)
	FinalizeReload (663ms)
		ReleaseScriptCaches (0ms)
		RebuildScriptCaches (0ms)
		SetupLoadedEditorAssemblies (525ms)
			LogAssemblyErrors (0ms)
			InitializePlatformSupportModulesInManaged (1ms)
			SetLoadedEditorAssemblies (4ms)
			BeforeProcessingInitializeOnLoad (111ms)
			ProcessInitializeOnLoadAttributes (352ms)
			ProcessInitializeOnLoadMethodAttributes (51ms)
			AfterProcessingInitializeOnLoad (5ms)
			EditorAssembliesLoaded (0ms)
		ExecutionOrderSort2 (0ms)
		AwakeInstancesAfterBackupRestoration (19ms)
Refreshing native plugins compatible for Editor in 0.83 ms, found 3 plugins.
Preloading 0 native plugins for Editor in 0.00 ms.
Unloading 16 Unused Serialized files (Serialized files now loaded: 0)
Unloading 6202 unused Assets / (4.2 MB). Loaded Objects now: 7469.
Memory consumption went from 171.7 MB to 167.5 MB.
Total: 6.480500 ms (FindLiveObjects: 0.547900 ms CreateObjectMapping: 0.478100 ms MarkObjects: 3.928100 ms  DeleteObjects: 1.525900 ms)

Prepare: number of updated asset objects reloaded= 0
========================================================================
Received Import Request.
  Time since last request: 50.609871 seconds.
  path: Assets/salud.prefab
  artifactKey: Guid(16b2f427ed3d7704ab6b89197d43f7cc) Importer(815301076,1909f56bfc062723c751e8b465ee728b)
Start importing Assets/salud.prefab using Guid(16b2f427ed3d7704ab6b89197d43f7cc) Importer(815301076,1909f56bfc062723c751e8b465ee728b) (PreviewImporter) -> (artifact id: 'cb2a4040c7d712764a133bb8a90b4549') in 0.3814063 seconds
Number of updated asset objects reloaded before import = 0Number of asset objects unloaded after import = 14

========================================================================
Received Prepare
Begin MonoManager ReloadAssembly
[Licensing::Client] Successfully resolved entitlement details
- Loaded All Assemblies, in  0.615 seconds
Refreshing native plugins compatible for Editor in 0.60 ms, found 3 plugins.
Native extension for WindowsStandalone target not found
[Package Manager] Failed to launch server process. Reason: Unity was launched with the -noUpm command-line argument
[Package Manager] Unable to send message (not connected to server process).
[Package Manager] Cannot connect to Unity Package Manager local server
ScheduleIndexationOnStartup MainProcess:False IndexOnStartup:True
Mono: successfully reloaded assembly
- Finished resetting the current domain, in  0.622 seconds
Domain Reload Profiling: 1237ms
	BeginReloadAssembly (189ms)
		ExecutionOrderSort (0ms)
		DisableScriptedObjects (18ms)
		BackupInstance (0ms)
		ReleaseScriptingObjects (0ms)
		CreateAndSetChildDomain (46ms)
	RebuildCommonClasses (28ms)
	RebuildNativeTypeToScriptingClass (11ms)
	initialDomainReloadingComplete (25ms)
	LoadAllAssembliesAndSetupDomain (363ms)
		LoadAssemblies (286ms)
		RebuildTransferFunctionScriptingTraits (0ms)
		AnalyzeDomain (152ms)
			TypeCache.Refresh (6ms)
				TypeCache.ScanAssembly (0ms)
			BuildScriptInfoCaches (134ms)
			ResolveRequiredComponents (8ms)
	FinalizeReload (623ms)
		ReleaseScriptCaches (0ms)
		RebuildScriptCaches (0ms)
		SetupLoadedEditorAssemblies (499ms)
			LogAssemblyErrors (0ms)
			InitializePlatformSupportModulesInManaged (1ms)
			SetLoadedEditorAssemblies (4ms)
			BeforeProcessingInitializeOnLoad (108ms)
			ProcessInitializeOnLoadAttributes (332ms)
			ProcessInitializeOnLoadMethodAttributes (48ms)
			AfterProcessingInitializeOnLoad (5ms)
			EditorAssembliesLoaded (0ms)
		ExecutionOrderSort2 (0ms)
		AwakeInstancesAfterBackupRestoration (14ms)
Refreshing native plugins compatible for Editor in 0.75 ms, found 3 plugins.
Preloading 0 native plugins for Editor in 0.00 ms.
Unloading 16 Unused Serialized files (Serialized files now loaded: 0)
Unloading 6203 unused Assets / (4.3 MB). Loaded Objects now: 7493.
Memory consumption went from 172.0 MB to 167.7 MB.
Total: 6.685100 ms (FindLiveObjects: 0.482100 ms CreateObjectMapping: 0.430600 ms MarkObjects: 4.129300 ms  DeleteObjects: 1.641600 ms)

Prepare: number of updated asset objects reloaded= 0
========================================================================
Received Import Request.
  Time since last request: 204.540357 seconds.
  path: Assets/salud.prefab
  artifactKey: Guid(16b2f427ed3d7704ab6b89197d43f7cc) Importer(815301076,1909f56bfc062723c751e8b465ee728b)
Start importing Assets/salud.prefab using Guid(16b2f427ed3d7704ab6b89197d43f7cc) Importer(815301076,1909f56bfc062723c751e8b465ee728b) (PreviewImporter) -> (artifact id: 'ba113dc25ca2b890685f077ea036a33a') in 0.3696096 seconds
Number of updated asset objects reloaded before import = 0Number of asset objects unloaded after import = 15

========================================================================
Received Import Request.
  Time since last request: 7.460107 seconds.
  path: Assets/salud.prefab
  artifactKey: Guid(16b2f427ed3d7704ab6b89197d43f7cc) Importer(815301076,1909f56bfc062723c751e8b465ee728b)
Start importing Assets/salud.prefab using Guid(16b2f427ed3d7704ab6b89197d43f7cc) Importer(815301076,1909f56bfc062723c751e8b465ee728b) (PreviewImporter) -> (artifact id: '6061fcdb6a659b20c39663484936cb14') in 0.011327 seconds
Number of updated asset objects reloaded before import = 0Number of asset objects unloaded after import = 15

========================================================================
Received Import Request.
  Time since last request: 3.715890 seconds.
  path: Assets/salud.prefab
  artifactKey: Guid(16b2f427ed3d7704ab6b89197d43f7cc) Importer(815301076,1909f56bfc062723c751e8b465ee728b)
Start importing Assets/salud.prefab using Guid(16b2f427ed3d7704ab6b89197d43f7cc) Importer(815301076,1909f56bfc062723c751e8b465ee728b) (PreviewImporter) -> (artifact id: 'c39d82fba8b4ddb5f2fbfb80f7d36219') in 0.0080791 seconds
Number of updated asset objects reloaded before import = 0Number of asset objects unloaded after import = 15

========================================================================
Received Prepare
Begin MonoManager ReloadAssembly
[Licensing::Client] Successfully resolved entitlement details
- Loaded All Assemblies, in  0.646 seconds
Refreshing native plugins compatible for Editor in 0.77 ms, found 3 plugins.
Native extension for WindowsStandalone target not found
[Package Manager] Failed to launch server process. Reason: Unity was launched with the -noUpm command-line argument
[Package Manager] Unable to send message (not connected to server process).
[Package Manager] Cannot connect to Unity Package Manager local server
ScheduleIndexationOnStartup MainProcess:False IndexOnStartup:True
Mono: successfully reloaded assembly
- Finished resetting the current domain, in  0.638 seconds
Domain Reload Profiling: 1284ms
	BeginReloadAssembly (208ms)
		ExecutionOrderSort (0ms)
		DisableScriptedObjects (16ms)
		BackupInstance (0ms)
		ReleaseScriptingObjects (0ms)
		CreateAndSetChildDomain (55ms)
	RebuildCommonClasses (35ms)
	RebuildNativeTypeToScriptingClass (10ms)
	initialDomainReloadingComplete (23ms)
	LoadAllAssembliesAndSetupDomain (368ms)
		LoadAssemblies (302ms)
		RebuildTransferFunctionScriptingTraits (0ms)
		AnalyzeDomain (150ms)
			TypeCache.Refresh (6ms)
				TypeCache.ScanAssembly (0ms)
			BuildScriptInfoCaches (133ms)
			ResolveRequiredComponents (8ms)
	FinalizeReload (639ms)
		ReleaseScriptCaches (0ms)
		RebuildScriptCaches (0ms)
		SetupLoadedEditorAssemblies (511ms)
			LogAssemblyErrors (0ms)
			InitializePlatformSupportModulesInManaged (1ms)
			SetLoadedEditorAssemblies (4ms)
			BeforeProcessingInitializeOnLoad (110ms)
			ProcessInitializeOnLoadAttributes (336ms)
			ProcessInitializeOnLoadMethodAttributes (53ms)
			AfterProcessingInitializeOnLoad (6ms)
			EditorAssembliesLoaded (0ms)
		ExecutionOrderSort2 (0ms)
		AwakeInstancesAfterBackupRestoration (15ms)
Refreshing native plugins compatible for Editor in 0.73 ms, found 3 plugins.
Preloading 0 native plugins for Editor in 0.00 ms.
Unloading 16 Unused Serialized files (Serialized files now loaded: 0)
Unloading 6203 unused Assets / (4.2 MB). Loaded Objects now: 7516.
Memory consumption went from 172.0 MB to 167.8 MB.
Total: 6.325100 ms (FindLiveObjects: 0.532100 ms CreateObjectMapping: 0.425900 ms MarkObjects: 3.854800 ms  DeleteObjects: 1.511500 ms)

Prepare: number of updated asset objects reloaded= 0
========================================================================
Received Prepare
Begin MonoManager ReloadAssembly
[Licensing::Client] Successfully resolved entitlement details
- Loaded All Assemblies, in  0.615 seconds
Refreshing native plugins compatible for Editor in 0.56 ms, found 3 plugins.
Native extension for WindowsStandalone target not found
[Package Manager] Failed to launch server process. Reason: Unity was launched with the -noUpm command-line argument
[Package Manager] Unable to send message (not connected to server process).
[Package Manager] Cannot connect to Unity Package Manager local server
ScheduleIndexationOnStartup MainProcess:False IndexOnStartup:True
Mono: successfully reloaded assembly
- Finished resetting the current domain, in  0.644 seconds
Domain Reload Profiling: 1260ms
	BeginReloadAssembly (187ms)
		ExecutionOrderSort (0ms)
		DisableScriptedObjects (5ms)
		BackupInstance (0ms)
		ReleaseScriptingObjects (0ms)
		CreateAndSetChildDomain (51ms)
	RebuildCommonClasses (29ms)
	RebuildNativeTypeToScriptingClass (10ms)
	initialDomainReloadingComplete (23ms)
	LoadAllAssembliesAndSetupDomain (367ms)
		LoadAssemblies (292ms)
		RebuildTransferFunctionScriptingTraits (0ms)
		AnalyzeDomain (150ms)
			TypeCache.Refresh (6ms)
				TypeCache.ScanAssembly (0ms)
			BuildScriptInfoCaches (130ms)
			ResolveRequiredComponents (9ms)
	FinalizeReload (645ms)
		ReleaseScriptCaches (0ms)
		RebuildScriptCaches (0ms)
		SetupLoadedEditorAssemblies (521ms)
			LogAssemblyErrors (0ms)
			InitializePlatformSupportModulesInManaged (1ms)
			SetLoadedEditorAssemblies (4ms)
			BeforeProcessingInitializeOnLoad (109ms)
			ProcessInitializeOnLoadAttributes (353ms)
			ProcessInitializeOnLoadMethodAttributes (48ms)
			AfterProcessingInitializeOnLoad (5ms)
			EditorAssembliesLoaded (0ms)
		ExecutionOrderSort2 (0ms)
		AwakeInstancesAfterBackupRestoration (14ms)
Refreshing native plugins compatible for Editor in 0.94 ms, found 3 plugins.
Preloading 0 native plugins for Editor in 0.00 ms.
Unloading 16 Unused Serialized files (Serialized files now loaded: 0)
Unloading 6202 unused Assets / (4.4 MB). Loaded Objects now: 7519.
Memory consumption went from 171.9 MB to 167.5 MB.
Total: 8.034000 ms (FindLiveObjects: 0.606900 ms CreateObjectMapping: 0.627600 ms MarkObjects: 4.793500 ms  DeleteObjects: 2.005000 ms)

Prepare: number of updated asset objects reloaded= 0
========================================================================
Received Prepare
Begin MonoManager ReloadAssembly
[Licensing::Client] Successfully resolved entitlement details
- Loaded All Assemblies, in  0.604 seconds
Refreshing native plugins compatible for Editor in 0.61 ms, found 3 plugins.
Native extension for WindowsStandalone target not found
[Package Manager] Failed to launch server process. Reason: Unity was launched with the -noUpm command-line argument
[Package Manager] Unable to send message (not connected to server process).
[Package Manager] Cannot connect to Unity Package Manager local server
ScheduleIndexationOnStartup MainProcess:False IndexOnStartup:True
Mono: successfully reloaded assembly
- Finished resetting the current domain, in  0.635 seconds
Domain Reload Profiling: 1239ms
	BeginReloadAssembly (182ms)
		ExecutionOrderSort (0ms)
		DisableScriptedObjects (4ms)
		BackupInstance (0ms)
		ReleaseScriptingObjects (0ms)
		CreateAndSetChildDomain (42ms)
	RebuildCommonClasses (28ms)
	RebuildNativeTypeToScriptingClass (10ms)
	initialDomainReloadingComplete (23ms)
	LoadAllAssembliesAndSetupDomain (361ms)
		LoadAssemblies (296ms)
		RebuildTransferFunctionScriptingTraits (0ms)
		AnalyzeDomain (148ms)
			TypeCache.Refresh (6ms)
				TypeCache.ScanAssembly (0ms)
			BuildScriptInfoCaches (130ms)
			ResolveRequiredComponents (8ms)
	FinalizeReload (635ms)
		ReleaseScriptCaches (0ms)
		RebuildScriptCaches (0ms)
		SetupLoadedEditorAssemblies (509ms)
			LogAssemblyErrors (0ms)
			InitializePlatformSupportModulesInManaged (1ms)
			SetLoadedEditorAssemblies (5ms)
			BeforeProcessingInitializeOnLoad (109ms)
			ProcessInitializeOnLoadAttributes (339ms)
			ProcessInitializeOnLoadMethodAttributes (48ms)
			AfterProcessingInitializeOnLoad (5ms)
			EditorAssembliesLoaded (0ms)
		ExecutionOrderSort2 (0ms)
		AwakeInstancesAfterBackupRestoration (14ms)
Refreshing native plugins compatible for Editor in 0.66 ms, found 3 plugins.
Preloading 0 native plugins for Editor in 0.00 ms.
Unloading 16 Unused Serialized files (Serialized files now loaded: 0)
Unloading 6202 unused Assets / (4.2 MB). Loaded Objects now: 7522.
Memory consumption went from 172.0 MB to 167.8 MB.
Total: 6.387100 ms (FindLiveObjects: 0.524500 ms CreateObjectMapping: 0.416400 ms MarkObjects: 3.914600 ms  DeleteObjects: 1.530800 ms)

Prepare: number of updated asset objects reloaded= 0
========================================================================
Received Import Request.
  Time since last request: 406.340098 seconds.
  path: Assets/salud.prefab
  artifactKey: Guid(16b2f427ed3d7704ab6b89197d43f7cc) Importer(815301076,1909f56bfc062723c751e8b465ee728b)
Start importing Assets/salud.prefab using Guid(16b2f427ed3d7704ab6b89197d43f7cc) Importer(815301076,1909f56bfc062723c751e8b465ee728b) (PreviewImporter) -> (artifact id: '706edd4cb9359e110466ac82f5e36332') in 0.4018888 seconds
Number of updated asset objects reloaded before import = 0Number of asset objects unloaded after import = 15

========================================================================
Received Import Request.
  Time since last request: 14.032381 seconds.
  path: Assets/salud.prefab
  artifactKey: Guid(16b2f427ed3d7704ab6b89197d43f7cc) Importer(815301076,1909f56bfc062723c751e8b465ee728b)
Start importing Assets/salud.prefab using Guid(16b2f427ed3d7704ab6b89197d43f7cc) Importer(815301076,1909f56bfc062723c751e8b465ee728b) (PreviewImporter) -> (artifact id: '0e921857debe543cb1815eb020a07fc1') in 0.0125711 seconds
Number of updated asset objects reloaded before import = 0Number of asset objects unloaded after import = 15

========================================================================
Received Import Request.
  Time since last request: 5.196497 seconds.
  path: Assets/salud.prefab
  artifactKey: Guid(16b2f427ed3d7704ab6b89197d43f7cc) Importer(815301076,1909f56bfc062723c751e8b465ee728b)
Start importing Assets/salud.prefab using Guid(16b2f427ed3d7704ab6b89197d43f7cc) Importer(815301076,1909f56bfc062723c751e8b465ee728b) (PreviewImporter) -> (artifact id: '86bc209a250f7056b7c0b12aec476f85') in 0.0088449 seconds
Number of updated asset objects reloaded before import = 0Number of asset objects unloaded after import = 15

========================================================================
Received Import Request.
  Time since last request: 2.397102 seconds.
  path: Assets/salud.prefab
  artifactKey: Guid(16b2f427ed3d7704ab6b89197d43f7cc) Importer(815301076,1909f56bfc062723c751e8b465ee728b)
Start importing Assets/salud.prefab using Guid(16b2f427ed3d7704ab6b89197d43f7cc) Importer(815301076,1909f56bfc062723c751e8b465ee728b) (PreviewImporter) -> (artifact id: '8df567e78f9168697ff39ca75dd4afb3') in 0.007043 seconds
Number of updated asset objects reloaded before import = 0Number of asset objects unloaded after import = 15

========================================================================
Received Import Request.
  Time since last request: 15.119223 seconds.
  path: Assets/salud.prefab
  artifactKey: Guid(16b2f427ed3d7704ab6b89197d43f7cc) Importer(815301076,1909f56bfc062723c751e8b465ee728b)
Start importing Assets/salud.prefab using Guid(16b2f427ed3d7704ab6b89197d43f7cc) Importer(815301076,1909f56bfc062723c751e8b465ee728b) (PreviewImporter) -> (artifact id: 'a4d08ffd154b04acbb603906b8d99a01') in 0.0091614 seconds
Number of updated asset objects reloaded before import = 0Number of asset objects unloaded after import = 15

========================================================================
Received Prepare
Begin MonoManager ReloadAssembly
[Licensing::Client] Successfully resolved entitlement details
- Loaded All Assemblies, in  0.623 seconds
Refreshing native plugins compatible for Editor in 0.76 ms, found 3 plugins.
Native extension for WindowsStandalone target not found
[Package Manager] Failed to launch server process. Reason: Unity was launched with the -noUpm command-line argument
[Package Manager] Unable to send message (not connected to server process).
[Package Manager] Cannot connect to Unity Package Manager local server
ScheduleIndexationOnStartup MainProcess:False IndexOnStartup:True
Mono: successfully reloaded assembly
- Finished resetting the current domain, in  0.637 seconds
Domain Reload Profiling: 1260ms
	BeginReloadAssembly (196ms)
		ExecutionOrderSort (0ms)
		DisableScriptedObjects (16ms)
		BackupInstance (0ms)
		ReleaseScriptingObjects (0ms)
		CreateAndSetChildDomain (54ms)
	RebuildCommonClasses (33ms)
	RebuildNativeTypeToScriptingClass (10ms)
	initialDomainReloadingComplete (24ms)
	LoadAllAssembliesAndSetupDomain (359ms)
		LoadAssemblies (289ms)
		RebuildTransferFunctionScriptingTraits (0ms)
		AnalyzeDomain (146ms)
			TypeCache.Refresh (6ms)
				TypeCache.ScanAssembly (0ms)
			BuildScriptInfoCaches (128ms)
			ResolveRequiredComponents (8ms)
	FinalizeReload (638ms)
		ReleaseScriptCaches (0ms)
		RebuildScriptCaches (0ms)
		SetupLoadedEditorAssemblies (507ms)
			LogAssemblyErrors (0ms)
			InitializePlatformSupportModulesInManaged (1ms)
			SetLoadedEditorAssemblies (4ms)
			BeforeProcessingInitializeOnLoad (110ms)
			ProcessInitializeOnLoadAttributes (341ms)
			ProcessInitializeOnLoadMethodAttributes (46ms)
			AfterProcessingInitializeOnLoad (5ms)
			EditorAssembliesLoaded (0ms)
		ExecutionOrderSort2 (0ms)
		AwakeInstancesAfterBackupRestoration (14ms)
Refreshing native plugins compatible for Editor in 0.63 ms, found 3 plugins.
Preloading 0 native plugins for Editor in 0.00 ms.
Unloading 16 Unused Serialized files (Serialized files now loaded: 0)
Unloading 6203 unused Assets / (4.0 MB). Loaded Objects now: 7545.
Memory consumption went from 172.2 MB to 168.2 MB.
Total: 6.080900 ms (FindLiveObjects: 0.508400 ms CreateObjectMapping: 0.419000 ms MarkObjects: 3.780700 ms  DeleteObjects: 1.372400 ms)

Prepare: number of updated asset objects reloaded= 0
========================================================================
Received Prepare
Begin MonoManager ReloadAssembly
- Loaded All Assemblies, in  0.607 seconds
Refreshing native plugins compatible for Editor in 0.58 ms, found 3 plugins.
Native extension for WindowsStandalone target not found
[Package Manager] Failed to launch server process. Reason: Unity was launched with the -noUpm command-line argument
[Package Manager] Unable to send message (not connected to server process).
[Package Manager] Cannot connect to Unity Package Manager local server
ScheduleIndexationOnStartup MainProcess:False IndexOnStartup:True
Mono: successfully reloaded assembly
- Finished resetting the current domain, in  0.644 seconds
Domain Reload Profiling: 1251ms
	BeginReloadAssembly (178ms)
		ExecutionOrderSort (0ms)
		DisableScriptedObjects (5ms)
		BackupInstance (0ms)
		ReleaseScriptingObjects (0ms)
		CreateAndSetChildDomain (44ms)
	RebuildCommonClasses (29ms)
	RebuildNativeTypeToScriptingClass (10ms)
	initialDomainReloadingComplete (25ms)
	LoadAllAssembliesAndSetupDomain (365ms)
		LoadAssemblies (297ms)
		RebuildTransferFunctionScriptingTraits (0ms)
		AnalyzeDomain (148ms)
			TypeCache.Refresh (6ms)
				TypeCache.ScanAssembly (0ms)
			BuildScriptInfoCaches (129ms)
			ResolveRequiredComponents (8ms)
	FinalizeReload (644ms)
		ReleaseScriptCaches (0ms)
		RebuildScriptCaches (0ms)
		SetupLoadedEditorAssemblies (518ms)
			LogAssemblyErrors (0ms)
			InitializePlatformSupportModulesInManaged (1ms)
			SetLoadedEditorAssemblies (5ms)
			BeforeProcessingInitializeOnLoad (109ms)
			ProcessInitializeOnLoadAttributes (350ms)
			ProcessInitializeOnLoadMethodAttributes (49ms)
			AfterProcessingInitializeOnLoad (4ms)
			EditorAssembliesLoaded (0ms)
		ExecutionOrderSort2 (0ms)
		AwakeInstancesAfterBackupRestoration (14ms)
Refreshing native plugins compatible for Editor in 0.66 ms, found 3 plugins.
Preloading 0 native plugins for Editor in 0.00 ms.
Unloading 16 Unused Serialized files (Serialized files now loaded: 0)
Unloading 6202 unused Assets / (4.2 MB). Loaded Objects now: 7548.
Memory consumption went from 172.1 MB to 167.9 MB.
Total: 6.327200 ms (FindLiveObjects: 0.511200 ms CreateObjectMapping: 0.430500 ms MarkObjects: 3.891800 ms  DeleteObjects: 1.493000 ms)

Prepare: number of updated asset objects reloaded= 0
========================================================================
Received Prepare
Begin MonoManager ReloadAssembly
- Loaded All Assemblies, in  0.599 seconds
Refreshing native plugins compatible for Editor in 0.61 ms, found 3 plugins.
Native extension for WindowsStandalone target not found
[Package Manager] Failed to launch server process. Reason: Unity was launched with the -noUpm command-line argument
[Package Manager] Unable to send message (not connected to server process).
[Package Manager] Cannot connect to Unity Package Manager local server
ScheduleIndexationOnStartup MainProcess:False IndexOnStartup:True
Mono: successfully reloaded assembly
- Finished resetting the current domain, in  0.647 seconds
Domain Reload Profiling: 1246ms
	BeginReloadAssembly (171ms)
		ExecutionOrderSort (0ms)
		DisableScriptedObjects (5ms)
		BackupInstance (0ms)
		ReleaseScriptingObjects (0ms)
		CreateAndSetChildDomain (39ms)
	RebuildCommonClasses (28ms)
	RebuildNativeTypeToScriptingClass (10ms)
	initialDomainReloadingComplete (23ms)
	LoadAllAssembliesAndSetupDomain (368ms)
		LoadAssemblies (293ms)
		RebuildTransferFunctionScriptingTraits (0ms)
		AnalyzeDomain (152ms)
			TypeCache.Refresh (6ms)
				TypeCache.ScanAssembly (0ms)
			BuildScriptInfoCaches (133ms)
			ResolveRequiredComponents (9ms)
	FinalizeReload (647ms)
		ReleaseScriptCaches (0ms)
		RebuildScriptCaches (0ms)
		SetupLoadedEditorAssemblies (524ms)
			LogAssemblyErrors (0ms)
			InitializePlatformSupportModulesInManaged (1ms)
			SetLoadedEditorAssemblies (4ms)
			BeforeProcessingInitializeOnLoad (107ms)
			ProcessInitializeOnLoadAttributes (359ms)
			ProcessInitializeOnLoadMethodAttributes (48ms)
			AfterProcessingInitializeOnLoad (5ms)
			EditorAssembliesLoaded (0ms)
		ExecutionOrderSort2 (0ms)
		AwakeInstancesAfterBackupRestoration (14ms)
Refreshing native plugins compatible for Editor in 0.86 ms, found 3 plugins.
Preloading 0 native plugins for Editor in 0.00 ms.
Unloading 16 Unused Serialized files (Serialized files now loaded: 0)
Unloading 6202 unused Assets / (4.5 MB). Loaded Objects now: 7551.
Memory consumption went from 172.2 MB to 167.7 MB.
Total: 8.167000 ms (FindLiveObjects: 0.648500 ms CreateObjectMapping: 0.687400 ms MarkObjects: 4.753800 ms  DeleteObjects: 2.076000 ms)

Prepare: number of updated asset objects reloaded= 0
========================================================================
Received Import Request.
  Time since last request: 375.255743 seconds.
  path: Assets/rojo.mat
  artifactKey: Guid(6c191317fd941bd41b525d449e216aea) Importer(815301076,1909f56bfc062723c751e8b465ee728b)
Start importing Assets/rojo.mat using Guid(6c191317fd941bd41b525d449e216aea) Importer(815301076,1909f56bfc062723c751e8b465ee728b) (PreviewImporter) -> (artifact id: '05f461f2b5b0b66ed1ab41000b8f1b89') in 0.4059107 seconds
Number of updated asset objects reloaded before import = 0Number of asset objects unloaded after import = 1

========================================================================
Received Prepare
Begin MonoManager ReloadAssembly
[Licensing::Client] Successfully resolved entitlement details
- Loaded All Assemblies, in  0.705 seconds
Refreshing native plugins compatible for Editor in 0.90 ms, found 3 plugins.
Native extension for WindowsStandalone target not found
[Package Manager] Failed to launch server process. Reason: Unity was launched with the -noUpm command-line argument
[Package Manager] Unable to send message (not connected to server process).
[Package Manager] Cannot connect to Unity Package Manager local server
ScheduleIndexationOnStartup MainProcess:False IndexOnStartup:True
Mono: successfully reloaded assembly
- Finished resetting the current domain, in  0.647 seconds
Domain Reload Profiling: 1351ms
	BeginReloadAssembly (207ms)
		ExecutionOrderSort (0ms)
		DisableScriptedObjects (24ms)
		BackupInstance (0ms)
		ReleaseScriptingObjects (0ms)
		CreateAndSetChildDomain (44ms)
	RebuildCommonClasses (28ms)
	RebuildNativeTypeToScriptingClass (11ms)
	initialDomainReloadingComplete (28ms)
	LoadAllAssembliesAndSetupDomain (431ms)
		LoadAssemblies (330ms)
		RebuildTransferFunctionScriptingTraits (0ms)
		AnalyzeDomain (187ms)
			TypeCache.Refresh (80ms)
				TypeCache.ScanAssembly (68ms)
			BuildScriptInfoCaches (96ms)
			ResolveRequiredComponents (8ms)
	FinalizeReload (647ms)
		ReleaseScriptCaches (0ms)
		RebuildScriptCaches (0ms)
		SetupLoadedEditorAssemblies (511ms)
			LogAssemblyErrors (0ms)
			InitializePlatformSupportModulesInManaged (1ms)
			SetLoadedEditorAssemblies (4ms)
			BeforeProcessingInitializeOnLoad (108ms)
			ProcessInitializeOnLoadAttributes (344ms)
			ProcessInitializeOnLoadMethodAttributes (48ms)
			AfterProcessingInitializeOnLoad (5ms)
			EditorAssembliesLoaded (0ms)
		ExecutionOrderSort2 (0ms)
		AwakeInstancesAfterBackupRestoration (14ms)
Refreshing native plugins compatible for Editor in 0.75 ms, found 3 plugins.
Preloading 0 native plugins for Editor in 0.00 ms.
Unloading 17 Unused Serialized files (Serialized files now loaded: 0)
Unloading 6212 unused Assets / (5.0 MB). Loaded Objects now: 7581.
Memory consumption went from 173.1 MB to 168.1 MB.
Total: 9.501400 ms (FindLiveObjects: 0.978600 ms CreateObjectMapping: 0.911700 ms MarkObjects: 4.971200 ms  DeleteObjects: 2.638800 ms)

Prepare: number of updated asset objects reloaded= 0
========================================================================
Received Import Request.
  Time since last request: 38.620652 seconds.
  path: Assets/EffectExamples
  artifactKey: Guid(6c0b056137d972f46a0312ba21b6263f) Importer(815301076,1909f56bfc062723c751e8b465ee728b)
Start importing Assets/EffectExamples using Guid(6c0b056137d972f46a0312ba21b6263f) Importer(815301076,1909f56bfc062723c751e8b465ee728b) (PreviewImporter) -> (artifact id: '6511b4d688321b343f20097ab3cd4558') in 0.006458 seconds
Number of updated asset objects reloaded before import = 0Number of asset objects unloaded after import = 0

========================================================================
Received Import Request.
  Time since last request: 0.073658 seconds.
  path: Assets/EffectExamples/Readme.asset
  artifactKey: Guid(83c2ed844a8c74b779a4c823d16594b1) Importer(815301076,1909f56bfc062723c751e8b465ee728b)
Start importing Assets/EffectExamples/Readme.asset using Guid(83c2ed844a8c74b779a4c823d16594b1) Importer(815301076,1909f56bfc062723c751e8b465ee728b) (PreviewImporter) -> (artifact id: 'baa06955007892bb34f2a16e92cdcdb8') in 0.0138535 seconds
Number of updated asset objects reloaded before import = 0Number of asset objects unloaded after import = 2

========================================================================
Received Import Request.
  Time since last request: 1.606239 seconds.
  path: Assets/EffectExamples/WeaponEffects
  artifactKey: Guid(a693b7e7a750f4142beaa792c5791927) Importer(815301076,1909f56bfc062723c751e8b465ee728b)
Start importing Assets/EffectExamples/WeaponEffects using Guid(a693b7e7a750f4142beaa792c5791927) Importer(815301076,1909f56bfc062723c751e8b465ee728b) (PreviewImporter) -> (artifact id: '6c165270f05533c36bae2f806a82c84d') in 0.0006182 seconds
Number of updated asset objects reloaded before import = 0Number of asset objects unloaded after import = 0

========================================================================
Received Import Request.
  Time since last request: 0.648156 seconds.
  path: Assets/EffectExamples/WaterEffects
  artifactKey: Guid(ba290491ceddda648bce3f8b178b2353) Importer(815301076,1909f56bfc062723c751e8b465ee728b)
Start importing Assets/EffectExamples/WaterEffects using Guid(ba290491ceddda648bce3f8b178b2353) Importer(815301076,1909f56bfc062723c751e8b465ee728b) (PreviewImporter) -> (artifact id: 'f36dce0e26ceabae7d225f4d0e6a3eda') in 0.0005626 seconds
Number of updated asset objects reloaded before import = 0Number of asset objects unloaded after import = 0

========================================================================
Received Import Request.
  Time since last request: 2.042827 seconds.
  path: Assets/EffectExamples/Scenes
  artifactKey: Guid(6e2175e19ead3b341ad1be4afbe9075a) Importer(815301076,1909f56bfc062723c751e8b465ee728b)
Start importing Assets/EffectExamples/Scenes using Guid(6e2175e19ead3b341ad1be4afbe9075a) Importer(815301076,1909f56bfc062723c751e8b465ee728b) (PreviewImporter) -> (artifact id: '6289f427dda1b123bd15fc7884337f8f') in 0.0005483 seconds
Number of updated asset objects reloaded before import = 0Number of asset objects unloaded after import = 0

========================================================================
Received Import Request.
  Time since last request: 0.352384 seconds.
  path: Assets/EffectExamples/Misc Effects
  artifactKey: Guid(7dd5994c11ccf45c3b64748c6a871d80) Importer(815301076,1909f56bfc062723c751e8b465ee728b)
Start importing Assets/EffectExamples/Misc Effects using Guid(7dd5994c11ccf45c3b64748c6a871d80) Importer(815301076,1909f56bfc062723c751e8b465ee728b) (PreviewImporter) -> (artifact id: 'e9b5eec69e50acb82ac515df9b7b4054') in 0.0006551 seconds
Number of updated asset objects reloaded before import = 0Number of asset objects unloaded after import = 0

========================================================================
Received Import Request.
  Time since last request: 1.925639 seconds.
  path: Assets/EffectExamples/Misc Effects/Materials
  artifactKey: Guid(fa0512736a8c54fbea2bbab3574c3237) Importer(815301076,1909f56bfc062723c751e8b465ee728b)
Start importing Assets/EffectExamples/Misc Effects/Materials using Guid(fa0512736a8c54fbea2bbab3574c3237) Importer(815301076,1909f56bfc062723c751e8b465ee728b) (PreviewImporter) -> (artifact id: 'efdb86efa29e252544e663dad43c4078') in 0.0005648 seconds
Number of updated asset objects reloaded before import = 0Number of asset objects unloaded after import = 0

========================================================================
Received Import Request.
  Time since last request: 0.446800 seconds.
  path: Assets/EffectExamples/Misc Effects/Prefabs
  artifactKey: Guid(fca85df12e535493183bed364873ede7) Importer(815301076,1909f56bfc062723c751e8b465ee728b)
Start importing Assets/EffectExamples/Misc Effects/Prefabs using Guid(fca85df12e535493183bed364873ede7) Importer(815301076,1909f56bfc062723c751e8b465ee728b) (PreviewImporter) -> (artifact id: 'd3c4c8e56b8ceb8a200e9bec5a525213') in 0.000587 seconds
Number of updated asset objects reloaded before import = 0Number of asset objects unloaded after import = 0

========================================================================
Received Import Request.
  Time since last request: 0.074003 seconds.
  path: Assets/EffectExamples/Misc Effects/Prefabs/DustMotesEffect.prefab
  artifactKey: Guid(5ca4c580b3888314581688fa46fb142d) Importer(815301076,1909f56bfc062723c751e8b465ee728b)
Start importing Assets/EffectExamples/Misc Effects/Prefabs/DustMotesEffect.prefab using Guid(5ca4c580b3888314581688fa46fb142d) Importer(815301076,1909f56bfc062723c751e8b465ee728b) (PreviewImporter) -> (artifact id: '464b1a378fa5463eb66ee665fea123cf') in 0.3591264 seconds
Number of updated asset objects reloaded before import = 0Number of asset objects unloaded after import = 8

========================================================================
Received Import Request.
  Time since last request: 0.000021 seconds.
  path: Assets/EffectExamples/Misc Effects/Prefabs/SparksEffect.prefab
  artifactKey: Guid(78b71003e8b357d4bbf89c8b5e5e4f0e) Importer(815301076,1909f56bfc062723c751e8b465ee728b)
Start importing Assets/EffectExamples/Misc Effects/Prefabs/SparksEffect.prefab using Guid(78b71003e8b357d4bbf89c8b5e5e4f0e) Importer(815301076,1909f56bfc062723c751e8b465ee728b) (PreviewImporter) -> (artifact id: '636d17888be8d2ffd1a117694276e2ea') in 0.0419228 seconds
Number of updated asset objects reloaded before import = 0Number of asset objects unloaded after import = 20

========================================================================
Received Prepare
Refreshing native plugins compatible for Editor in 0.76 ms, found 3 plugins.
Preloading 0 native plugins for Editor in 0.00 ms.
Unloading 54 Unused Serialized files (Serialized files now loaded: 0)
Unloading 6334 unused Assets / (9.3 MB). Loaded Objects now: 7784.
Memory consumption went from 188.4 MB to 179.1 MB.
Total: 11.188500 ms (FindLiveObjects: 0.816400 ms CreateObjectMapping: 0.616600 ms MarkObjects: 5.659600 ms  DeleteObjects: 4.094600 ms)

Prepare: number of updated asset objects reloaded= 0
========================================================================
Received Import Request.
  Time since last request: 9.519675 seconds.
  path: Assets/EffectExamples/Misc Effects/Materials/DustMoteParticle.mat
  artifactKey: Guid(e27a3e2f84809914fa5bf3a7ac14ce9f) Importer(815301076,1909f56bfc062723c751e8b465ee728b)
Start importing Assets/EffectExamples/Misc Effects/Materials/DustMoteParticle.mat using Guid(e27a3e2f84809914fa5bf3a7ac14ce9f) Importer(815301076,1909f56bfc062723c751e8b465ee728b) (PreviewImporter) -> (artifact id: '447772659e8b0a53381700d790fac44f') in 0.0258215 seconds
Number of updated asset objects reloaded before import = 0Number of asset objects unloaded after import = 2

========================================================================
Received Import Request.
  Time since last request: 5.928157 seconds.
  path: Assets/EffectExamples/Misc Effects/Materials/SandSwirlsParticle.mat
  artifactKey: Guid(795ab1f41a8fd4142859110cee203fd7) Importer(815301076,1909f56bfc062723c751e8b465ee728b)
Start importing Assets/EffectExamples/Misc Effects/Materials/SandSwirlsParticle.mat using Guid(795ab1f41a8fd4142859110cee203fd7) Importer(815301076,1909f56bfc062723c751e8b465ee728b) (PreviewImporter) -> (artifact id: '9f610d3a89c58c88bc859093c9d76bec') in 0.024617 seconds
Number of updated asset objects reloaded before import = 0Number of asset objects unloaded after import = 2

========================================================================
Received Import Request.
  Time since last request: 6.775151 seconds.
  path: Assets/EffectExamples/Misc Effects/Materials/Spark2Particle.mat
  artifactKey: Guid(a6492a173e6c03f48899880b96cca600) Importer(815301076,1909f56bfc062723c751e8b465ee728b)
Start importing Assets/EffectExamples/Misc Effects/Materials/Spark2Particle.mat using Guid(a6492a173e6c03f48899880b96cca600) Importer(815301076,1909f56bfc062723c751e8b465ee728b) (PreviewImporter) -> (artifact id: '78a5bdb32823c94c8cc9cd66db8dc60a') in 0.0074424 seconds
Number of updated asset objects reloaded before import = 0Number of asset objects unloaded after import = 2

========================================================================
Received Import Request.
  Time since last request: 15.932341 seconds.
  path: Assets/salud.prefab
  artifactKey: Guid(16b2f427ed3d7704ab6b89197d43f7cc) Importer(2089858483,b0f066a214c2f5e87bad3c948f4d605d)
Start importing Assets/salud.prefab using Guid(16b2f427ed3d7704ab6b89197d43f7cc) Importer(2089858483,b0f066a214c2f5e87bad3c948f4d605d) (ScriptedImporter) -> (artifact id: '268c4110ff7021173eecc585b8d150d5') in 0.1133391 seconds
Number of updated asset objects reloaded before import = 0Number of asset objects unloaded after import = 15

========================================================================
Received Import Request.
  Time since last request: 0.000044 seconds.
  path: Assets/EffectExamples/WeaponEffects/Textures/BulletHoleRockHeight.tif
  artifactKey: Guid(c948ff4a46d9e134ab96d61acf2022ab) Importer(2089858483,b0f066a214c2f5e87bad3c948f4d605d)
Start importing Assets/EffectExamples/WeaponEffects/Textures/BulletHoleRockHeight.tif using Guid(c948ff4a46d9e134ab96d61acf2022ab) Importer(2089858483,b0f066a214c2f5e87bad3c948f4d605d) (ScriptedImporter) -> (artifact id: 'df8c4aa6db0526842338b25ad5a96af8') in 0.0324662 seconds
Number of updated asset objects reloaded before import = 0Number of asset objects unloaded after import = 1

========================================================================
Received Import Request.
  Time since last request: 0.000040 seconds.
  path: Assets/EffectExamples/Shared/PhysicsMaterials/Wood.physicMaterial
  artifactKey: Guid(0151b31279cbbe64db23577e9163731a) Importer(2089858483,b0f066a214c2f5e87bad3c948f4d605d)
Start importing Assets/EffectExamples/Shared/PhysicsMaterials/Wood.physicMaterial using Guid(0151b31279cbbe64db23577e9163731a) Importer(2089858483,b0f066a214c2f5e87bad3c948f4d605d) (ScriptedImporter) -> (artifact id: 'eabc207fca1d2e0146792fabac138d5c') in 0.0047422 seconds
Number of updated asset objects reloaded before import = 0Number of asset objects unloaded after import = 1

========================================================================
Received Import Request.
  Time since last request: 0.000021 seconds.
  path: Assets/EffectExamples/Shared/PhysicsMaterials/WaterFilled.physicMaterial
  artifactKey: Guid(f9723f702b0ae204db594e4ca7c769d5) Importer(2089858483,b0f066a214c2f5e87bad3c948f4d605d)
Start importing Assets/EffectExamples/Shared/PhysicsMaterials/WaterFilled.physicMaterial using Guid(f9723f702b0ae204db594e4ca7c769d5) Importer(2089858483,b0f066a214c2f5e87bad3c948f4d605d) (ScriptedImporter) -> (artifact id: 'e5b90f3c8a1633e8a06913da7263e0f2') in 0.0038366 seconds
Number of updated asset objects reloaded before import = 0Number of asset objects unloaded after import = 1

========================================================================
Received Import Request.
  Time since last request: 0.000019 seconds.
  path: Assets/EffectExamples/WeaponEffects/Textures/WoodBulletHoleNormals.tif
  artifactKey: Guid(dc7c338db44c68b41aebbac57c5c28b8) Importer(2089858483,b0f066a214c2f5e87bad3c948f4d605d)
Start importing Assets/EffectExamples/WeaponEffects/Textures/WoodBulletHoleNormals.tif using Guid(dc7c338db44c68b41aebbac57c5c28b8) Importer(2089858483,b0f066a214c2f5e87bad3c948f4d605d) (ScriptedImporter) -> (artifact id: 'e674efcac49cc98d0637436cfd08814a') in 0.0098031 seconds
Number of updated asset objects reloaded before import = 0Number of asset objects unloaded after import = 1

========================================================================
Received Import Request.
  Time since last request: 0.000025 seconds.
  path: Assets/EffectExamples/WeaponEffects/Textures/FlashParticle.tif
  artifactKey: Guid(c826d12aca5bdda4c900b00833f6d875) Importer(2089858483,b0f066a214c2f5e87bad3c948f4d605d)
Start importing Assets/EffectExamples/WeaponEffects/Textures/FlashParticle.tif using Guid(c826d12aca5bdda4c900b00833f6d875) Importer(2089858483,b0f066a214c2f5e87bad3c948f4d605d) (ScriptedImporter) -> (artifact id: '8baf04621767a4d3990771c04dd179fd') in 0.0053807 seconds
Number of updated asset objects reloaded before import = 0Number of asset objects unloaded after import = 1

========================================================================
Received Import Request.
  Time since last request: 0.000024 seconds.
  path: Assets/EffectExamples/FireExplosionEffects/Materials/PlasmaFireParticle.mat
  artifactKey: Guid(b5387d3c2ba98fc44a0f5744f94ce48c) Importer(2089858483,b0f066a214c2f5e87bad3c948f4d605d)
Start importing Assets/EffectExamples/FireExplosionEffects/Materials/PlasmaFireParticle.mat using Guid(b5387d3c2ba98fc44a0f5744f94ce48c) Importer(2089858483,b0f066a214c2f5e87bad3c948f4d605d) (ScriptedImporter) -> (artifact id: '6641ba5626deb12447ccd6226d1ebd76') in 0.0096808 seconds
Number of updated asset objects reloaded before import = 0Number of asset objects unloaded after import = 2

========================================================================
Received Import Request.
  Time since last request: 0.000022 seconds.
  path: Assets/EffectExamples/WeaponEffects/Textures/TinyStonesParticleSheet.png
  artifactKey: Guid(ce97ed62c0a56e84ab25e22c8dfd5bca) Importer(2089858483,b0f066a214c2f5e87bad3c948f4d605d)
Start importing Assets/EffectExamples/WeaponEffects/Textures/TinyStonesParticleSheet.png using Guid(ce97ed62c0a56e84ab25e22c8dfd5bca) Importer(2089858483,b0f066a214c2f5e87bad3c948f4d605d) (ScriptedImporter) -> (artifact id: '69d67f25dc7837ed7ccf666810af69d6') in 0.0148671 seconds
Number of updated asset objects reloaded before import = 0Number of asset objects unloaded after import = 6

========================================================================
Received Import Request.
  Time since last request: 0.000032 seconds.
  path: Assets/EffectExamples/Misc Effects/Materials
  artifactKey: Guid(fa0512736a8c54fbea2bbab3574c3237) Importer(2089858483,b0f066a214c2f5e87bad3c948f4d605d)
Start importing Assets/EffectExamples/Misc Effects/Materials using Guid(fa0512736a8c54fbea2bbab3574c3237) Importer(2089858483,b0f066a214c2f5e87bad3c948f4d605d) (ScriptedImporter) -> (artifact id: '877b19b7c8069441209c9687f1622d74') in 0.0032025 seconds
Number of updated asset objects reloaded before import = 0Number of asset objects unloaded after import = 1

========================================================================
Received Import Request.
  Time since last request: 0.000022 seconds.
  path: Assets/EffectExamples/WeaponEffects/Textures/FleshBulletHoleHeight.tif
  artifactKey: Guid(5382afe8f6b22e24d9568f8c0be503a7) Importer(2089858483,b0f066a214c2f5e87bad3c948f4d605d)
Start importing Assets/EffectExamples/WeaponEffects/Textures/FleshBulletHoleHeight.tif using Guid(5382afe8f6b22e24d9568f8c0be503a7) Importer(2089858483,b0f066a214c2f5e87bad3c948f4d605d) (ScriptedImporter) -> (artifact id: '6c49064e7ff28baa6b63c8a103499286') in 0.0056967 seconds
Number of updated asset objects reloaded before import = 0Number of asset objects unloaded after import = 1

========================================================================
Received Import Request.
  Time since last request: 0.000049 seconds.
  path: Assets/EffectExamples/WeaponEffects
  artifactKey: Guid(a693b7e7a750f4142beaa792c5791927) Importer(2089858483,b0f066a214c2f5e87bad3c948f4d605d)
Start importing Assets/EffectExamples/WeaponEffects using Guid(a693b7e7a750f4142beaa792c5791927) Importer(2089858483,b0f066a214c2f5e87bad3c948f4d605d) (ScriptedImporter) -> (artifact id: '238c48358e87958370389f870790bf40') in 0.0029899 seconds
Number of updated asset objects reloaded before import = 0Number of asset objects unloaded after import = 1

========================================================================
Received Import Request.
  Time since last request: 0.000029 seconds.
  path: Assets/EffectExamples/Scenes
  artifactKey: Guid(6e2175e19ead3b341ad1be4afbe9075a) Importer(2089858483,b0f066a214c2f5e87bad3c948f4d605d)
Start importing Assets/EffectExamples/Scenes using Guid(6e2175e19ead3b341ad1be4afbe9075a) Importer(2089858483,b0f066a214c2f5e87bad3c948f4d605d) (ScriptedImporter) -> (artifact id: 'f55134b4fc3f87eb1ad66d6a0c490745') in 0.0040736 seconds
Number of updated asset objects reloaded before import = 0Number of asset objects unloaded after import = 1

========================================================================
Received Import Request.
  Time since last request: 0.000022 seconds.
  path: Assets/EffectExamples/WeaponEffects/Models/RocketWarhead.FBX
  artifactKey: Guid(c25b0e0e92e901144a739246c4539336) Importer(2089858483,b0f066a214c2f5e87bad3c948f4d605d)
Start importing Assets/EffectExamples/WeaponEffects/Models/RocketWarhead.FBX using Guid(c25b0e0e92e901144a739246c4539336) Importer(2089858483,b0f066a214c2f5e87bad3c948f4d605d) (ScriptedImporter) -> (artifact id: '89c158cbd8f225010b8695ee96300e51') in 0.0282756 seconds
Number of updated asset objects reloaded before import = 0Number of asset objects unloaded after import = 8

========================================================================
Received Import Request.
  Time since last request: 0.000026 seconds.
  path: Assets/EffectExamples/Profiles/EffectsProfile.asset
  artifactKey: Guid(fd12609cdb539f941a85cc98e826d1ed) Importer(2089858483,b0f066a214c2f5e87bad3c948f4d605d)
Start importing Assets/EffectExamples/Profiles/EffectsProfile.asset using Guid(fd12609cdb539f941a85cc98e826d1ed) Importer(2089858483,b0f066a214c2f5e87bad3c948f4d605d) (ScriptedImporter) -> (artifact id: 'df105c0a2777c3ca148d498e69de469a') in 0.0045557 seconds
Number of updated asset objects reloaded before import = 0Number of asset objects unloaded after import = 1

========================================================================
Received Import Request.
  Time since last request: 0.000033 seconds.
  path: Assets/EffectExamples/Shared/PhysicsMaterials/WaterFilledExtinguish.physicMaterial
  artifactKey: Guid(8e48a96595df5904da1626980936ebf7) Importer(2089858483,b0f066a214c2f5e87bad3c948f4d605d)
Start importing Assets/EffectExamples/Shared/PhysicsMaterials/WaterFilledExtinguish.physicMaterial using Guid(8e48a96595df5904da1626980936ebf7) Importer(2089858483,b0f066a214c2f5e87bad3c948f4d605d) (ScriptedImporter) -> (artifact id: 'c3a551ed425054c2dc93cd11e157270c') in 0.004444 seconds
Number of updated asset objects reloaded before import = 0Number of asset objects unloaded after import = 1

========================================================================
Received Import Request.
  Time since last request: 0.000039 seconds.
  path: Assets/EffectExamples/Shared/Models/FPSWeapon.fbx
  artifactKey: Guid(47509307932d1e140a2b4d9024d228e4) Importer(2089858483,b0f066a214c2f5e87bad3c948f4d605d)
Start importing Assets/EffectExamples/Shared/Models/FPSWeapon.fbx using Guid(47509307932d1e140a2b4d9024d228e4) Importer(2089858483,b0f066a214c2f5e87bad3c948f4d605d) (ScriptedImporter) -> (artifact id: '7e1c712e3528f6af7b199d144ad33b2e') in 0.0102238 seconds
Number of updated asset objects reloaded before import = 0Number of asset objects unloaded after import = 8

========================================================================
Received Import Request.
  Time since last request: 0.000036 seconds.
  path: Assets/EffectExamples/Shared/Animation/Animations/GunFire.anim
  artifactKey: Guid(11b895841d895994da8259f4d1139127) Importer(2089858483,b0f066a214c2f5e87bad3c948f4d605d)
Start importing Assets/EffectExamples/Shared/Animation/Animations/GunFire.anim using Guid(11b895841d895994da8259f4d1139127) Importer(2089858483,b0f066a214c2f5e87bad3c948f4d605d) (ScriptedImporter) -> (artifact id: 'afbda9cb1f75d916fc341393e3f3d577') in 0.0093122 seconds
Number of updated asset objects reloaded before import = 0Number of asset objects unloaded after import = 1

========================================================================
Received Import Request.
  Time since last request: 0.000029 seconds.
  path: Assets/EffectExamples/FireExplosionEffects/Materials/DebrisParticle.mat
  artifactKey: Guid(72815344e9e9c7446895e130936932d7) Importer(2089858483,b0f066a214c2f5e87bad3c948f4d605d)
Start importing Assets/EffectExamples/FireExplosionEffects/Materials/DebrisParticle.mat using Guid(72815344e9e9c7446895e130936932d7) Importer(2089858483,b0f066a214c2f5e87bad3c948f4d605d) (ScriptedImporter) -> (artifact id: '8236c139ff0af96dee99e192be964fbe') in 0.0050473 seconds
Number of updated asset objects reloaded before import = 0Number of asset objects unloaded after import = 2

========================================================================
Received Import Request.
  Time since last request: 0.000047 seconds.
  path: Assets/EffectExamples/Shared/Textures
  artifactKey: Guid(c3222dd3c95a7844380be1a7d52f2441) Importer(2089858483,b0f066a214c2f5e87bad3c948f4d605d)
Start importing Assets/EffectExamples/Shared/Textures using Guid(c3222dd3c95a7844380be1a7d52f2441) Importer(2089858483,b0f066a214c2f5e87bad3c948f4d605d) (ScriptedImporter) -> (artifact id: '86f10dc86cb755eb1cdfbcd6be41eb91') in 0.0025237 seconds
Number of updated asset objects reloaded before import = 0Number of asset objects unloaded after import = 1

========================================================================
Received Import Request.
  Time since last request: 0.000028 seconds.
  path: Assets/EffectExamples/Shared/PhysicsMaterials/Stone.physicMaterial
  artifactKey: Guid(7509f6c6d640a774f9dfaa8af8658a80) Importer(2089858483,b0f066a214c2f5e87bad3c948f4d605d)
Start importing Assets/EffectExamples/Shared/PhysicsMaterials/Stone.physicMaterial using Guid(7509f6c6d640a774f9dfaa8af8658a80) Importer(2089858483,b0f066a214c2f5e87bad3c948f4d605d) (ScriptedImporter) -> (artifact id: '16e348d9c2aecfc96d8e3216ae880223') in 0.0043876 seconds
Number of updated asset objects reloaded before import = 0Number of asset objects unloaded after import = 1

========================================================================
Received Import Request.
  Time since last request: 0.000037 seconds.
  path: Assets/EffectExamples/Blood/Prefabs/BloodSprayEffect.prefab
  artifactKey: Guid(abb9f519b142e304d9c45b56afa768bc) Importer(2089858483,b0f066a214c2f5e87bad3c948f4d605d)
Start importing Assets/EffectExamples/Blood/Prefabs/BloodSprayEffect.prefab using Guid(abb9f519b142e304d9c45b56afa768bc) Importer(2089858483,b0f066a214c2f5e87bad3c948f4d605d) (ScriptedImporter) -> (artifact id: '53e0addf6988fceb22e410f9b49c3c61') in 0.0553557 seconds
Number of updated asset objects reloaded before import = 0Number of asset objects unloaded after import = 10

========================================================================
Received Import Request.
  Time since last request: 0.000026 seconds.
  path: Assets/EffectExamples/Blood/Prefabs
  artifactKey: Guid(81fe257bbe1f3de4d8993c136ed6c362) Importer(2089858483,b0f066a214c2f5e87bad3c948f4d605d)
Start importing Assets/EffectExamples/Blood/Prefabs using Guid(81fe257bbe1f3de4d8993c136ed6c362) Importer(2089858483,b0f066a214c2f5e87bad3c948f4d605d) (ScriptedImporter) -> (artifact id: 'e7284809f42e3128b5ff5648c32d9f1a') in 0.0027444 seconds
Number of updated asset objects reloaded before import = 0Number of asset objects unloaded after import = 1

========================================================================
Received Import Request.
  Time since last request: 0.000053 seconds.
  path: Assets/EffectExamples/Shared/Textures/CloudsAlpha.tif
  artifactKey: Guid(723753318dba7ab4eb68cfc0b10e71cd) Importer(2089858483,b0f066a214c2f5e87bad3c948f4d605d)
Start importing Assets/EffectExamples/Shared/Textures/CloudsAlpha.tif using Guid(723753318dba7ab4eb68cfc0b10e71cd) Importer(2089858483,b0f066a214c2f5e87bad3c948f4d605d) (ScriptedImporter) -> (artifact id: '6e784e8db568955b2e71a8992f30a2cc') in 0.0064968 seconds
Number of updated asset objects reloaded before import = 0Number of asset objects unloaded after import = 1

========================================================================
Received Import Request.
  Time since last request: 0.000021 seconds.
  path: Assets/EffectExamples/Editor/PackageManagerAssembly/PackageImportList.txt
  artifactKey: Guid(8cb9d00357e9a7d4ba95efba7231689a) Importer(2089858483,b0f066a214c2f5e87bad3c948f4d605d)
Start importing Assets/EffectExamples/Editor/PackageManagerAssembly/PackageImportList.txt using Guid(8cb9d00357e9a7d4ba95efba7231689a) Importer(2089858483,b0f066a214c2f5e87bad3c948f4d605d) (ScriptedImporter) -> (artifact id: '20218a949cabe067d16f019ae1892f33') in 0.003742 seconds
Number of updated asset objects reloaded before import = 0Number of asset objects unloaded after import = 1

========================================================================
Received Import Request.
  Time since last request: 0.000024 seconds.
  path: Assets/EffectExamples/TutorialInfo/Icons/ParticlePack5x_Icon.png
  artifactKey: Guid(1b854426d1f38f842a143cde84f59573) Importer(2089858483,b0f066a214c2f5e87bad3c948f4d605d)
Start importing Assets/EffectExamples/TutorialInfo/Icons/ParticlePack5x_Icon.png using Guid(1b854426d1f38f842a143cde84f59573) Importer(2089858483,b0f066a214c2f5e87bad3c948f4d605d) (ScriptedImporter) -> (artifact id: 'f2bb828f792505a76126886257d4ac9e') in 0.0075974 seconds
Number of updated asset objects reloaded before import = 0Number of asset objects unloaded after import = 1

========================================================================
Received Import Request.
  Time since last request: 0.000034 seconds.
  path: Assets/EffectExamples/FireExplosionEffects/Materials/FlameRoundYellowParticle.mat
  artifactKey: Guid(d7f098ed9997e714193be5e86df013f4) Importer(2089858483,b0f066a214c2f5e87bad3c948f4d605d)
Start importing Assets/EffectExamples/FireExplosionEffects/Materials/FlameRoundYellowParticle.mat using Guid(d7f098ed9997e714193be5e86df013f4) Importer(2089858483,b0f066a214c2f5e87bad3c948f4d605d) (ScriptedImporter) -> (artifact id: 'b2172d8617ac51b5fe343f907a623591') in 0.0400526 seconds
Number of updated asset objects reloaded before import = 0Number of asset objects unloaded after import = 2

========================================================================
Received Import Request.
  Time since last request: 0.000021 seconds.
  path: Assets/EffectExamples/FireExplosionEffects/Textures/SmokePuffParticleSheet.png
  artifactKey: Guid(d3c9883e2f0eef44f9241b6f8428f9fc) Importer(2089858483,b0f066a214c2f5e87bad3c948f4d605d)
Start importing Assets/EffectExamples/FireExplosionEffects/Textures/SmokePuffParticleSheet.png using Guid(d3c9883e2f0eef44f9241b6f8428f9fc) Importer(2089858483,b0f066a214c2f5e87bad3c948f4d605d) (ScriptedImporter) -> (artifact id: 'c2bf97e752e90169643a606ac3fdd1d1') in 0.0093645 seconds
Number of updated asset objects reloaded before import = 0Number of asset objects unloaded after import = 1

========================================================================
Received Import Request.
  Time since last request: 0.000024 seconds.
  path: Assets/EffectExamples/FireExplosionEffects/Textures/LightningParticle.tif
  artifactKey: Guid(06e4a78c75e10c145a9156e32089ec9c) Importer(2089858483,b0f066a214c2f5e87bad3c948f4d605d)
Start importing Assets/EffectExamples/FireExplosionEffects/Textures/LightningParticle.tif using Guid(06e4a78c75e10c145a9156e32089ec9c) Importer(2089858483,b0f066a214c2f5e87bad3c948f4d605d) (ScriptedImporter) -> (artifact id: 'e4959ad73f916a3984722b4923dcde13') in 0.0071325 seconds
Number of updated asset objects reloaded before import = 0Number of asset objects unloaded after import = 1

========================================================================
Received Import Request.
  Time since last request: 0.000027 seconds.
  path: Assets/EffectExamples/Shared/PhysicsMaterials/Character.physicMaterial
  artifactKey: Guid(2d1b92c8292f3234baa92e29f307a81d) Importer(2089858483,b0f066a214c2f5e87bad3c948f4d605d)
Start importing Assets/EffectExamples/Shared/PhysicsMaterials/Character.physicMaterial using Guid(2d1b92c8292f3234baa92e29f307a81d) Importer(2089858483,b0f066a214c2f5e87bad3c948f4d605d) (ScriptedImporter) -> (artifact id: '7630cb948fccf5119cc421dcb4201370') in 0.0045758 seconds
Number of updated asset objects reloaded before import = 0Number of asset objects unloaded after import = 1

========================================================================
Received Import Request.
  Time since last request: 0.000023 seconds.
  path: Assets/EffectExamples/WeaponEffects/Textures/WaterDropsParticle.tif
  artifactKey: Guid(2ed1fb2461447634dab88e4180196c3e) Importer(2089858483,b0f066a214c2f5e87bad3c948f4d605d)
Start importing Assets/EffectExamples/WeaponEffects/Textures/WaterDropsParticle.tif using Guid(2ed1fb2461447634dab88e4180196c3e) Importer(2089858483,b0f066a214c2f5e87bad3c948f4d605d) (ScriptedImporter) -> (artifact id: 'd7e8bb07cdb8ca42e75601b9a52a98f0') in 0.008962 seconds
Number of updated asset objects reloaded before import = 0Number of asset objects unloaded after import = 1

========================================================================
Received Import Request.
  Time since last request: 0.000021 seconds.
  path: Assets/TutorialInfo/Scripts/Readme.cs
  artifactKey: Guid(fcf7219bab7fe46a1ad266029b2fee19) Importer(2089858483,b0f066a214c2f5e87bad3c948f4d605d)
Start importing Assets/TutorialInfo/Scripts/Readme.cs using Guid(fcf7219bab7fe46a1ad266029b2fee19) Importer(2089858483,b0f066a214c2f5e87bad3c948f4d605d) (ScriptedImporter) -> (artifact id: 'e922a65b5bb733d87156d0a66f249a02') in 0.0047019 seconds
Number of updated asset objects reloaded before import = 0Number of asset objects unloaded after import = 1

========================================================================
Received Import Request.
  Time since last request: 0.000029 seconds.
  path: Assets/EffectExamples/Shared/PhysicsMaterials/Metal.physicMaterial
  artifactKey: Guid(77b2008fc6197f44a82570617d274355) Importer(2089858483,b0f066a214c2f5e87bad3c948f4d605d)
Start importing Assets/EffectExamples/Shared/PhysicsMaterials/Metal.physicMaterial using Guid(77b2008fc6197f44a82570617d274355) Importer(2089858483,b0f066a214c2f5e87bad3c948f4d605d) (ScriptedImporter) -> (artifact id: '95ee7dd6420274d0dfef41a6b6f298f1') in 0.0037048 seconds
Number of updated asset objects reloaded before import = 0Number of asset objects unloaded after import = 1

========================================================================
Received Import Request.
  Time since last request: 0.000019 seconds.
  path: Assets/EffectExamples/FireExplosionEffects/Prefabs/FlameThrowerEffect.prefab
  artifactKey: Guid(3123da49cb81147489b444f2749aba47) Importer(2089858483,b0f066a214c2f5e87bad3c948f4d605d)
Start importing Assets/EffectExamples/FireExplosionEffects/Prefabs/FlameThrowerEffect.prefab using Guid(3123da49cb81147489b444f2749aba47) Importer(2089858483,b0f066a214c2f5e87bad3c948f4d605d) (ScriptedImporter) -> (artifact id: '790cd466c3e2eec5d1b1c173e442bb43') in 0.0068672 seconds
Number of updated asset objects reloaded before import = 0Number of asset objects unloaded after import = 46

========================================================================
Received Import Request.
  Time since last request: 0.000022 seconds.
  path: Assets/EffectExamples/Shared/Materials/SandSurface.mat
  artifactKey: Guid(26bc8648a85c6b041a5d5b00ca61062b) Importer(2089858483,b0f066a214c2f5e87bad3c948f4d605d)
Start importing Assets/EffectExamples/Shared/Materials/SandSurface.mat using Guid(26bc8648a85c6b041a5d5b00ca61062b) Importer(2089858483,b0f066a214c2f5e87bad3c948f4d605d) (ScriptedImporter) -> (artifact id: '03e01436df8d9205f408ec5500f55bf8') in 0.0121774 seconds
Number of updated asset objects reloaded before import = 0Number of asset objects unloaded after import = 1

========================================================================
Received Import Request.
  Time since last request: 0.000024 seconds.
  path: Assets/EffectExamples/WeaponEffects/Textures/BloodSplat2.mat
  artifactKey: Guid(fb0f4297b291a034bb4f9a9eada50640) Importer(2089858483,b0f066a214c2f5e87bad3c948f4d605d)
Start importing Assets/EffectExamples/WeaponEffects/Textures/BloodSplat2.mat using Guid(fb0f4297b291a034bb4f9a9eada50640) Importer(2089858483,b0f066a214c2f5e87bad3c948f4d605d) (ScriptedImporter) -> (artifact id: '38b3beacc072954ee5f8692bcfbd4654') in 0.0050092 seconds
Number of updated asset objects reloaded before import = 0Number of asset objects unloaded after import = 2

========================================================================
Received Import Request.
  Time since last request: 0.000019 seconds.
  path: Assets/EffectExamples/TutorialInfo
  artifactKey: Guid(e2987fa059fb0b04eb343a844a291dc8) Importer(2089858483,b0f066a214c2f5e87bad3c948f4d605d)
Start importing Assets/EffectExamples/TutorialInfo using Guid(e2987fa059fb0b04eb343a844a291dc8) Importer(2089858483,b0f066a214c2f5e87bad3c948f4d605d) (ScriptedImporter) -> (artifact id: '844dbec486a72e81b679a907f328cf65') in 0.002603 seconds
Number of updated asset objects reloaded before import = 0Number of asset objects unloaded after import = 1

========================================================================
Received Import Request.
  Time since last request: 0.000019 seconds.
  path: Assets/EffectExamples/Misc Effects
  artifactKey: Guid(7dd5994c11ccf45c3b64748c6a871d80) Importer(2089858483,b0f066a214c2f5e87bad3c948f4d605d)
Start importing Assets/EffectExamples/Misc Effects using Guid(7dd5994c11ccf45c3b64748c6a871d80) Importer(2089858483,b0f066a214c2f5e87bad3c948f4d605d) (ScriptedImporter) -> (artifact id: '77138344d3d9a4e4b107dcd4f32b0379') in 0.0026582 seconds
Number of updated asset objects reloaded before import = 0Number of asset objects unloaded after import = 1

========================================================================
Received Import Request.
  Time since last request: 0.000024 seconds.
  path: Assets/EffectExamples/Shared/Materials/StoneSurface.mat
  artifactKey: Guid(3eb079016c4106b41bc3f19de570f770) Importer(2089858483,b0f066a214c2f5e87bad3c948f4d605d)
Start importing Assets/EffectExamples/Shared/Materials/StoneSurface.mat using Guid(3eb079016c4106b41bc3f19de570f770) Importer(2089858483,b0f066a214c2f5e87bad3c948f4d605d) (ScriptedImporter) -> (artifact id: '948a0c64e3ee1b33df47e735b804a404') in 0.0062068 seconds
Number of updated asset objects reloaded before import = 0Number of asset objects unloaded after import = 3

========================================================================
Received Import Request.
  Time since last request: 0.000029 seconds.
  path: Assets/EffectExamples/Shared/PhysicsMaterials/Sand.physicMaterial
  artifactKey: Guid(ee4bb0d1ce749cf44ac6dc2a56ad59f6) Importer(2089858483,b0f066a214c2f5e87bad3c948f4d605d)
Start importing Assets/EffectExamples/Shared/PhysicsMaterials/Sand.physicMaterial using Guid(ee4bb0d1ce749cf44ac6dc2a56ad59f6) Importer(2089858483,b0f066a214c2f5e87bad3c948f4d605d) (ScriptedImporter) -> (artifact id: 'c9769310879c1ab110b255131fa667a2') in 0.0031484 seconds
Number of updated asset objects reloaded before import = 0Number of asset objects unloaded after import = 1

========================================================================
Received Import Request.
  Time since last request: 0.000018 seconds.
  path: Assets/EffectExamples/WeaponEffects/Prefabs/BulletImpactWaterContainerExtinguisherEffect.prefab
  artifactKey: Guid(8c0568c457f38824d8649f26f2363927) Importer(2089858483,b0f066a214c2f5e87bad3c948f4d605d)
Start importing Assets/EffectExamples/WeaponEffects/Prefabs/BulletImpactWaterContainerExtinguisherEffect.prefab using Guid(8c0568c457f38824d8649f26f2363927) Importer(2089858483,b0f066a214c2f5e87bad3c948f4d605d) (ScriptedImporter) -> (artifact id: '4b7f6e63b3ef7e04a92973b1a5d32bf3') in 0.0065592 seconds
Number of updated asset objects reloaded before import = 0Number of asset objects unloaded after import = 18

========================================================================
Received Import Request.
  Time since last request: 0.000022 seconds.
  path: Assets/EffectExamples/WeaponEffects/Materials/BulletDecalMetal.mat
  artifactKey: Guid(094e76e620df5714eb3946120657e1f6) Importer(2089858483,b0f066a214c2f5e87bad3c948f4d605d)
Start importing Assets/EffectExamples/WeaponEffects/Materials/BulletDecalMetal.mat using Guid(094e76e620df5714eb3946120657e1f6) Importer(2089858483,b0f066a214c2f5e87bad3c948f4d605d) (ScriptedImporter) -> (artifact id: '0194654d8cb5a656669f2139859c5c62') in 0.0275058 seconds
Number of updated asset objects reloaded before import = 0Number of asset objects unloaded after import = 3

========================================================================
Received Import Request.
  Time since last request: 0.000022 seconds.
  path: Assets/EffectExamples/WaterEffects/Materials/WaterRipplesParticle.mat
  artifactKey: Guid(c185392cb22aeb741a03d966a7012837) Importer(2089858483,b0f066a214c2f5e87bad3c948f4d605d)
Start importing Assets/EffectExamples/WaterEffects/Materials/WaterRipplesParticle.mat using Guid(c185392cb22aeb741a03d966a7012837) Importer(2089858483,b0f066a214c2f5e87bad3c948f4d605d) (ScriptedImporter) -> (artifact id: 'd93a85685b1a79533df0878602ccd3e7') in 0.005024 seconds
Number of updated asset objects reloaded before import = 0Number of asset objects unloaded after import = 2

========================================================================
Received Import Request.
  Time since last request: 0.000028 seconds.
  path: Assets/EffectExamples/Blood/Textures/BloodDropNormals.tif
  artifactKey: Guid(e2e48048625d63c41a7219b81562326d) Importer(2089858483,b0f066a214c2f5e87bad3c948f4d605d)
Start importing Assets/EffectExamples/Blood/Textures/BloodDropNormals.tif using Guid(e2e48048625d63c41a7219b81562326d) Importer(2089858483,b0f066a214c2f5e87bad3c948f4d605d) (ScriptedImporter) -> (artifact id: '8f0ca1cc2e0652852043a549e890be80') in 0.0087866 seconds
Number of updated asset objects reloaded before import = 0Number of asset objects unloaded after import = 1

========================================================================
Received Import Request.
  Time since last request: 0.000035 seconds.
  path: Assets/EffectExamples/WeaponEffects/Materials/Projectile.mat
  artifactKey: Guid(a24a209a6bd187d49929d1a6d40a92ec) Importer(2089858483,b0f066a214c2f5e87bad3c948f4d605d)
Start importing Assets/EffectExamples/WeaponEffects/Materials/Projectile.mat using Guid(a24a209a6bd187d49929d1a6d40a92ec) Importer(2089858483,b0f066a214c2f5e87bad3c948f4d605d) (ScriptedImporter) -> (artifact id: '39f2221b4356af8657b6781780abf5cb') in 0.0052047 seconds
Number of updated asset objects reloaded before import = 0Number of asset objects unloaded after import = 1

========================================================================
Received Import Request.
  Time since last request: 0.000039 seconds.
  path: Assets/EffectExamples/WeaponEffects/Models/Materials
  artifactKey: Guid(6be0b4db345d5481b9c6c1201d17ca2f) Importer(2089858483,b0f066a214c2f5e87bad3c948f4d605d)
Start importing Assets/EffectExamples/WeaponEffects/Models/Materials using Guid(6be0b4db345d5481b9c6c1201d17ca2f) Importer(2089858483,b0f066a214c2f5e87bad3c948f4d605d) (ScriptedImporter) -> (artifact id: 'db16be125f9c6085893f82374b6a3967') in 0.0042078 seconds
Number of updated asset objects reloaded before import = 0Number of asset objects unloaded after import = 1

========================================================================
Received Import Request.
  Time since last request: 0.000025 seconds.
  path: Assets/EffectExamples/Shared/Textures/StoneNormals.tif
  artifactKey: Guid(e6b70229308faa64880eac4945d59f5e) Importer(2089858483,b0f066a214c2f5e87bad3c948f4d605d)
Start importing Assets/EffectExamples/Shared/Textures/StoneNormals.tif using Guid(e6b70229308faa64880eac4945d59f5e) Importer(2089858483,b0f066a214c2f5e87bad3c948f4d605d) (ScriptedImporter) -> (artifact id: '3e53a3043dfc84ef25824824aaddab8c') in 0.0074339 seconds
Number of updated asset objects reloaded before import = 0Number of asset objects unloaded after import = 1

========================================================================
Received Import Request.
  Time since last request: 0.000020 seconds.
  path: Assets/EffectExamples/Shared/Models/LowMan.fbx
  artifactKey: Guid(7e15121f5f042ed46aba81406403f2d2) Importer(2089858483,b0f066a214c2f5e87bad3c948f4d605d)
Start importing Assets/EffectExamples/Shared/Models/LowMan.fbx using Guid(7e15121f5f042ed46aba81406403f2d2) Importer(2089858483,b0f066a214c2f5e87bad3c948f4d605d) (ScriptedImporter) -> (artifact id: 'a6a15b3d47971756ac62a6db92721b85') in 0.0155129 seconds
Number of updated asset objects reloaded before import = 0Number of asset objects unloaded after import = 68

========================================================================
Received Import Request.
  Time since last request: 0.000026 seconds.
  path: Assets/EffectExamples/Misc Effects/Materials/DustMoteParticle.mat
  artifactKey: Guid(e27a3e2f84809914fa5bf3a7ac14ce9f) Importer(2089858483,b0f066a214c2f5e87bad3c948f4d605d)
Start importing Assets/EffectExamples/Misc Effects/Materials/DustMoteParticle.mat using Guid(e27a3e2f84809914fa5bf3a7ac14ce9f) Importer(2089858483,b0f066a214c2f5e87bad3c948f4d605d) (ScriptedImporter) -> (artifact id: '152628da65bf6224df89030c4f982e05') in 0.0047347 seconds
Number of updated asset objects reloaded before import = 0Number of asset objects unloaded after import = 2

========================================================================
Received Import Request.
  Time since last request: 0.000031 seconds.
  path: Assets/EffectExamples/Blood/Prefabs/BloodStreamEffect.prefab
  artifactKey: Guid(a3768c8a9d1b90d4bb0eb0e4bdbe730c) Importer(2089858483,b0f066a214c2f5e87bad3c948f4d605d)
Start importing Assets/EffectExamples/Blood/Prefabs/BloodStreamEffect.prefab using Guid(a3768c8a9d1b90d4bb0eb0e4bdbe730c) Importer(2089858483,b0f066a214c2f5e87bad3c948f4d605d) (ScriptedImporter) -> (artifact id: 'dd43d1153d53e56bcce5fa3f340f69d0') in 0.0150868 seconds
Number of updated asset objects reloaded before import = 0Number of asset objects unloaded after import = 18

========================================================================
Received Import Request.
  Time since last request: 0.000031 seconds.
  path: Assets/EffectExamples/FireExplosionEffects/Textures/FlameRoundParticleSheet.tif
  artifactKey: Guid(408718fd5f763de42b12f849570ddf58) Importer(2089858483,b0f066a214c2f5e87bad3c948f4d605d)
Start importing Assets/EffectExamples/FireExplosionEffects/Textures/FlameRoundParticleSheet.tif using Guid(408718fd5f763de42b12f849570ddf58) Importer(2089858483,b0f066a214c2f5e87bad3c948f4d605d) (ScriptedImporter) -> (artifact id: 'da041fbfef1b7a3b17b579f803f9d64c') in 0.0107092 seconds
Number of updated asset objects reloaded before import = 0Number of asset objects unloaded after import = 1

========================================================================
Received Import Request.
  Time since last request: 0.000040 seconds.
  path: Assets/EffectExamples/WeaponEffects/Prefabs/BulletImpactStoneEffect.prefab
  artifactKey: Guid(4edabb1c0dde62743b137378c7d22980) Importer(2089858483,b0f066a214c2f5e87bad3c948f4d605d)
Start importing Assets/EffectExamples/WeaponEffects/Prefabs/BulletImpactStoneEffect.prefab using Guid(4edabb1c0dde62743b137378c7d22980) Importer(2089858483,b0f066a214c2f5e87bad3c948f4d605d) (ScriptedImporter) -> (artifact id: '82eacd6191e9a4a0ce2dd48582d53e3c') in 0.0210816 seconds
Number of updated asset objects reloaded before import = 0Number of asset objects unloaded after import = 15

========================================================================
Received Import Request.
  Time since last request: 0.000045 seconds.
  path: Assets/EffectExamples/WaterEffects
  artifactKey: Guid(ba290491ceddda648bce3f8b178b2353) Importer(2089858483,b0f066a214c2f5e87bad3c948f4d605d)
Start importing Assets/EffectExamples/WaterEffects using Guid(ba290491ceddda648bce3f8b178b2353) Importer(2089858483,b0f066a214c2f5e87bad3c948f4d605d) (ScriptedImporter) -> (artifact id: 'c901758998aef6675d365e5bed9c2427') in 0.0036179 seconds
Number of updated asset objects reloaded before import = 0Number of asset objects unloaded after import = 1

========================================================================
Received Import Request.
  Time since last request: 0.000038 seconds.
  path: Assets/EffectExamples/Misc Effects/Prefabs/SandSwirlsEffect.prefab
  artifactKey: Guid(14d81e2c407975245973a11cdfbeb902) Importer(2089858483,b0f066a214c2f5e87bad3c948f4d605d)
Start importing Assets/EffectExamples/Misc Effects/Prefabs/SandSwirlsEffect.prefab using Guid(14d81e2c407975245973a11cdfbeb902) Importer(2089858483,b0f066a214c2f5e87bad3c948f4d605d) (ScriptedImporter) -> (artifact id: '17a24e14eb9e238a56358077cbf384b2') in 0.0192036 seconds
Number of updated asset objects reloaded before import = 0Number of asset objects unloaded after import = 10

========================================================================
Received Import Request.
  Time since last request: 0.000029 seconds.
  path: Assets/EffectExamples/Shared/Textures/fleshNormals.tif
  artifactKey: Guid(82b123d008de09948adc8d1433889121) Importer(2089858483,b0f066a214c2f5e87bad3c948f4d605d)
Start importing Assets/EffectExamples/Shared/Textures/fleshNormals.tif using Guid(82b123d008de09948adc8d1433889121) Importer(2089858483,b0f066a214c2f5e87bad3c948f4d605d) (ScriptedImporter) -> (artifact id: '2fd34057262b9c4f368d1e83d0f221fe') in 0.0070856 seconds
Number of updated asset objects reloaded before import = 0Number of asset objects unloaded after import = 1

========================================================================
Received Import Request.
  Time since last request: 0.000022 seconds.
  path: Assets/EffectExamples/WeaponEffects/Textures/BloodStreakAlbedo.tif
  artifactKey: Guid(07a10375da67ac9429e4694a4e70a774) Importer(2089858483,b0f066a214c2f5e87bad3c948f4d605d)
Start importing Assets/EffectExamples/WeaponEffects/Textures/BloodStreakAlbedo.tif using Guid(07a10375da67ac9429e4694a4e70a774) Importer(2089858483,b0f066a214c2f5e87bad3c948f4d605d) (ScriptedImporter) -> (artifact id: 'ab734508706cdb959a4f34016836a5b1') in 0.0072714 seconds
Number of updated asset objects reloaded before import = 0Number of asset objects unloaded after import = 1

========================================================================
Received Import Request.
  Time since last request: 0.000030 seconds.
  path: Assets/EffectExamples/Shared/Textures/WoodNormals.tif
  artifactKey: Guid(d6a42d710971e07418e30f9a047b65b6) Importer(2089858483,b0f066a214c2f5e87bad3c948f4d605d)
Start importing Assets/EffectExamples/Shared/Textures/WoodNormals.tif using Guid(d6a42d710971e07418e30f9a047b65b6) Importer(2089858483,b0f066a214c2f5e87bad3c948f4d605d) (ScriptedImporter) -> (artifact id: '2cae7d5a28c51c150b866f0024406a7c') in 0.0082762 seconds
Number of updated asset objects reloaded before import = 0Number of asset objects unloaded after import = 1

========================================================================
Received Import Request.
  Time since last request: 0.000026 seconds.
  path: Assets/EffectExamples/WaterEffects/Textures/ImpactSplashParticle.tif
  artifactKey: Guid(a4948475d3e9a794cad36c380b171ea7) Importer(2089858483,b0f066a214c2f5e87bad3c948f4d605d)
Start importing Assets/EffectExamples/WaterEffects/Textures/ImpactSplashParticle.tif using Guid(a4948475d3e9a794cad36c380b171ea7) Importer(2089858483,b0f066a214c2f5e87bad3c948f4d605d) (ScriptedImporter) -> (artifact id: 'e1082f566483a1055f63febf25e59138') in 0.0079589 seconds
Number of updated asset objects reloaded before import = 0Number of asset objects unloaded after import = 1

========================================================================
Received Import Request.
  Time since last request: 0.000029 seconds.
  path: Assets/EffectExamples/Shared/Models/BackGround.FBX
  artifactKey: Guid(f4527c479041fc040b53171204c086a5) Importer(2089858483,b0f066a214c2f5e87bad3c948f4d605d)
Start importing Assets/EffectExamples/Shared/Models/BackGround.FBX using Guid(f4527c479041fc040b53171204c086a5) Importer(2089858483,b0f066a214c2f5e87bad3c948f4d605d) (ScriptedImporter) -> (artifact id: '27af62d93c2e4c69937a320c641098cd') in 0.0074373 seconds
Number of updated asset objects reloaded before import = 0Number of asset objects unloaded after import = 8

========================================================================
Received Import Request.
  Time since last request: 0.000020 seconds.
  path: Assets/EffectExamples/WaterEffects/Materials/WaterMistParticle.mat
  artifactKey: Guid(d0cac5b586ffc5541841ef1580df871c) Importer(2089858483,b0f066a214c2f5e87bad3c948f4d605d)
Start importing Assets/EffectExamples/WaterEffects/Materials/WaterMistParticle.mat using Guid(d0cac5b586ffc5541841ef1580df871c) Importer(2089858483,b0f066a214c2f5e87bad3c948f4d605d) (ScriptedImporter) -> (artifact id: '0b78288e268d456157ff92f4d1ade954') in 0.0070955 seconds
Number of updated asset objects reloaded before import = 0Number of asset objects unloaded after import = 2

========================================================================
Received Import Request.
  Time since last request: 0.000020 seconds.
  path: Assets/EffectExamples/WeaponEffects/Materials/MuzzleFlashParticle.mat
  artifactKey: Guid(527027c8baf2f0540be3104a3ec38a99) Importer(2089858483,b0f066a214c2f5e87bad3c948f4d605d)
Start importing Assets/EffectExamples/WeaponEffects/Materials/MuzzleFlashParticle.mat using Guid(527027c8baf2f0540be3104a3ec38a99) Importer(2089858483,b0f066a214c2f5e87bad3c948f4d605d) (ScriptedImporter) -> (artifact id: '230a85554b863def02ea2d3e09f8e01d') in 0.0046386 seconds
Number of updated asset objects reloaded before import = 0Number of asset objects unloaded after import = 2

========================================================================
Received Import Request.
  Time since last request: 0.000025 seconds.
  path: Assets/EffectExamples/WeaponEffects/Textures/woodSplintersNormals.tif
  artifactKey: Guid(937ed87ab83404042bb43da3180148b7) Importer(2089858483,b0f066a214c2f5e87bad3c948f4d605d)
Start importing Assets/EffectExamples/WeaponEffects/Textures/woodSplintersNormals.tif using Guid(937ed87ab83404042bb43da3180148b7) Importer(2089858483,b0f066a214c2f5e87bad3c948f4d605d) (ScriptedImporter) -> (artifact id: '58c78d3fe8acb862a8779bf2e209b63b') in 0.0059753 seconds
Number of updated asset objects reloaded before import = 0Number of asset objects unloaded after import = 1

========================================================================
Received Import Request.
  Time since last request: 0.000026 seconds.
  path: Assets/EffectExamples/WeaponEffects/Textures/StreamNormals.tif
  artifactKey: Guid(dbf5fd5c04eedf2418e86c377cf5b95b) Importer(2089858483,b0f066a214c2f5e87bad3c948f4d605d)
Start importing Assets/EffectExamples/WeaponEffects/Textures/StreamNormals.tif using Guid(dbf5fd5c04eedf2418e86c377cf5b95b) Importer(2089858483,b0f066a214c2f5e87bad3c948f4d605d) (ScriptedImporter) -> (artifact id: '013b1c3c308429a1bdb5f2a80e6b73fb') in 0.0064428 seconds
Number of updated asset objects reloaded before import = 0Number of asset objects unloaded after import = 1

========================================================================
Received Import Request.
  Time since last request: 0.000047 seconds.
  path: Assets/EffectExamples/WaterEffects/Textures/WaterDropParticle.tif
  artifactKey: Guid(3735ed3a20c01874f9804d7e18416659) Importer(2089858483,b0f066a214c2f5e87bad3c948f4d605d)
Start importing Assets/EffectExamples/WaterEffects/Textures/WaterDropParticle.tif using Guid(3735ed3a20c01874f9804d7e18416659) Importer(2089858483,b0f066a214c2f5e87bad3c948f4d605d) (ScriptedImporter) -> (artifact id: '06abc58026613516dec62c03d32a8f06') in 0.0069696 seconds
Number of updated asset objects reloaded before import = 0Number of asset objects unloaded after import = 1

========================================================================
Received Import Request.
  Time since last request: 0.000024 seconds.
  path: Assets/EffectExamples/WeaponEffects/Materials/ShallCasing.mat
  artifactKey: Guid(713f8d12f5dbfb640b7a4874212c2c08) Importer(2089858483,b0f066a214c2f5e87bad3c948f4d605d)
Start importing Assets/EffectExamples/WeaponEffects/Materials/ShallCasing.mat using Guid(713f8d12f5dbfb640b7a4874212c2c08) Importer(2089858483,b0f066a214c2f5e87bad3c948f4d605d) (ScriptedImporter) -> (artifact id: '6cb867f0738e024077629760eb1383b5') in 0.0099004 seconds
Number of updated asset objects reloaded before import = 0Number of asset objects unloaded after import = 1

========================================================================
Received Import Request.
  Time since last request: 0.000049 seconds.
  path: Assets/EffectExamples/Shared/Materials/MetalSurface.mat
  artifactKey: Guid(4f477167fc0be5e4dab9a125b37c42ad) Importer(2089858483,b0f066a214c2f5e87bad3c948f4d605d)
Start importing Assets/EffectExamples/Shared/Materials/MetalSurface.mat using Guid(4f477167fc0be5e4dab9a125b37c42ad) Importer(2089858483,b0f066a214c2f5e87bad3c948f4d605d) (ScriptedImporter) -> (artifact id: 'ec7a421d83f3d4f261cda15f0d51deff') in 0.0039615 seconds
Number of updated asset objects reloaded before import = 0Number of asset objects unloaded after import = 1

========================================================================
Received Import Request.
  Time since last request: 0.000017 seconds.
  path: Assets/EffectExamples/WaterEffects/Materials/WaterTrailParticle.mat
  artifactKey: Guid(2cf2d564c8b1c7a469f8711c96c0efaa) Importer(2089858483,b0f066a214c2f5e87bad3c948f4d605d)
Start importing Assets/EffectExamples/WaterEffects/Materials/WaterTrailParticle.mat using Guid(2cf2d564c8b1c7a469f8711c96c0efaa) Importer(2089858483,b0f066a214c2f5e87bad3c948f4d605d) (ScriptedImporter) -> (artifact id: 'c21b6bfe8d83390e5f471c7897076b1e') in 0.0040727 seconds
Number of updated asset objects reloaded before import = 0Number of asset objects unloaded after import = 2

========================================================================
Received Import Request.
  Time since last request: 0.000020 seconds.
  path: Assets/EffectExamples/WeaponEffects/Prefabs/BulletImpactFleshBigEffect.prefab
  artifactKey: Guid(e5a3d6da48298a0458c1990f58c27069) Importer(2089858483,b0f066a214c2f5e87bad3c948f4d605d)
Start importing Assets/EffectExamples/WeaponEffects/Prefabs/BulletImpactFleshBigEffect.prefab using Guid(e5a3d6da48298a0458c1990f58c27069) Importer(2089858483,b0f066a214c2f5e87bad3c948f4d605d) (ScriptedImporter) -> (artifact id: '24084e9785718f73cc7b28ccf5fc01c7') in 0.018552 seconds
Number of updated asset objects reloaded before import = 0Number of asset objects unloaded after import = 23

========================================================================
Received Import Request.
  Time since last request: 0.000024 seconds.
  path: Assets/EffectExamples/WeaponEffects/Textures/WaterSplashParticle.mat
  artifactKey: Guid(b96fa6813686d9d4f844ead1ff3f9f64) Importer(2089858483,b0f066a214c2f5e87bad3c948f4d605d)
Start importing Assets/EffectExamples/WeaponEffects/Textures/WaterSplashParticle.mat using Guid(b96fa6813686d9d4f844ead1ff3f9f64) Importer(2089858483,b0f066a214c2f5e87bad3c948f4d605d) (ScriptedImporter) -> (artifact id: 'af5e0cafab43cda118961299c831fe80') in 0.0060132 seconds
Number of updated asset objects reloaded before import = 0Number of asset objects unloaded after import = 2

========================================================================
Received Import Request.
  Time since last request: 0.000065 seconds.
  path: Assets/EffectExamples/WeaponEffects/Prefabs/MuzzleFlashEffect.prefab
  artifactKey: Guid(9defeac88977c0d448aa4541073ee9e4) Importer(2089858483,b0f066a214c2f5e87bad3c948f4d605d)
Start importing Assets/EffectExamples/WeaponEffects/Prefabs/MuzzleFlashEffect.prefab using Guid(9defeac88977c0d448aa4541073ee9e4) Importer(2089858483,b0f066a214c2f5e87bad3c948f4d605d) (ScriptedImporter) -> (artifact id: '6074ee77597705c63db39c3bc36ba9ab') in 0.018149 seconds
Number of updated asset objects reloaded before import = 0Number of asset objects unloaded after import = 10

========================================================================
Received Import Request.
  Time since last request: 0.000036 seconds.
  path: Assets/EffectExamples/Shared/Animation/Controllers
  artifactKey: Guid(c684e269537fa254a899da909501f536) Importer(2089858483,b0f066a214c2f5e87bad3c948f4d605d)
Start importing Assets/EffectExamples/Shared/Animation/Controllers using Guid(c684e269537fa254a899da909501f536) Importer(2089858483,b0f066a214c2f5e87bad3c948f4d605d) (ScriptedImporter) -> (artifact id: '0721fa1d4aaac0f45a048386484b3288') in 0.0034375 seconds
Number of updated asset objects reloaded before import = 0Number of asset objects unloaded after import = 1

========================================================================
Received Import Request.
  Time since last request: 0.000027 seconds.
  path: Assets/EffectExamples/WeaponEffects/Prefabs/BulletImpactFleshSmallEffect.prefab
  artifactKey: Guid(83e55d3418297934fab882559d009285) Importer(2089858483,b0f066a214c2f5e87bad3c948f4d605d)
Start importing Assets/EffectExamples/WeaponEffects/Prefabs/BulletImpactFleshSmallEffect.prefab using Guid(83e55d3418297934fab882559d009285) Importer(2089858483,b0f066a214c2f5e87bad3c948f4d605d) (ScriptedImporter) -> (artifact id: '1c9f0ad235a5532d3b56b8e3313f29a1') in 0.0204743 seconds
Number of updated asset objects reloaded before import = 0Number of asset objects unloaded after import = 19

========================================================================
Received Import Request.
  Time since last request: 0.000023 seconds.
  path: Assets/EffectExamples/FireExplosionEffects/Prefabs/FlamesParticleEffect.prefab
  artifactKey: Guid(3228a22491941734bb83ad691d17fcb9) Importer(2089858483,b0f066a214c2f5e87bad3c948f4d605d)
Start importing Assets/EffectExamples/FireExplosionEffects/Prefabs/FlamesParticleEffect.prefab using Guid(3228a22491941734bb83ad691d17fcb9) Importer(2089858483,b0f066a214c2f5e87bad3c948f4d605d) (ScriptedImporter) -> (artifact id: '43be3ca940875bec62d3adc8b2ab6400') in 0.017558 seconds
Number of updated asset objects reloaded before import = 0Number of asset objects unloaded after import = 14

========================================================================
Received Import Request.
  Time since last request: 0.000027 seconds.
  path: Assets/EffectExamples/FireExplosionEffects/Materials/ShockWaveParticle.mat
  artifactKey: Guid(f88239865da4c79468e051ceb78c0317) Importer(2089858483,b0f066a214c2f5e87bad3c948f4d605d)
Start importing Assets/EffectExamples/FireExplosionEffects/Materials/ShockWaveParticle.mat using Guid(f88239865da4c79468e051ceb78c0317) Importer(2089858483,b0f066a214c2f5e87bad3c948f4d605d) (ScriptedImporter) -> (artifact id: 'dcf7d70368fd11149c9fabb2849d7774') in 0.0038006 seconds
Number of updated asset objects reloaded before import = 0Number of asset objects unloaded after import = 1

========================================================================
Received Import Request.
  Time since last request: 0.000031 seconds.
  path: Assets/EffectExamples/FireExplosionEffects/Materials/PlasmaExplosionParticle.mat
  artifactKey: Guid(7ff1ab0b724442843965e2dd0f02e969) Importer(2089858483,b0f066a214c2f5e87bad3c948f4d605d)
Start importing Assets/EffectExamples/FireExplosionEffects/Materials/PlasmaExplosionParticle.mat using Guid(7ff1ab0b724442843965e2dd0f02e969) Importer(2089858483,b0f066a214c2f5e87bad3c948f4d605d) (ScriptedImporter) -> (artifact id: 'b4f1ac7bfc28c2233cb269f8fbf59dcc') in 0.0259274 seconds
Number of updated asset objects reloaded before import = 0Number of asset objects unloaded after import = 2

========================================================================
Received Import Request.
  Time since last request: 0.000048 seconds.
  path: Assets/EffectExamples/Shared/Shaders
  artifactKey: Guid(ce08deff3b27b76418355fad4f2a4c2f) Importer(2089858483,b0f066a214c2f5e87bad3c948f4d605d)
Start importing Assets/EffectExamples/Shared/Shaders using Guid(ce08deff3b27b76418355fad4f2a4c2f) Importer(2089858483,b0f066a214c2f5e87bad3c948f4d605d) (ScriptedImporter) -> (artifact id: '40f2bfee9d04f8d6aa72e7b3cdaf393d') in 0.0026876 seconds
Number of updated asset objects reloaded before import = 0Number of asset objects unloaded after import = 1

========================================================================
Received Import Request.
  Time since last request: 0.000023 seconds.
  path: Assets/EffectExamples/Blood/Materials/BloodStreamParticle.mat
  artifactKey: Guid(fb0a006be807eac48a87ffa79b3330a5) Importer(2089858483,b0f066a214c2f5e87bad3c948f4d605d)
Start importing Assets/EffectExamples/Blood/Materials/BloodStreamParticle.mat using Guid(fb0a006be807eac48a87ffa79b3330a5) Importer(2089858483,b0f066a214c2f5e87bad3c948f4d605d) (ScriptedImporter) -> (artifact id: 'f7e46504867a698327213faf4f938ba4') in 0.0093019 seconds
Number of updated asset objects reloaded before import = 0Number of asset objects unloaded after import = 3

========================================================================
Received Import Request.
  Time since last request: 0.000024 seconds.
  path: Assets/EffectExamples/Scenes/Menu/ReflectionProbe-0.exr
  artifactKey: Guid(afa65c6b520779f44bbd494abdfb8cdd) Importer(2089858483,b0f066a214c2f5e87bad3c948f4d605d)
Start importing Assets/EffectExamples/Scenes/Menu/ReflectionProbe-0.exr using Guid(afa65c6b520779f44bbd494abdfb8cdd) Importer(2089858483,b0f066a214c2f5e87bad3c948f4d605d) (ScriptedImporter) -> (artifact id: '5795f5e2e3c037550a840602f23c1adb') in 0.0100048 seconds
Number of updated asset objects reloaded before import = 0Number of asset objects unloaded after import = 1

========================================================================
Received Import Request.
  Time since last request: 0.000022 seconds.
  path: Assets/EffectExamples/Scenes/Menu/LightingData.asset
  artifactKey: Guid(c482561641a25514791bf19c84125d92) Importer(2089858483,b0f066a214c2f5e87bad3c948f4d605d)
Start importing Assets/EffectExamples/Scenes/Menu/LightingData.asset using Guid(c482561641a25514791bf19c84125d92) Importer(2089858483,b0f066a214c2f5e87bad3c948f4d605d) (ScriptedImporter) -> (artifact id: 'a530ad05d83b92015ac95cfeb90dd2aa') in 0.0043189 seconds
Number of updated asset objects reloaded before import = 0Number of asset objects unloaded after import = 2

========================================================================
Received Import Request.
  Time since last request: 0.000023 seconds.
  path: Assets/EffectExamples/Blood
  artifactKey: Guid(96a4fd4c27ed4214f905c521891b2c87) Importer(2089858483,b0f066a214c2f5e87bad3c948f4d605d)
Start importing Assets/EffectExamples/Blood using Guid(96a4fd4c27ed4214f905c521891b2c87) Importer(2089858483,b0f066a214c2f5e87bad3c948f4d605d) (ScriptedImporter) -> (artifact id: '18e4bb675c76b235a8baec0750b9dc49') in 0.002807 seconds
Number of updated asset objects reloaded before import = 0Number of asset objects unloaded after import = 1

========================================================================
Received Import Request.
  Time since last request: 0.000033 seconds.
  path: Assets/EffectExamples/Shared/Textures/StoneAlbedo.tif
  artifactKey: Guid(d6971144598309840aa5627e0797e545) Importer(2089858483,b0f066a214c2f5e87bad3c948f4d605d)
Start importing Assets/EffectExamples/Shared/Textures/StoneAlbedo.tif using Guid(d6971144598309840aa5627e0797e545) Importer(2089858483,b0f066a214c2f5e87bad3c948f4d605d) (ScriptedImporter) -> (artifact id: '1d0405c50ff53d9ca7611a9db9c7dac4') in 0.0058809 seconds
Number of updated asset objects reloaded before import = 0Number of asset objects unloaded after import = 1

========================================================================
Received Import Request.
  Time since last request: 0.000022 seconds.
  path: Assets/Scenes/escena juego.unity
  artifactKey: Guid(0bee1050fb8504d409d92a6fc4b87d28) Importer(2089858483,b0f066a214c2f5e87bad3c948f4d605d)
Start importing Assets/Scenes/escena juego.unity using Guid(0bee1050fb8504d409d92a6fc4b87d28) Importer(2089858483,b0f066a214c2f5e87bad3c948f4d605d) (ScriptedImporter) -> (artifact id: '98fb3a8c93a447384309412b77ff3647') in 0.1083696 seconds
Number of updated asset objects reloaded before import = 0Number of asset objects unloaded after import = 1

========================================================================
Received Import Request.
  Time since last request: 0.000027 seconds.
  path: Assets/EffectExamples/Misc Effects/Materials/Spark2Particle.mat
  artifactKey: Guid(a6492a173e6c03f48899880b96cca600) Importer(2089858483,b0f066a214c2f5e87bad3c948f4d605d)
Start importing Assets/EffectExamples/Misc Effects/Materials/Spark2Particle.mat using Guid(a6492a173e6c03f48899880b96cca600) Importer(2089858483,b0f066a214c2f5e87bad3c948f4d605d) (ScriptedImporter) -> (artifact id: '7ff9ddcf50695f87af142262428a341a') in 0.0043808 seconds
Number of updated asset objects reloaded before import = 0Number of asset objects unloaded after import = 2

========================================================================
Received Import Request.
  Time since last request: 0.000023 seconds.
  path: Assets/EffectExamples/FireExplosionEffects/Prefabs/RibbonSmoke.prefab
  artifactKey: Guid(4d35711ba17dcd4409264568d9155360) Importer(2089858483,b0f066a214c2f5e87bad3c948f4d605d)
Start importing Assets/EffectExamples/FireExplosionEffects/Prefabs/RibbonSmoke.prefab using Guid(4d35711ba17dcd4409264568d9155360) Importer(2089858483,b0f066a214c2f5e87bad3c948f4d605d) (ScriptedImporter) -> (artifact id: '119f0939201ec434fe3abf4f15382ddb') in 0.014476 seconds
Number of updated asset objects reloaded before import = 0Number of asset objects unloaded after import = 6

========================================================================
Received Import Request.
  Time since last request: 0.000026 seconds.
  path: Assets/EffectExamples/Readme.asset
  artifactKey: Guid(83c2ed844a8c74b779a4c823d16594b1) Importer(2089858483,b0f066a214c2f5e87bad3c948f4d605d)
Start importing Assets/EffectExamples/Readme.asset using Guid(83c2ed844a8c74b779a4c823d16594b1) Importer(2089858483,b0f066a214c2f5e87bad3c948f4d605d) (ScriptedImporter) -> (artifact id: '69c5c6b66f765d0575bfc1d360bcac5c') in 0.0041109 seconds
Number of updated asset objects reloaded before import = 0Number of asset objects unloaded after import = 2

========================================================================
Received Import Request.
  Time since last request: 0.000022 seconds.
  path: Assets/EffectExamples/Shared/Shaders/SurfaceShader_VC.shader
  artifactKey: Guid(5e0b7dc1782a986469ed1446388360f5) Importer(2089858483,b0f066a214c2f5e87bad3c948f4d605d)
Start importing Assets/EffectExamples/Shared/Shaders/SurfaceShader_VC.shader using Guid(5e0b7dc1782a986469ed1446388360f5) Importer(2089858483,b0f066a214c2f5e87bad3c948f4d605d) (ScriptedImporter) -> (artifact id: 'b6f7f28226d8b5bacb453e63308b987f') in 0.0099861 seconds
Number of updated asset objects reloaded before import = 0Number of asset objects unloaded after import = 1

========================================================================
Received Import Request.
  Time since last request: 0.000025 seconds.
  path: Assets/EffectExamples/WaterEffects/Models/WaterFaucet.FBX
  artifactKey: Guid(3cd30427c314b904d8bc315f84506731) Importer(2089858483,b0f066a214c2f5e87bad3c948f4d605d)
Start importing Assets/EffectExamples/WaterEffects/Models/WaterFaucet.FBX using Guid(3cd30427c314b904d8bc315f84506731) Importer(2089858483,b0f066a214c2f5e87bad3c948f4d605d) (ScriptedImporter) -> (artifact id: '44fb9eb0cfce83a4f04d963c024632d5') in 0.0089318 seconds
Number of updated asset objects reloaded before import = 0Number of asset objects unloaded after import = 7

========================================================================
Received Import Request.
  Time since last request: 0.000020 seconds.
  path: Assets/EffectExamples/WeaponEffects/Textures/BulletHoleMetalThroughAlbedo.tif
  artifactKey: Guid(4dcc91061fcec7d40a6d7c381bf1eabc) Importer(2089858483,b0f066a214c2f5e87bad3c948f4d605d)
Start importing Assets/EffectExamples/WeaponEffects/Textures/BulletHoleMetalThroughAlbedo.tif using Guid(4dcc91061fcec7d40a6d7c381bf1eabc) Importer(2089858483,b0f066a214c2f5e87bad3c948f4d605d) (ScriptedImporter) -> (artifact id: '47ca9e64c9a0f491ac6a84f9ca6f52ae') in 0.0070757 seconds
Number of updated asset objects reloaded before import = 0Number of asset objects unloaded after import = 1

========================================================================
Received Import Request.
  Time since last request: 0.000020 seconds.
  path: Assets/EffectExamples/Shared/Textures/wood_tiled_02_a.tif
  artifactKey: Guid(b81b746ea3b5a4f4ab92a152e3b0b01d) Importer(2089858483,b0f066a214c2f5e87bad3c948f4d605d)
Start importing Assets/EffectExamples/Shared/Textures/wood_tiled_02_a.tif using Guid(b81b746ea3b5a4f4ab92a152e3b0b01d) Importer(2089858483,b0f066a214c2f5e87bad3c948f4d605d) (ScriptedImporter) -> (artifact id: '95a82ecf05fbb4a48c2b33f3ebab9e99') in 0.0140784 seconds
Number of updated asset objects reloaded before import = 0Number of asset objects unloaded after import = 1

========================================================================
Received Import Request.
  Time since last request: 0.000030 seconds.
  path: Assets/EffectExamples/WaterEffects/Prefabs/WaterDripEffect.prefab
  artifactKey: Guid(3e8bbc11ff0ac7f4eb91aa277bc85c30) Importer(2089858483,b0f066a214c2f5e87bad3c948f4d605d)
Start importing Assets/EffectExamples/WaterEffects/Prefabs/WaterDripEffect.prefab using Guid(3e8bbc11ff0ac7f4eb91aa277bc85c30) Importer(2089858483,b0f066a214c2f5e87bad3c948f4d605d) (ScriptedImporter) -> (artifact id: 'dc55b275829b6ba3ec8ad5413abb75e2') in 0.0091913 seconds
Number of updated asset objects reloaded before import = 0Number of asset objects unloaded after import = 26

========================================================================
Received Import Request.
  Time since last request: 0.000045 seconds.
  path: Assets/EffectExamples/Blood/Textures/BloodPoolNormals.tif
  artifactKey: Guid(969a5ea5264ae2e4cb261f0dfbdb7877) Importer(2089858483,b0f066a214c2f5e87bad3c948f4d605d)
Start importing Assets/EffectExamples/Blood/Textures/BloodPoolNormals.tif using Guid(969a5ea5264ae2e4cb261f0dfbdb7877) Importer(2089858483,b0f066a214c2f5e87bad3c948f4d605d) (ScriptedImporter) -> (artifact id: 'bfbe85efc13a5ee76178905d70e9f126') in 0.0085052 seconds
Number of updated asset objects reloaded before import = 0Number of asset objects unloaded after import = 1

========================================================================
Received Import Request.
  Time since last request: 0.000037 seconds.
  path: Assets/EffectExamples/WaterEffects/Textures
  artifactKey: Guid(a85c1ec2c6d51f54bb3f25f3dfef5e0b) Importer(2089858483,b0f066a214c2f5e87bad3c948f4d605d)
Start importing Assets/EffectExamples/WaterEffects/Textures using Guid(a85c1ec2c6d51f54bb3f25f3dfef5e0b) Importer(2089858483,b0f066a214c2f5e87bad3c948f4d605d) (ScriptedImporter) -> (artifact id: '66395db26dd2cf598656fdf3c85ee736') in 0.0042753 seconds
Number of updated asset objects reloaded before import = 0Number of asset objects unloaded after import = 1

========================================================================
Received Import Request.
  Time since last request: 0.000028 seconds.
  path: Assets/EffectExamples/FireExplosionEffects/Materials/SmokeDarkParticle.mat
  artifactKey: Guid(698a8134f4ebbbd4e848648685f68067) Importer(2089858483,b0f066a214c2f5e87bad3c948f4d605d)
Start importing Assets/EffectExamples/FireExplosionEffects/Materials/SmokeDarkParticle.mat using Guid(698a8134f4ebbbd4e848648685f68067) Importer(2089858483,b0f066a214c2f5e87bad3c948f4d605d) (ScriptedImporter) -> (artifact id: '0dbe027eb8857ce40ae10ad533a5954c') in 0.0130937 seconds
Number of updated asset objects reloaded before import = 0Number of asset objects unloaded after import = 3

========================================================================
Received Import Request.
  Time since last request: 0.000028 seconds.
  path: Assets/EffectExamples/WeaponEffects/Textures/WoodBulletHoleAlbedo.tif
  artifactKey: Guid(4c5f9569d875837419e6fb548cd8ad42) Importer(2089858483,b0f066a214c2f5e87bad3c948f4d605d)
Start importing Assets/EffectExamples/WeaponEffects/Textures/WoodBulletHoleAlbedo.tif using Guid(4c5f9569d875837419e6fb548cd8ad42) Importer(2089858483,b0f066a214c2f5e87bad3c948f4d605d) (ScriptedImporter) -> (artifact id: '35042daf38c2566efdd50dfff3321582') in 0.0099653 seconds
Number of updated asset objects reloaded before import = 0Number of asset objects unloaded after import = 1

========================================================================
Received Import Request.
  Time since last request: 0.000028 seconds.
  path: Assets/EffectExamples/Blood/Textures/BloodPoolAlbedo.tif
  artifactKey: Guid(b4e688a60e266c340b1f84c510a4c102) Importer(2089858483,b0f066a214c2f5e87bad3c948f4d605d)
Start importing Assets/EffectExamples/Blood/Textures/BloodPoolAlbedo.tif using Guid(b4e688a60e266c340b1f84c510a4c102) Importer(2089858483,b0f066a214c2f5e87bad3c948f4d605d) (ScriptedImporter) -> (artifact id: '25f75e3187615167c2217f301d3424c5') in 0.0068708 seconds
Number of updated asset objects reloaded before import = 0Number of asset objects unloaded after import = 1

========================================================================
Received Import Request.
  Time since last request: 0.000041 seconds.
  path: Assets/EffectExamples/Profiles
  artifactKey: Guid(6f426c4892a2cbe45b857446a86027c0) Importer(2089858483,b0f066a214c2f5e87bad3c948f4d605d)
Start importing Assets/EffectExamples/Profiles using Guid(6f426c4892a2cbe45b857446a86027c0) Importer(2089858483,b0f066a214c2f5e87bad3c948f4d605d) (ScriptedImporter) -> (artifact id: '7aa78a3e444676e26ff6fa56b1f5e50a') in 0.0033967 seconds
Number of updated asset objects reloaded before import = 0Number of asset objects unloaded after import = 1

========================================================================
Received Import Request.
  Time since last request: 0.000040 seconds.
  path: Assets/EffectExamples/WeaponEffects/Prefabs/BulletImpactSandEffect.prefab
  artifactKey: Guid(a475880e7da0e9548aa05cb7933752cd) Importer(2089858483,b0f066a214c2f5e87bad3c948f4d605d)
Start importing Assets/EffectExamples/WeaponEffects/Prefabs/BulletImpactSandEffect.prefab using Guid(a475880e7da0e9548aa05cb7933752cd) Importer(2089858483,b0f066a214c2f5e87bad3c948f4d605d) (ScriptedImporter) -> (artifact id: '0a7fe0fa8d620571572fc289f954687c') in 0.0165012 seconds
Number of updated asset objects reloaded before import = 0Number of asset objects unloaded after import = 11

========================================================================
Received Import Request.
  Time since last request: 0.000023 seconds.
  path: Assets/EffectExamples/WeaponEffects/Prefabs/RocketTrailEffect.prefab
  artifactKey: Guid(20c0f7e297297fc468f9740f6bb08cb1) Importer(2089858483,b0f066a214c2f5e87bad3c948f4d605d)
Start importing Assets/EffectExamples/WeaponEffects/Prefabs/RocketTrailEffect.prefab using Guid(20c0f7e297297fc468f9740f6bb08cb1) Importer(2089858483,b0f066a214c2f5e87bad3c948f4d605d) (ScriptedImporter) -> (artifact id: 'e09ab7c62d0d959872c90703be1d8f99') in 0.0188237 seconds
Number of updated asset objects reloaded before import = 0Number of asset objects unloaded after import = 19

========================================================================
Received Import Request.
  Time since last request: 0.000024 seconds.
  path: Assets/EffectExamples/FireExplosionEffects/Prefabs/TorchEffect.prefab
  artifactKey: Guid(3cdf614b79009ca49a2a5c117fb49c35) Importer(2089858483,b0f066a214c2f5e87bad3c948f4d605d)
Start importing Assets/EffectExamples/FireExplosionEffects/Prefabs/TorchEffect.prefab using Guid(3cdf614b79009ca49a2a5c117fb49c35) Importer(2089858483,b0f066a214c2f5e87bad3c948f4d605d) (ScriptedImporter) -> (artifact id: '83982accd79eb76d6a17e19c015f14d8') in 0.0064119 seconds
Number of updated asset objects reloaded before import = 0Number of asset objects unloaded after import = 25

========================================================================
Received Import Request.
  Time since last request: 0.000021 seconds.
  path: Assets/EffectExamples/FireExplosionEffects/Prefabs/DrippingFlames.prefab
  artifactKey: Guid(ce4133109fd2cb7469faad8e7c4307a4) Importer(2089858483,b0f066a214c2f5e87bad3c948f4d605d)
Start importing Assets/EffectExamples/FireExplosionEffects/Prefabs/DrippingFlames.prefab using Guid(ce4133109fd2cb7469faad8e7c4307a4) Importer(2089858483,b0f066a214c2f5e87bad3c948f4d605d) (ScriptedImporter) -> (artifact id: '19d8ea0025641cde6fcd1869ca1c7b1c') in 0.0167257 seconds
Number of updated asset objects reloaded before import = 0Number of asset objects unloaded after import = 27

========================================================================
Received Import Request.
  Time since last request: 0.000065 seconds.
  path: Assets/EffectExamples/Shared/Models/Materials/ShooterFPSWeapon.mat
  artifactKey: Guid(89dbeb4ba5551ae409a3bd5812b741c1) Importer(2089858483,b0f066a214c2f5e87bad3c948f4d605d)
Start importing Assets/EffectExamples/Shared/Models/Materials/ShooterFPSWeapon.mat using Guid(89dbeb4ba5551ae409a3bd5812b741c1) Importer(2089858483,b0f066a214c2f5e87bad3c948f4d605d) (ScriptedImporter) -> (artifact id: '6e57c44d7fe8261ca0b8b937e13503bd') in 0.0044508 seconds
Number of updated asset objects reloaded before import = 0Number of asset objects unloaded after import = 1

========================================================================
Received Import Request.
  Time since last request: 0.000023 seconds.
  path: Assets/EffectExamples/Shared/Sprites
  artifactKey: Guid(ed120e6699ca12c45999f7ff2eaf1d6f) Importer(2089858483,b0f066a214c2f5e87bad3c948f4d605d)
Start importing Assets/EffectExamples/Shared/Sprites using Guid(ed120e6699ca12c45999f7ff2eaf1d6f) Importer(2089858483,b0f066a214c2f5e87bad3c948f4d605d) (ScriptedImporter) -> (artifact id: '8e311032bbb28d031c3f3e8360383470') in 0.0036363 seconds
Number of updated asset objects reloaded before import = 0Number of asset objects unloaded after import = 1

========================================================================
Received Import Request.
  Time since last request: 0.000019 seconds.
  path: Assets/EffectExamples/FireExplosionEffects/Textures/SmokePuff02ParticleSheet.tif
  artifactKey: Guid(26e206bd730800f4f82b828eb9f1c067) Importer(2089858483,b0f066a214c2f5e87bad3c948f4d605d)
Start importing Assets/EffectExamples/FireExplosionEffects/Textures/SmokePuff02ParticleSheet.tif using Guid(26e206bd730800f4f82b828eb9f1c067) Importer(2089858483,b0f066a214c2f5e87bad3c948f4d605d) (ScriptedImporter) -> (artifact id: 'e6eeb4e908e08286173be6c470221810') in 0.0096046 seconds
Number of updated asset objects reloaded before import = 0Number of asset objects unloaded after import = 1

========================================================================
Received Import Request.
  Time since last request: 0.000017 seconds.
  path: Assets/EffectExamples/Shared/PhysicsMaterials
  artifactKey: Guid(9bbcfdc39f51fee4a936aab8f83819f7) Importer(2089858483,b0f066a214c2f5e87bad3c948f4d605d)
Start importing Assets/EffectExamples/Shared/PhysicsMaterials using Guid(9bbcfdc39f51fee4a936aab8f83819f7) Importer(2089858483,b0f066a214c2f5e87bad3c948f4d605d) (ScriptedImporter) -> (artifact id: '810a63248da3e503095efb80dbef20de') in 0.0029846 seconds
Number of updated asset objects reloaded before import = 0Number of asset objects unloaded after import = 1

========================================================================
Received Import Request.
  Time since last request: 0.000020 seconds.
  path: Assets/EffectExamples/Shared/Materials/DarkDefault.mat
  artifactKey: Guid(2062b6d0a7a2d4f46b4689198aedadd9) Importer(2089858483,b0f066a214c2f5e87bad3c948f4d605d)
Start importing Assets/EffectExamples/Shared/Materials/DarkDefault.mat using Guid(2062b6d0a7a2d4f46b4689198aedadd9) Importer(2089858483,b0f066a214c2f5e87bad3c948f4d605d) (ScriptedImporter) -> (artifact id: '94d74b33de03717d95ef565cd728fb56') in 0.004251 seconds
Number of updated asset objects reloaded before import = 0Number of asset objects unloaded after import = 1

========================================================================
Received Import Request.
  Time since last request: 0.000046 seconds.
  path: Assets/EffectExamples/Shared/Prefabs/Metal.prefab
  artifactKey: Guid(560a71b792ff85a4ba8f839081f9a379) Importer(2089858483,b0f066a214c2f5e87bad3c948f4d605d)
Start importing Assets/EffectExamples/Shared/Prefabs/Metal.prefab using Guid(560a71b792ff85a4ba8f839081f9a379) Importer(2089858483,b0f066a214c2f5e87bad3c948f4d605d) (ScriptedImporter) -> (artifact id: '52cdc92f236dfe1c6d24c898ad7b8850') in 0.005881 seconds
Number of updated asset objects reloaded before import = 0Number of asset objects unloaded after import = 14

========================================================================
Received Import Request.
  Time since last request: 3.799368 seconds.
  path: Assets/EffectExamples/WeaponEffects/Materials/ShallCasing.mat
  artifactKey: Guid(713f8d12f5dbfb640b7a4874212c2c08) Importer(2089858483,b0f066a214c2f5e87bad3c948f4d605d)
Start importing Assets/EffectExamples/WeaponEffects/Materials/ShallCasing.mat using Guid(713f8d12f5dbfb640b7a4874212c2c08) Importer(2089858483,b0f066a214c2f5e87bad3c948f4d605d) (ScriptedImporter) -> (artifact id: 'ce9157e09c914867deac5db3b28181eb') in 0.0038945 seconds
Number of updated asset objects reloaded before import = 0Number of asset objects unloaded after import = 1

========================================================================
Received Import Request.
  Time since last request: 0.000056 seconds.
  path: Assets/Stocklancer/ArachnidAlienHead_Lite/Demo/Scenes 1/ArachnidAlienHeadLite_DemoScene.unity
  artifactKey: Guid(b98bfdde8ce75694c862eadf62acd606) Importer(2089858483,b0f066a214c2f5e87bad3c948f4d605d)
Start importing Assets/Stocklancer/ArachnidAlienHead_Lite/Demo/Scenes 1/ArachnidAlienHeadLite_DemoScene.unity using Guid(b98bfdde8ce75694c862eadf62acd606) Importer(2089858483,b0f066a214c2f5e87bad3c948f4d605d) (ScriptedImporter) -> (artifact id: '6f7cefe7140a0aa72ba184224784cfcf') in 0.0035825 seconds
Number of updated asset objects reloaded before import = 0Number of asset objects unloaded after import = 1

========================================================================
Received Import Request.
  Time since last request: 0.000024 seconds.
  path: Assets/EffectExamples/Shared/Models/Materials/MazeLowMan.mat
  artifactKey: Guid(d695529081158d44f84e349bd501fde6) Importer(2089858483,b0f066a214c2f5e87bad3c948f4d605d)
Start importing Assets/EffectExamples/Shared/Models/Materials/MazeLowMan.mat using Guid(d695529081158d44f84e349bd501fde6) Importer(2089858483,b0f066a214c2f5e87bad3c948f4d605d) (ScriptedImporter) -> (artifact id: 'ac129ff0d6e1ac175ac4d05329d31115') in 0.0036487 seconds
Number of updated asset objects reloaded before import = 0Number of asset objects unloaded after import = 1

========================================================================
Received Import Request.
  Time since last request: 40.383176 seconds.
  path: Assets/EffectExamples/Misc Effects/Materials/Spark2Particle.mat
  artifactKey: Guid(a6492a173e6c03f48899880b96cca600) Importer(815301076,1909f56bfc062723c751e8b465ee728b)
Start importing Assets/EffectExamples/Misc Effects/Materials/Spark2Particle.mat using Guid(a6492a173e6c03f48899880b96cca600) Importer(815301076,1909f56bfc062723c751e8b465ee728b) (PreviewImporter) -> (artifact id: '1b949aa5e529e2c3f751c658a1b4efa5') in 2.7861989 seconds
Number of updated asset objects reloaded before import = 0Number of asset objects unloaded after import = 2

========================================================================
Received Import Request.
  Time since last request: 0.000021 seconds.
  path: Assets/EffectExamples/Shared/Materials/DarkDefault.mat
  artifactKey: Guid(2062b6d0a7a2d4f46b4689198aedadd9) Importer(2089858483,b0f066a214c2f5e87bad3c948f4d605d)
Start importing Assets/EffectExamples/Shared/Materials/DarkDefault.mat using Guid(2062b6d0a7a2d4f46b4689198aedadd9) Importer(2089858483,b0f066a214c2f5e87bad3c948f4d605d) (ScriptedImporter) -> (artifact id: '9a4b7acd0e70494e2b05a78eaa7a09d8') in 0.0051377 seconds
Number of updated asset objects reloaded before import = 0Number of asset objects unloaded after import = 1

========================================================================
Received Import Request.
  Time since last request: 14.234248 seconds.
  path: Assets/EffectExamples/FireExplosionEffects/Prefabs
  artifactKey: Guid(af557a47dae08a94cb2839384fe7ac98) Importer(815301076,1909f56bfc062723c751e8b465ee728b)
Start importing Assets/EffectExamples/FireExplosionEffects/Prefabs using Guid(af557a47dae08a94cb2839384fe7ac98) Importer(815301076,1909f56bfc062723c751e8b465ee728b) (PreviewImporter) -> (artifact id: 'dd02f45f18226f841344234507a55b9b') in 0.0005593 seconds
Number of updated asset objects reloaded before import = 0Number of asset objects unloaded after import = 0

========================================================================
Received Import Request.
  Time since last request: 0.069193 seconds.
  path: Assets/EffectExamples/FireExplosionEffects/Prefabs/BigExplosionEffect.prefab
  artifactKey: Guid(acf39d9f4addf294d93fa56fa373961b) Importer(815301076,1909f56bfc062723c751e8b465ee728b)
Start importing Assets/EffectExamples/FireExplosionEffects/Prefabs/BigExplosionEffect.prefab using Guid(acf39d9f4addf294d93fa56fa373961b) Importer(815301076,1909f56bfc062723c751e8b465ee728b) (PreviewImporter) -> (artifact id: '597330c8bf9b9b376fb36e5e8439e451') in 3.8674799 seconds
Number of updated asset objects reloaded before import = 0Number of asset objects unloaded after import = 50

========================================================================
Received Import Request.
  Time since last request: 0.000037 seconds.
  path: Assets/EffectExamples/FireExplosionEffects/Prefabs/SmokeEffect.prefab
  artifactKey: Guid(85a8865d1bf4a63478038fae23776de8) Importer(815301076,1909f56bfc062723c751e8b465ee728b)
Start importing Assets/EffectExamples/FireExplosionEffects/Prefabs/SmokeEffect.prefab using Guid(85a8865d1bf4a63478038fae23776de8) Importer(815301076,1909f56bfc062723c751e8b465ee728b) (PreviewImporter) -> (artifact id: 'aa576c686702e650ce79d9901d8d28ba') in 0.0203865 seconds
Number of updated asset objects reloaded before import = 0Number of asset objects unloaded after import = 18

========================================================================
Received Import Request.
  Time since last request: 0.000050 seconds.
  path: Assets/EffectExamples/FireExplosionEffects/Prefabs/PlasmaExplosionEffect.prefab
  artifactKey: Guid(96730f8640590934eacb6f860058e7f9) Importer(815301076,1909f56bfc062723c751e8b465ee728b)
Start importing Assets/EffectExamples/FireExplosionEffects/Prefabs/PlasmaExplosionEffect.prefab using Guid(96730f8640590934eacb6f860058e7f9) Importer(815301076,1909f56bfc062723c751e8b465ee728b) (PreviewImporter) -> (artifact id: '9a94b1df6e75da60056aa8ec94961e88') in 1.900239 seconds
Number of updated asset objects reloaded before import = 0Number of asset objects unloaded after import = 33

========================================================================
Received Import Request.
  Time since last request: 14.267356 seconds.
  path: Assets/EffectExamples/FireExplosionEffects/Materials/DebrisParticle.mat
  artifactKey: Guid(72815344e9e9c7446895e130936932d7) Importer(815301076,1909f56bfc062723c751e8b465ee728b)
Start importing Assets/EffectExamples/FireExplosionEffects/Materials/DebrisParticle.mat using Guid(72815344e9e9c7446895e130936932d7) Importer(815301076,1909f56bfc062723c751e8b465ee728b) (PreviewImporter) -> (artifact id: 'd5e30c0f3f21aab8fbd367d8cdc8581b') in 0.0110687 seconds
Number of updated asset objects reloaded before import = 0Number of asset objects unloaded after import = 2

========================================================================
Received Import Request.
  Time since last request: 0.069728 seconds.
  path: Assets/EffectExamples/FireExplosionEffects/Materials/IgnitionFlameParticle.mat
  artifactKey: Guid(f53f1a24bb4ef8f4d879ea7b3a5197e5) Importer(815301076,1909f56bfc062723c751e8b465ee728b)
Start importing Assets/EffectExamples/FireExplosionEffects/Materials/IgnitionFlameParticle.mat using Guid(f53f1a24bb4ef8f4d879ea7b3a5197e5) Importer(815301076,1909f56bfc062723c751e8b465ee728b) (PreviewImporter) -> (artifact id: 'ee6cf039d6cc47db047b0621b0537f94') in 0.0117127 seconds
Number of updated asset objects reloaded before import = 0Number of asset objects unloaded after import = 2

========================================================================
Received Import Request.
  Time since last request: 0.000026 seconds.
  path: Assets/EffectExamples/FireExplosionEffects/Materials/SmokeDarkParticle.mat
  artifactKey: Guid(698a8134f4ebbbd4e848648685f68067) Importer(815301076,1909f56bfc062723c751e8b465ee728b)
Start importing Assets/EffectExamples/FireExplosionEffects/Materials/SmokeDarkParticle.mat using Guid(698a8134f4ebbbd4e848648685f68067) Importer(815301076,1909f56bfc062723c751e8b465ee728b) (PreviewImporter) -> (artifact id: '80215f2986271c5dab368416dad9f51d') in 0.0173182 seconds
Number of updated asset objects reloaded before import = 0Number of asset objects unloaded after import = 3

========================================================================
Received Import Request.
  Time since last request: 4.152183 seconds.
  path: Assets/EffectExamples/FireExplosionEffects/Textures/FlameParticleSheet.tif
  artifactKey: Guid(838696ee09635f647b630a61fac71a72) Importer(815301076,1909f56bfc062723c751e8b465ee728b)
Start importing Assets/EffectExamples/FireExplosionEffects/Textures/FlameParticleSheet.tif using Guid(838696ee09635f647b630a61fac71a72) Importer(815301076,1909f56bfc062723c751e8b465ee728b) (PreviewImporter) -> (artifact id: 'b3bb18c33bcc6351b440f5bd3aafa091') in 0.0147582 seconds
Number of updated asset objects reloaded before import = 0Number of asset objects unloaded after import = 2

========================================================================
Received Import Request.
  Time since last request: 3.266023 seconds.
  path: Assets/EffectExamples/FireExplosionEffects/Textures/FlameRoundGreyParticleSheet.tif
  artifactKey: Guid(aa0907451008d784b8ef5b1c0900465d) Importer(815301076,1909f56bfc062723c751e8b465ee728b)
Start importing Assets/EffectExamples/FireExplosionEffects/Textures/FlameRoundGreyParticleSheet.tif using Guid(aa0907451008d784b8ef5b1c0900465d) Importer(815301076,1909f56bfc062723c751e8b465ee728b) (PreviewImporter) -> (artifact id: '2f0cc2f9574575c2d713dcae7bc36c06') in 0.008954 seconds
Number of updated asset objects reloaded before import = 0Number of asset objects unloaded after import = 2

========================================================================
Received Import Request.
  Time since last request: 5.675066 seconds.
  path: Assets/EffectExamples/FireExplosionEffects
  artifactKey: Guid(9c9c292c9091a7d4fbaf34fdd81b85fc) Importer(815301076,1909f56bfc062723c751e8b465ee728b)
Start importing Assets/EffectExamples/FireExplosionEffects using Guid(9c9c292c9091a7d4fbaf34fdd81b85fc) Importer(815301076,1909f56bfc062723c751e8b465ee728b) (PreviewImporter) -> (artifact id: '33b1c0ad3fa2e042c5bacf7f29601f13') in 0.0008186 seconds
Number of updated asset objects reloaded before import = 0Number of asset objects unloaded after import = 0

========================================================================
Received Import Request.
  Time since last request: 2.128457 seconds.
  path: Assets/EffectExamples/FireExplosionEffects/Textures
  artifactKey: Guid(b570582a843ea1143a2446d355eda99b) Importer(815301076,1909f56bfc062723c751e8b465ee728b)
Start importing Assets/EffectExamples/FireExplosionEffects/Textures using Guid(b570582a843ea1143a2446d355eda99b) Importer(815301076,1909f56bfc062723c751e8b465ee728b) (PreviewImporter) -> (artifact id: 'e6083b8012890d75dbc39109c3fd104a') in 0.0005624 seconds
Number of updated asset objects reloaded before import = 0Number of asset objects unloaded after import = 0

========================================================================
Received Import Request.
  Time since last request: 0.108347 seconds.
  path: Assets/EffectExamples/FireExplosionEffects/Textures/DebrisParticleSheet.png
  artifactKey: Guid(af1f1b45fa6b5e64894c04ceb8a592f7) Importer(815301076,1909f56bfc062723c751e8b465ee728b)
Start importing Assets/EffectExamples/FireExplosionEffects/Textures/DebrisParticleSheet.png using Guid(af1f1b45fa6b5e64894c04ceb8a592f7) Importer(815301076,1909f56bfc062723c751e8b465ee728b) (PreviewImporter) -> (artifact id: '933cbe31bc0b8ba54a8d6e30c1ff7edb') in 0.0335766 seconds
Number of updated asset objects reloaded before import = 0Number of asset objects unloaded after import = 3

========================================================================
Received Import Request.
  Time since last request: 43.897543 seconds.
  path: Assets/rojo.mat
  artifactKey: Guid(6c191317fd941bd41b525d449e216aea) Importer(815301076,1909f56bfc062723c751e8b465ee728b)
Start importing Assets/rojo.mat using Guid(6c191317fd941bd41b525d449e216aea) Importer(815301076,1909f56bfc062723c751e8b465ee728b) (PreviewImporter) -> (artifact id: 'b2e88f1bfbec94c6729db3170c2fe687') in 0.0065741 seconds
Number of updated asset objects reloaded before import = 0Number of asset objects unloaded after import = 1

========================================================================
Received Import Request.
  Time since last request: 81.684895 seconds.
  path: Assets/EffectExamples/Shared/Prefabs/ParticlesLight.prefab
  artifactKey: Guid(fa35d75604d172d48b7a6b62a07c7dbf) Importer(2089858483,b0f066a214c2f5e87bad3c948f4d605d)
Start importing Assets/EffectExamples/Shared/Prefabs/ParticlesLight.prefab using Guid(fa35d75604d172d48b7a6b62a07c7dbf) Importer(2089858483,b0f066a214c2f5e87bad3c948f4d605d) (ScriptedImporter) -> (artifact id: '2beeed0541008ddd931e21b6c79e7b33') in 0.0223799 seconds
Number of updated asset objects reloaded before import = 0Number of asset objects unloaded after import = 6

========================================================================
Received Import Request.
  Time since last request: 0.000042 seconds.
  path: Assets/EffectExamples/Misc Effects/Materials/Spark2Particle.mat
  artifactKey: Guid(a6492a173e6c03f48899880b96cca600) Importer(2089858483,b0f066a214c2f5e87bad3c948f4d605d)
Start importing Assets/EffectExamples/Misc Effects/Materials/Spark2Particle.mat using Guid(a6492a173e6c03f48899880b96cca600) Importer(2089858483,b0f066a214c2f5e87bad3c948f4d605d) (ScriptedImporter) -> (artifact id: '198c13da776ffd458fa57b61278fd0f9') in 0.0056845 seconds
Number of updated asset objects reloaded before import = 0Number of asset objects unloaded after import = 2

========================================================================
Received Prepare
Refreshing native plugins compatible for Editor in 0.94 ms, found 3 plugins.
Preloading 0 native plugins for Editor in 0.00 ms.
Unloading 55 Unused Serialized files (Serialized files now loaded: 0)
Unloading 6355 unused Assets / (9.2 MB). Loaded Objects now: 7807.
Memory consumption went from 190.0 MB to 180.8 MB.
Total: 13.097900 ms (FindLiveObjects: 0.870200 ms CreateObjectMapping: 0.645200 ms MarkObjects: 7.679600 ms  DeleteObjects: 3.901700 ms)

Prepare: number of updated asset objects reloaded= 0
========================================================================
Received Import Request.
  Time since last request: 8.343591 seconds.
  path: Assets/ParticleProFX/Resources/Materials/matppfx_trail.mat
  artifactKey: Guid(73e1fa332a2ce9a47bc7cb8edc302cac) Importer(2089858483,b0f066a214c2f5e87bad3c948f4d605d)
Start importing Assets/ParticleProFX/Resources/Materials/matppfx_trail.mat using Guid(73e1fa332a2ce9a47bc7cb8edc302cac) Importer(2089858483,b0f066a214c2f5e87bad3c948f4d605d) (ScriptedImporter) -> (artifact id: 'd58f087a50829a3bb4dfefaebad74ecc') in 0.0120347 seconds
Number of updated asset objects reloaded before import = 0Number of asset objects unloaded after import = 2

========================================================================
Received Import Request.
  Time since last request: 0.000021 seconds.
  path: Assets/ParticleProFX/Resources/Library/ChainReactions
  artifactKey: Guid(8136970eb550dbf4eb229810f86e451f) Importer(2089858483,b0f066a214c2f5e87bad3c948f4d605d)
Start importing Assets/ParticleProFX/Resources/Library/ChainReactions using Guid(8136970eb550dbf4eb229810f86e451f) Importer(2089858483,b0f066a214c2f5e87bad3c948f4d605d) (ScriptedImporter) -> (artifact id: 'ef44fbd04c55a76cb0584a3b9e818851') in 0.0033714 seconds
Number of updated asset objects reloaded before import = 0Number of asset objects unloaded after import = 1

========================================================================
Received Import Request.
  Time since last request: 0.000030 seconds.
  path: Assets/ParticleProFX/DemoScene/Prefabs
  artifactKey: Guid(c42f034172e74b845bdbcef6df87c63a) Importer(2089858483,b0f066a214c2f5e87bad3c948f4d605d)
Start importing Assets/ParticleProFX/DemoScene/Prefabs using Guid(c42f034172e74b845bdbcef6df87c63a) Importer(2089858483,b0f066a214c2f5e87bad3c948f4d605d) (ScriptedImporter) -> (artifact id: 'ce1e42d59602a64ec9da6e7ac8cbef9f') in 0.0031349 seconds
Number of updated asset objects reloaded before import = 0Number of asset objects unloaded after import = 1

========================================================================
Received Import Request.
  Time since last request: 0.000022 seconds.
  path: Assets/ParticleProFX/Resources/Materials/matppfx_redSelfIllum.mat
  artifactKey: Guid(7a7181e1f5f47264f9be0f1be9f7f4be) Importer(2089858483,b0f066a214c2f5e87bad3c948f4d605d)
Start importing Assets/ParticleProFX/Resources/Materials/matppfx_redSelfIllum.mat using Guid(7a7181e1f5f47264f9be0f1be9f7f4be) Importer(2089858483,b0f066a214c2f5e87bad3c948f4d605d) (ScriptedImporter) -> (artifact id: '22f506c09b97e29834f6b92a268d9b8a') in 0.0067637 seconds
Number of updated asset objects reloaded before import = 0Number of asset objects unloaded after import = 1

========================================================================
Received Import Request.
  Time since last request: 0.000039 seconds.
  path: Assets/ParticleProFX/Resources/Textures/explosionSheet06.png
  artifactKey: Guid(9998d7a5921b7834ab4c4a0cba70986d) Importer(2089858483,b0f066a214c2f5e87bad3c948f4d605d)
Start importing Assets/ParticleProFX/Resources/Textures/explosionSheet06.png using Guid(9998d7a5921b7834ab4c4a0cba70986d) Importer(2089858483,b0f066a214c2f5e87bad3c948f4d605d) (ScriptedImporter) -> (artifact id: '1d14e785e4874bb83040fbab5fd022c9') in 0.0090918 seconds
Number of updated asset objects reloaded before import = 0Number of asset objects unloaded after import = 1

========================================================================
Received Import Request.
  Time since last request: 0.000036 seconds.
  path: Assets/ParticleProFX/Resources/Library/Fire & Explosions/Preview/ppfxExplosionFireball03.png
  artifactKey: Guid(83ad830c4422fda4f9bde400a093145a) Importer(2089858483,b0f066a214c2f5e87bad3c948f4d605d)
Start importing Assets/ParticleProFX/Resources/Library/Fire & Explosions/Preview/ppfxExplosionFireball03.png using Guid(83ad830c4422fda4f9bde400a093145a) Importer(2089858483,b0f066a214c2f5e87bad3c948f4d605d) (ScriptedImporter) -> (artifact id: '4f095058ae99e7e61a58c91bdcc35300') in 0.0063463 seconds
Number of updated asset objects reloaded before import = 0Number of asset objects unloaded after import = 1

========================================================================
Received Import Request.
  Time since last request: 0.000042 seconds.
  path: Assets/ParticleProFX/Resources/Library/Smokes/Preview/ppfxSmokeTurbulence01.png
  artifactKey: Guid(dad4d6b61dfd54790904ee262efad7d5) Importer(2089858483,b0f066a214c2f5e87bad3c948f4d605d)
Start importing Assets/ParticleProFX/Resources/Library/Smokes/Preview/ppfxSmokeTurbulence01.png using Guid(dad4d6b61dfd54790904ee262efad7d5) Importer(2089858483,b0f066a214c2f5e87bad3c948f4d605d) (ScriptedImporter) -> (artifact id: '8737c664045ed59f991bd3a31c520b14') in 0.0068854 seconds
Number of updated asset objects reloaded before import = 0Number of asset objects unloaded after import = 1

========================================================================
Received Import Request.
  Time since last request: 0.000026 seconds.
  path: Assets/ParticleProFX/Resources/Scripts/PPFXChainReactionInspector.cs
  artifactKey: Guid(84279b72f5195ec408d394ee46eba2e9) Importer(2089858483,b0f066a214c2f5e87bad3c948f4d605d)
Start importing Assets/ParticleProFX/Resources/Scripts/PPFXChainReactionInspector.cs using Guid(84279b72f5195ec408d394ee46eba2e9) Importer(2089858483,b0f066a214c2f5e87bad3c948f4d605d) (ScriptedImporter) -> (artifact id: '26080b692bea81738b2fa154d1b0072f') in 0.0032437 seconds
Number of updated asset objects reloaded before import = 0Number of asset objects unloaded after import = 0

========================================================================
Received Import Request.
  Time since last request: 0.000047 seconds.
  path: Assets/ParticleProFX/Resources/Library/Fire & Explosions/ppfxExplosionHeavyShockwave.prefab
  artifactKey: Guid(6676e2285ec9f8a4c90fd08653ba8464) Importer(2089858483,b0f066a214c2f5e87bad3c948f4d605d)
Start importing Assets/ParticleProFX/Resources/Library/Fire & Explosions/ppfxExplosionHeavyShockwave.prefab using Guid(6676e2285ec9f8a4c90fd08653ba8464) Importer(2089858483,b0f066a214c2f5e87bad3c948f4d605d) (ScriptedImporter) -> (artifact id: 'e4f2c3e26b0fd9d6a6556fb64969a70f') in 0.0166835 seconds
Number of updated asset objects reloaded before import = 0Number of asset objects unloaded after import = 26

========================================================================
Received Import Request.
  Time since last request: 0.000023 seconds.
  path: Assets/ParticleProFX/Resources/Library/BloodSplatter/ppfxBloodSplatter_02.prefab
  artifactKey: Guid(4e4f59d5e580edd47802ed0606f4086e) Importer(2089858483,b0f066a214c2f5e87bad3c948f4d605d)
Start importing Assets/ParticleProFX/Resources/Library/BloodSplatter/ppfxBloodSplatter_02.prefab using Guid(4e4f59d5e580edd47802ed0606f4086e) Importer(2089858483,b0f066a214c2f5e87bad3c948f4d605d) (ScriptedImporter) -> (artifact id: '3c87b653bb0a4c4e1a65031ece5a2a2f') in 0.0170809 seconds
Number of updated asset objects reloaded before import = 0Number of asset objects unloaded after import = 8

========================================================================
Received Import Request.
  Time since last request: 0.000020 seconds.
  path: Assets/ParticleProFX/Resources/Library/BloodSplatter/ppfxBloodSplatter_03.prefab
  artifactKey: Guid(40b764a28ca8799469e96730a086128f) Importer(2089858483,b0f066a214c2f5e87bad3c948f4d605d)
Start importing Assets/ParticleProFX/Resources/Library/BloodSplatter/ppfxBloodSplatter_03.prefab using Guid(40b764a28ca8799469e96730a086128f) Importer(2089858483,b0f066a214c2f5e87bad3c948f4d605d) (ScriptedImporter) -> (artifact id: '13b535b40acac64d3be8c914066ef2e0') in 0.0204771 seconds
Number of updated asset objects reloaded before import = 0Number of asset objects unloaded after import = 12

========================================================================
Received Import Request.
  Time since last request: 0.000029 seconds.
  path: Assets/ParticleProFX/Resources/Textures/default.png
  artifactKey: Guid(a5d43b0a4ff2cdf4a8f3ce07acd28310) Importer(2089858483,b0f066a214c2f5e87bad3c948f4d605d)
Start importing Assets/ParticleProFX/Resources/Textures/default.png using Guid(a5d43b0a4ff2cdf4a8f3ce07acd28310) Importer(2089858483,b0f066a214c2f5e87bad3c948f4d605d) (ScriptedImporter) -> (artifact id: '3fc19f366a6bb26f9d587de89a74566a') in 0.0086567 seconds
Number of updated asset objects reloaded before import = 0Number of asset objects unloaded after import = 1

========================================================================
Received Import Request.
  Time since last request: 0.000033 seconds.
  path: Assets/ParticleProFX/Resources/Library/Smokes/Preview/ppfxFlareSmokeBlue.png
  artifactKey: Guid(0cbc0150467b8fe4690164734f698f4f) Importer(2089858483,b0f066a214c2f5e87bad3c948f4d605d)
Start importing Assets/ParticleProFX/Resources/Library/Smokes/Preview/ppfxFlareSmokeBlue.png using Guid(0cbc0150467b8fe4690164734f698f4f) Importer(2089858483,b0f066a214c2f5e87bad3c948f4d605d) (ScriptedImporter) -> (artifact id: '6d38c235029da1346bbdfc870dcafd1a') in 0.0075928 seconds
Number of updated asset objects reloaded before import = 0Number of asset objects unloaded after import = 1

========================================================================
Received Import Request.
  Time since last request: 0.000020 seconds.
  path: Assets/ParticleProFX/Resources/Library/ChainReactions/ppfxChainReaction05.prefab
  artifactKey: Guid(d7afe4e724459a6478cdfd77cb014d38) Importer(2089858483,b0f066a214c2f5e87bad3c948f4d605d)
Start importing Assets/ParticleProFX/Resources/Library/ChainReactions/ppfxChainReaction05.prefab using Guid(d7afe4e724459a6478cdfd77cb014d38) Importer(2089858483,b0f066a214c2f5e87bad3c948f4d605d) (ScriptedImporter) -> (artifact id: '80f27e96c21209374ee58715db23e8f5') in 0.0065053 seconds
Number of updated asset objects reloaded before import = 0Number of asset objects unloaded after import = 5

========================================================================
Received Import Request.
  Time since last request: 0.000026 seconds.
  path: Assets/ParticleProFX/Resources/Library/Fire & Explosions/Preview/ppfxExplosionHeavyFast.png
  artifactKey: Guid(883ccf7c1699af34599087cb9037f099) Importer(2089858483,b0f066a214c2f5e87bad3c948f4d605d)
Start importing Assets/ParticleProFX/Resources/Library/Fire & Explosions/Preview/ppfxExplosionHeavyFast.png using Guid(883ccf7c1699af34599087cb9037f099) Importer(2089858483,b0f066a214c2f5e87bad3c948f4d605d) (ScriptedImporter) -> (artifact id: '5e9c8c2619cc74eac7b4ada8a95c30c2') in 0.0062029 seconds
Number of updated asset objects reloaded before import = 0Number of asset objects unloaded after import = 1

========================================================================
Received Import Request.
  Time since last request: 0.000025 seconds.
  path: Assets/ParticleProFX/Resources/Library/Orbs/Preview
  artifactKey: Guid(dedb2247a709e5746b108ea8d14db1c1) Importer(2089858483,b0f066a214c2f5e87bad3c948f4d605d)
Start importing Assets/ParticleProFX/Resources/Library/Orbs/Preview using Guid(dedb2247a709e5746b108ea8d14db1c1) Importer(2089858483,b0f066a214c2f5e87bad3c948f4d605d) (ScriptedImporter) -> (artifact id: '101a5d926b72c2e505897085cbbf4f36') in 0.0029518 seconds
Number of updated asset objects reloaded before import = 0Number of asset objects unloaded after import = 1

========================================================================
Received Import Request.
  Time since last request: 0.000023 seconds.
  path: Assets/ParticleProFX/Resources/Materials/matppfx_explosion10.mat
  artifactKey: Guid(711d4b8e1db8b7e4f9cb272582f5f534) Importer(2089858483,b0f066a214c2f5e87bad3c948f4d605d)
Start importing Assets/ParticleProFX/Resources/Materials/matppfx_explosion10.mat using Guid(711d4b8e1db8b7e4f9cb272582f5f534) Importer(2089858483,b0f066a214c2f5e87bad3c948f4d605d) (ScriptedImporter) -> (artifact id: '23901775d0ad4c7f84d48138be7e5e7d') in 0.0080146 seconds
Number of updated asset objects reloaded before import = 0Number of asset objects unloaded after import = 2

========================================================================
Received Import Request.
  Time since last request: 0.000026 seconds.
  path: Assets/ParticleProFX/Resources/Textures/fireSheet.png
  artifactKey: Guid(b7fe6d7f6f17c4543908e5b79e8fb4af) Importer(2089858483,b0f066a214c2f5e87bad3c948f4d605d)
Start importing Assets/ParticleProFX/Resources/Textures/fireSheet.png using Guid(b7fe6d7f6f17c4543908e5b79e8fb4af) Importer(2089858483,b0f066a214c2f5e87bad3c948f4d605d) (ScriptedImporter) -> (artifact id: '840c9e6d53af4639c17846a39a534afe') in 0.0095575 seconds
Number of updated asset objects reloaded before import = 0Number of asset objects unloaded after import = 1

========================================================================
Received Import Request.
  Time since last request: 0.000040 seconds.
  path: Assets/ParticleProFX/Resources/Library/ChainReactions/Preview/ppfxChainReaction01.png
  artifactKey: Guid(e036c66912b092446965d4558b3b09cf) Importer(2089858483,b0f066a214c2f5e87bad3c948f4d605d)
Start importing Assets/ParticleProFX/Resources/Library/ChainReactions/Preview/ppfxChainReaction01.png using Guid(e036c66912b092446965d4558b3b09cf) Importer(2089858483,b0f066a214c2f5e87bad3c948f4d605d) (ScriptedImporter) -> (artifact id: 'b46cf531cf06a9da316bcceb576ec775') in 0.0082933 seconds
Number of updated asset objects reloaded before import = 0Number of asset objects unloaded after import = 1

========================================================================
Received Import Request.
  Time since last request: 0.000031 seconds.
  path: Assets/ParticleProFX/Resources/Library/Effects/Preview/ppfxRaySniper.png
  artifactKey: Guid(ee38f473635ccf646af88f6e8bc5edbb) Importer(2089858483,b0f066a214c2f5e87bad3c948f4d605d)
Start importing Assets/ParticleProFX/Resources/Library/Effects/Preview/ppfxRaySniper.png using Guid(ee38f473635ccf646af88f6e8bc5edbb) Importer(2089858483,b0f066a214c2f5e87bad3c948f4d605d) (ScriptedImporter) -> (artifact id: 'cc1faad8853de3e12857e6e4a1e28a1f') in 0.0070137 seconds
Number of updated asset objects reloaded before import = 0Number of asset objects unloaded after import = 1

========================================================================
Received Import Request.
  Time since last request: 0.000034 seconds.
  path: Assets/ParticleProFX/Resources/Library/Fire & Explosions/Preview/ppfxFireBig.png
  artifactKey: Guid(c652a73b986894877b445c4f8bd5db33) Importer(2089858483,b0f066a214c2f5e87bad3c948f4d605d)
Start importing Assets/ParticleProFX/Resources/Library/Fire & Explosions/Preview/ppfxFireBig.png using Guid(c652a73b986894877b445c4f8bd5db33) Importer(2089858483,b0f066a214c2f5e87bad3c948f4d605d) (ScriptedImporter) -> (artifact id: 'e69b10614a5b2a2932ce602d88bd2c9e') in 0.0090047 seconds
Number of updated asset objects reloaded before import = 0Number of asset objects unloaded after import = 1

========================================================================
Received Import Request.
  Time since last request: 0.000037 seconds.
  path: Assets/ParticleProFX/Resources/Library/Fire & Explosions/ppfxExplosionHeavyDust.prefab
  artifactKey: Guid(85ae66f498482cb41b9d8bd7a2b942de) Importer(2089858483,b0f066a214c2f5e87bad3c948f4d605d)
Start importing Assets/ParticleProFX/Resources/Library/Fire & Explosions/ppfxExplosionHeavyDust.prefab using Guid(85ae66f498482cb41b9d8bd7a2b942de) Importer(2089858483,b0f066a214c2f5e87bad3c948f4d605d) (ScriptedImporter) -> (artifact id: 'bf6d9a40974b3c7789efefbe888439f2') in 0.0256605 seconds
Number of updated asset objects reloaded before import = 0Number of asset objects unloaded after import = 25

========================================================================
Received Import Request.
  Time since last request: 0.000050 seconds.
  path: Assets/ParticleProFX/Resources/Materials/matppfx_fireAdditive01.mat
  artifactKey: Guid(d81b8fe002ede9648848ced617ff8d90) Importer(2089858483,b0f066a214c2f5e87bad3c948f4d605d)
Start importing Assets/ParticleProFX/Resources/Materials/matppfx_fireAdditive01.mat using Guid(d81b8fe002ede9648848ced617ff8d90) Importer(2089858483,b0f066a214c2f5e87bad3c948f4d605d) (ScriptedImporter) -> (artifact id: 'e5b7d151d3e3bd486df5281e01ba1330') in 0.0070601 seconds
Number of updated asset objects reloaded before import = 0Number of asset objects unloaded after import = 2

========================================================================
Received Import Request.
  Time since last request: 0.000037 seconds.
  path: Assets/ParticleProFX/Resources/Materials/matppfx_lightning.mat
  artifactKey: Guid(31aa153343bf33049864fc4c69816a34) Importer(2089858483,b0f066a214c2f5e87bad3c948f4d605d)
Start importing Assets/ParticleProFX/Resources/Materials/matppfx_lightning.mat using Guid(31aa153343bf33049864fc4c69816a34) Importer(2089858483,b0f066a214c2f5e87bad3c948f4d605d) (ScriptedImporter) -> (artifact id: '8c9642d8c6dc06b7a33680f18996ba0b') in 0.005343 seconds
Number of updated asset objects reloaded before import = 0Number of asset objects unloaded after import = 2

========================================================================
Received Import Request.
  Time since last request: 0.000026 seconds.
  path: Assets/ParticleProFX/Resources/Library/Fire & Explosions/ppfxExplosionHeavySimple.prefab
  artifactKey: Guid(8c895bfa0e04954488d29a670da58455) Importer(2089858483,b0f066a214c2f5e87bad3c948f4d605d)
Start importing Assets/ParticleProFX/Resources/Library/Fire & Explosions/ppfxExplosionHeavySimple.prefab using Guid(8c895bfa0e04954488d29a670da58455) Importer(2089858483,b0f066a214c2f5e87bad3c948f4d605d) (ScriptedImporter) -> (artifact id: '6be8abdbde66d1bd52c5cb9f12231b95') in 0.0204111 seconds
Number of updated asset objects reloaded before import = 0Number of asset objects unloaded after import = 30

========================================================================
Received Import Request.
  Time since last request: 0.000030 seconds.
  path: Assets/ParticleProFX/Resources/Materials/matppfx_bloodSplatter_04.mat
  artifactKey: Guid(56425dcfe99acab408760c87aea26357) Importer(2089858483,b0f066a214c2f5e87bad3c948f4d605d)
Start importing Assets/ParticleProFX/Resources/Materials/matppfx_bloodSplatter_04.mat using Guid(56425dcfe99acab408760c87aea26357) Importer(2089858483,b0f066a214c2f5e87bad3c948f4d605d) (ScriptedImporter) -> (artifact id: '3914554fce085acc46eb421836c8f4a1') in 0.0076092 seconds
Number of updated asset objects reloaded before import = 0Number of asset objects unloaded after import = 2

========================================================================
Received Import Request.
  Time since last request: 0.000024 seconds.
  path: Assets/ParticleProFX/Resources/Library/Fire & Explosions/Preview/ppfxExplosionFireball01.png
  artifactKey: Guid(e5d44ae933aeda4498e45ab0c59cdc68) Importer(2089858483,b0f066a214c2f5e87bad3c948f4d605d)
Start importing Assets/ParticleProFX/Resources/Library/Fire & Explosions/Preview/ppfxExplosionFireball01.png using Guid(e5d44ae933aeda4498e45ab0c59cdc68) Importer(2089858483,b0f066a214c2f5e87bad3c948f4d605d) (ScriptedImporter) -> (artifact id: '5d4fb4abead078d33a0fcb98c5a71509') in 0.0076143 seconds
Number of updated asset objects reloaded before import = 0Number of asset objects unloaded after import = 1

========================================================================
Received Import Request.
  Time since last request: 0.000038 seconds.
  path: Assets/ParticleProFX/Resources/Library/Fire & Explosions/ppfxExplosionHeavySimple2.prefab
  artifactKey: Guid(dff0ff07a14dee24290d638a7f832736) Importer(2089858483,b0f066a214c2f5e87bad3c948f4d605d)
Start importing Assets/ParticleProFX/Resources/Library/Fire & Explosions/ppfxExplosionHeavySimple2.prefab using Guid(dff0ff07a14dee24290d638a7f832736) Importer(2089858483,b0f066a214c2f5e87bad3c948f4d605d) (ScriptedImporter) -> (artifact id: '4d61d8cc21ae56c5957d26b01f4b05f8') in 0.0170781 seconds
Number of updated asset objects reloaded before import = 0Number of asset objects unloaded after import = 30

========================================================================
Received Import Request.
  Time since last request: 0.000024 seconds.
  path: Assets/ParticleProFX/Resources/Scripts/PPFXCountdownDestruct.cs
  artifactKey: Guid(28b6e814fa85e434eb0bf9e6c9f4d164) Importer(2089858483,b0f066a214c2f5e87bad3c948f4d605d)
Start importing Assets/ParticleProFX/Resources/Scripts/PPFXCountdownDestruct.cs using Guid(28b6e814fa85e434eb0bf9e6c9f4d164) Importer(2089858483,b0f066a214c2f5e87bad3c948f4d605d) (ScriptedImporter) -> (artifact id: 'fbc3054433af6f82079562dc8aeb6866') in 0.003206 seconds
Number of updated asset objects reloaded before import = 0Number of asset objects unloaded after import = 0

========================================================================
Received Import Request.
  Time since last request: 0.000034 seconds.
  path: Assets/ParticleProFX/Resources/Scripts/PPFXShockwave.cs
  artifactKey: Guid(dbe979120375a2e429511870b7548cbe) Importer(2089858483,b0f066a214c2f5e87bad3c948f4d605d)
Start importing Assets/ParticleProFX/Resources/Scripts/PPFXShockwave.cs using Guid(dbe979120375a2e429511870b7548cbe) Importer(2089858483,b0f066a214c2f5e87bad3c948f4d605d) (ScriptedImporter) -> (artifact id: '080cfe19babfc82b3b85cc4f50e7a954') in 0.0030408 seconds
Number of updated asset objects reloaded before import = 0Number of asset objects unloaded after import = 0

========================================================================
Received Import Request.
  Time since last request: 0.000022 seconds.
  path: Assets/ParticleProFX/Resources/Scripts/PPFXRandomPosition.cs
  artifactKey: Guid(5dcb928077a95e2448177ed3f09f32f6) Importer(2089858483,b0f066a214c2f5e87bad3c948f4d605d)
Start importing Assets/ParticleProFX/Resources/Scripts/PPFXRandomPosition.cs using Guid(5dcb928077a95e2448177ed3f09f32f6) Importer(2089858483,b0f066a214c2f5e87bad3c948f4d605d) (ScriptedImporter) -> (artifact id: '7c51b8de9fed68f3e978346bf751b499') in 0.0034363 seconds
Number of updated asset objects reloaded before import = 0Number of asset objects unloaded after import = 0

========================================================================
Received Import Request.
  Time since last request: 0.000039 seconds.
  path: Assets/ParticleProFX/Resources/Library/Beams/ppfxBeam.prefab
  artifactKey: Guid(7851310234b57a7449866e48011e0d77) Importer(2089858483,b0f066a214c2f5e87bad3c948f4d605d)
Start importing Assets/ParticleProFX/Resources/Library/Beams/ppfxBeam.prefab using Guid(7851310234b57a7449866e48011e0d77) Importer(2089858483,b0f066a214c2f5e87bad3c948f4d605d) (ScriptedImporter) -> (artifact id: 'd5b5f5c94d60623b169ee513418396f7') in 0.0173628 seconds
Number of updated asset objects reloaded before import = 0Number of asset objects unloaded after import = 14

========================================================================
Received Import Request.
  Time since last request: 0.000027 seconds.
  path: Assets/ParticleProFX/Resources/Library/Fire & Explosions/ppfxExplosionHeavyDebris.prefab
  artifactKey: Guid(892b7546c4450e04ebe1c0fe562e15be) Importer(2089858483,b0f066a214c2f5e87bad3c948f4d605d)
Start importing Assets/ParticleProFX/Resources/Library/Fire & Explosions/ppfxExplosionHeavyDebris.prefab using Guid(892b7546c4450e04ebe1c0fe562e15be) Importer(2089858483,b0f066a214c2f5e87bad3c948f4d605d) (ScriptedImporter) -> (artifact id: '5a621ce397443cb9141ffbaf90f6b3a7') in 0.0202039 seconds
Number of updated asset objects reloaded before import = 0Number of asset objects unloaded after import = 38

========================================================================
Received Import Request.
  Time since last request: 0.000028 seconds.
  path: Assets/ParticleProFX/Resources/Materials/matppfx_orbAdditive.mat
  artifactKey: Guid(c2a1f87030f2203488c4e3037425617c) Importer(2089858483,b0f066a214c2f5e87bad3c948f4d605d)
Start importing Assets/ParticleProFX/Resources/Materials/matppfx_orbAdditive.mat using Guid(c2a1f87030f2203488c4e3037425617c) Importer(2089858483,b0f066a214c2f5e87bad3c948f4d605d) (ScriptedImporter) -> (artifact id: '03afe662df9b889158964c16ad557624') in 0.005039 seconds
Number of updated asset objects reloaded before import = 0Number of asset objects unloaded after import = 2

========================================================================
Received Import Request.
  Time since last request: 0.000029 seconds.
  path: Assets/ParticleProFX/Resources/Library/Fire & Explosions/ppfxExplosionFireball02.prefab
  artifactKey: Guid(f015702b92b604b44aa41566f0fe3305) Importer(2089858483,b0f066a214c2f5e87bad3c948f4d605d)
Start importing Assets/ParticleProFX/Resources/Library/Fire & Explosions/ppfxExplosionFireball02.prefab using Guid(f015702b92b604b44aa41566f0fe3305) Importer(2089858483,b0f066a214c2f5e87bad3c948f4d605d) (ScriptedImporter) -> (artifact id: 'ca4f9637320d6e1e507d3c78ba1fb84c') in 0.0206045 seconds
Number of updated asset objects reloaded before import = 0Number of asset objects unloaded after import = 18

========================================================================
Received Import Request.
  Time since last request: 0.000031 seconds.
  path: Assets/ParticleProFX/Resources/Materials/matppfx_flash.mat
  artifactKey: Guid(f417d88e590966c458a6b1504aeafd29) Importer(2089858483,b0f066a214c2f5e87bad3c948f4d605d)
Start importing Assets/ParticleProFX/Resources/Materials/matppfx_flash.mat using Guid(f417d88e590966c458a6b1504aeafd29) Importer(2089858483,b0f066a214c2f5e87bad3c948f4d605d) (ScriptedImporter) -> (artifact id: '9fbe95e55e6f6f4189abb75574dd6241') in 0.0047285 seconds
Number of updated asset objects reloaded before import = 0Number of asset objects unloaded after import = 2

========================================================================
Received Import Request.
  Time since last request: 0.000023 seconds.
  path: Assets/ParticleProFX/Resources/Textures/electricring_sheet.png
  artifactKey: Guid(4727befe66c7c4948b5a0d6795120719) Importer(2089858483,b0f066a214c2f5e87bad3c948f4d605d)
Start importing Assets/ParticleProFX/Resources/Textures/electricring_sheet.png using Guid(4727befe66c7c4948b5a0d6795120719) Importer(2089858483,b0f066a214c2f5e87bad3c948f4d605d) (ScriptedImporter) -> (artifact id: 'f5d0b5d4f1cd26c634230b3e2c3f7553') in 0.0107838 seconds
Number of updated asset objects reloaded before import = 0Number of asset objects unloaded after import = 1

========================================================================
Received Import Request.
  Time since last request: 0.000035 seconds.
  path: Assets/ParticleProFX/Resources/Library/Fire & Explosions/Preview/ppfxExplosionHeavySimple2.png
  artifactKey: Guid(98fc7553d637bd3488173365fd2e1408) Importer(2089858483,b0f066a214c2f5e87bad3c948f4d605d)
Start importing Assets/ParticleProFX/Resources/Library/Fire & Explosions/Preview/ppfxExplosionHeavySimple2.png using Guid(98fc7553d637bd3488173365fd2e1408) Importer(2089858483,b0f066a214c2f5e87bad3c948f4d605d) (ScriptedImporter) -> (artifact id: '554dd7c09cf092a3390278fec024bec3') in 0.0071479 seconds
Number of updated asset objects reloaded before import = 0Number of asset objects unloaded after import = 1

========================================================================
Received Import Request.
  Time since last request: 0.000031 seconds.
  path: Assets/ParticleProFX/Resources/Library/Effects/Preview/ppfxRayHorizontal.png
  artifactKey: Guid(bf5db4c42adcfb340acadb947ce5fd32) Importer(2089858483,b0f066a214c2f5e87bad3c948f4d605d)
Start importing Assets/ParticleProFX/Resources/Library/Effects/Preview/ppfxRayHorizontal.png using Guid(bf5db4c42adcfb340acadb947ce5fd32) Importer(2089858483,b0f066a214c2f5e87bad3c948f4d605d) (ScriptedImporter) -> (artifact id: '858b653c281dcd87b0592bfe75f5ba2b') in 0.0059921 seconds
Number of updated asset objects reloaded before import = 0Number of asset objects unloaded after import = 1

========================================================================
Received Import Request.
  Time since last request: 0.000028 seconds.
  path: Assets/ParticleProFX/Resources/Library/ChainReactions/ppfxChainReaction03.prefab
  artifactKey: Guid(9b664fc8329399a4aae8b6ef48f03be4) Importer(2089858483,b0f066a214c2f5e87bad3c948f4d605d)
Start importing Assets/ParticleProFX/Resources/Library/ChainReactions/ppfxChainReaction03.prefab using Guid(9b664fc8329399a4aae8b6ef48f03be4) Importer(2089858483,b0f066a214c2f5e87bad3c948f4d605d) (ScriptedImporter) -> (artifact id: 'fb29629e7b0b2a5b442eaf60139ad9a5') in 0.0052438 seconds
Number of updated asset objects reloaded before import = 0Number of asset objects unloaded after import = 5

========================================================================
Received Import Request.
  Time since last request: 0.000041 seconds.
  path: Assets/ParticleProFX/PPFXWindow/PPFXRendererLayer.cs
  artifactKey: Guid(593c7356af4179941a0eda94551f530f) Importer(2089858483,b0f066a214c2f5e87bad3c948f4d605d)
Start importing Assets/ParticleProFX/PPFXWindow/PPFXRendererLayer.cs using Guid(593c7356af4179941a0eda94551f530f) Importer(2089858483,b0f066a214c2f5e87bad3c948f4d605d) (ScriptedImporter) -> (artifact id: 'c9bd2b959638985102e7cc5c5189b597') in 0.0040078 seconds
Number of updated asset objects reloaded before import = 0Number of asset objects unloaded after import = 0

========================================================================
Received Import Request.
  Time since last request: 0.000023 seconds.
  path: Assets/ParticleProFX/Resources/Mesh/beam.obj
  artifactKey: Guid(e287f22c13960b942ae87feb8a8cf67a) Importer(2089858483,b0f066a214c2f5e87bad3c948f4d605d)
Start importing Assets/ParticleProFX/Resources/Mesh/beam.obj using Guid(e287f22c13960b942ae87feb8a8cf67a) Importer(2089858483,b0f066a214c2f5e87bad3c948f4d605d) (ScriptedImporter) -> (artifact id: '38753f76635749b06df169d30aa699c7') in 0.0084807 seconds
Number of updated asset objects reloaded before import = 0Number of asset objects unloaded after import = 11

========================================================================
Received Import Request.
  Time since last request: 0.000019 seconds.
  path: Assets/ParticleProFX/Resources/Library/Fire & Explosions/ppfxExplosionGasBig.prefab
  artifactKey: Guid(40956557a285559488a2c9ff1ac6e7f6) Importer(2089858483,b0f066a214c2f5e87bad3c948f4d605d)
Start importing Assets/ParticleProFX/Resources/Library/Fire & Explosions/ppfxExplosionGasBig.prefab using Guid(40956557a285559488a2c9ff1ac6e7f6) Importer(2089858483,b0f066a214c2f5e87bad3c948f4d605d) (ScriptedImporter) -> (artifact id: 'a9602afa4e85baecdacf449137e4de9f') in 0.0245095 seconds
Number of updated asset objects reloaded before import = 0Number of asset objects unloaded after import = 17

========================================================================
Received Import Request.
  Time since last request: 0.000030 seconds.
  path: Assets/ParticleProFX/DemoScene/Scripts/PPFXDemoScene.cs
  artifactKey: Guid(0a00e3fedda32284b93765701dbb9aef) Importer(2089858483,b0f066a214c2f5e87bad3c948f4d605d)
Start importing Assets/ParticleProFX/DemoScene/Scripts/PPFXDemoScene.cs using Guid(0a00e3fedda32284b93765701dbb9aef) Importer(2089858483,b0f066a214c2f5e87bad3c948f4d605d) (ScriptedImporter) -> (artifact id: 'f9c11383cf8f1a0041376ab67147ae6f') in 0.0032495 seconds
Number of updated asset objects reloaded before import = 0Number of asset objects unloaded after import = 0

========================================================================
Received Import Request.
  Time since last request: 0.000025 seconds.
  path: Assets/ParticleProFX/Resources/Flares/ppfxFlaresBlueSmallInx3.flare
  artifactKey: Guid(ab71c6c228d81dc4aaa87973afdb3039) Importer(2089858483,b0f066a214c2f5e87bad3c948f4d605d)
Start importing Assets/ParticleProFX/Resources/Flares/ppfxFlaresBlueSmallInx3.flare using Guid(ab71c6c228d81dc4aaa87973afdb3039) Importer(2089858483,b0f066a214c2f5e87bad3c948f4d605d) (ScriptedImporter) -> (artifact id: 'dda84dbb1077af18a7f116b593b3616c') in 0.004905 seconds
Number of updated asset objects reloaded before import = 0Number of asset objects unloaded after import = 2

========================================================================
Received Import Request.
  Time since last request: 0.000030 seconds.
  path: Assets/ParticleProFX/DemoScene/Textures/logo.png
  artifactKey: Guid(21e5e5aa8eec8d246b65baa82e4a0eff) Importer(2089858483,b0f066a214c2f5e87bad3c948f4d605d)
Start importing Assets/ParticleProFX/DemoScene/Textures/logo.png using Guid(21e5e5aa8eec8d246b65baa82e4a0eff) Importer(2089858483,b0f066a214c2f5e87bad3c948f4d605d) (ScriptedImporter) -> (artifact id: 'c70fc85180390dfe12f763492f93ac32') in 0.008957 seconds
Number of updated asset objects reloaded before import = 0Number of asset objects unloaded after import = 1

========================================================================
Received Import Request.
  Time since last request: 0.000034 seconds.
  path: Assets/ParticleProFX/Resources/Library/Smokes/ppfxSmokeTurbulence02.prefab
  artifactKey: Guid(9952f8fb5ca711041b1187d3e10bb999) Importer(2089858483,b0f066a214c2f5e87bad3c948f4d605d)
Start importing Assets/ParticleProFX/Resources/Library/Smokes/ppfxSmokeTurbulence02.prefab using Guid(9952f8fb5ca711041b1187d3e10bb999) Importer(2089858483,b0f066a214c2f5e87bad3c948f4d605d) (ScriptedImporter) -> (artifact id: '19e88de24d17ca875aa14a13402e9d88') in 0.0128573 seconds
Number of updated asset objects reloaded before import = 0Number of asset objects unloaded after import = 7

========================================================================
Received Import Request.
  Time since last request: 0.000022 seconds.
  path: Assets/ParticleProFX/Resources/Materials/matppfx_smoke06.mat
  artifactKey: Guid(e2df36b4a96d532499f69c79775dc0bf) Importer(2089858483,b0f066a214c2f5e87bad3c948f4d605d)
Start importing Assets/ParticleProFX/Resources/Materials/matppfx_smoke06.mat using Guid(e2df36b4a96d532499f69c79775dc0bf) Importer(2089858483,b0f066a214c2f5e87bad3c948f4d605d) (ScriptedImporter) -> (artifact id: 'f5a82ed503e2e0af0685e7b6fe0bcdc9') in 0.0042727 seconds
Number of updated asset objects reloaded before import = 0Number of asset objects unloaded after import = 2

========================================================================
Received Import Request.
  Time since last request: 0.000022 seconds.
  path: Assets/ParticleProFX/Resources/Materials/matppfx_bloodSplatter_01.mat
  artifactKey: Guid(f2fc0c2f4384d5a47ab22bbff0334bd4) Importer(2089858483,b0f066a214c2f5e87bad3c948f4d605d)
Start importing Assets/ParticleProFX/Resources/Materials/matppfx_bloodSplatter_01.mat using Guid(f2fc0c2f4384d5a47ab22bbff0334bd4) Importer(2089858483,b0f066a214c2f5e87bad3c948f4d605d) (ScriptedImporter) -> (artifact id: '283bb31430d6f7ec252ab7df8aa977bf') in 0.0059195 seconds
Number of updated asset objects reloaded before import = 0Number of asset objects unloaded after import = 3

========================================================================
Received Import Request.
  Time since last request: 0.000023 seconds.
  path: Assets/ParticleProFX/Resources/Textures/explosionSheet08.png
  artifactKey: Guid(220fbf0c868de4b4d942a05d6a33d43c) Importer(2089858483,b0f066a214c2f5e87bad3c948f4d605d)
Start importing Assets/ParticleProFX/Resources/Textures/explosionSheet08.png using Guid(220fbf0c868de4b4d942a05d6a33d43c) Importer(2089858483,b0f066a214c2f5e87bad3c948f4d605d) (ScriptedImporter) -> (artifact id: '8cd6bc3caccb3f8902a077f158f02901') in 0.0090708 seconds
Number of updated asset objects reloaded before import = 0Number of asset objects unloaded after import = 1

========================================================================
Received Import Request.
  Time since last request: 0.000026 seconds.
  path: Assets/ParticleProFX/Resources/Library/Effects/Preview/ppfxRingFx.png
  artifactKey: Guid(0fc3f24edd0c4764f878f686380ae3e5) Importer(2089858483,b0f066a214c2f5e87bad3c948f4d605d)
Start importing Assets/ParticleProFX/Resources/Library/Effects/Preview/ppfxRingFx.png using Guid(0fc3f24edd0c4764f878f686380ae3e5) Importer(2089858483,b0f066a214c2f5e87bad3c948f4d605d) (ScriptedImporter) -> (artifact id: '36e2264785b6b96cf7583828865bcad7') in 0.0056304 seconds
Number of updated asset objects reloaded before import = 0Number of asset objects unloaded after import = 1

========================================================================
Received Import Request.
  Time since last request: 0.000018 seconds.
  path: Assets/ParticleProFX/Resources/Materials/matppfx_explosion09.mat
  artifactKey: Guid(7a726420710d0494f9443b7a0a08d30a) Importer(2089858483,b0f066a214c2f5e87bad3c948f4d605d)
Start importing Assets/ParticleProFX/Resources/Materials/matppfx_explosion09.mat using Guid(7a726420710d0494f9443b7a0a08d30a) Importer(2089858483,b0f066a214c2f5e87bad3c948f4d605d) (ScriptedImporter) -> (artifact id: 'e8a817763ff6c69b5ad21d58e5d4065c') in 0.0124414 seconds
Number of updated asset objects reloaded before import = 0Number of asset objects unloaded after import = 2

========================================================================
Received Import Request.
  Time since last request: 0.000022 seconds.
  path: Assets/ParticleProFX/Resources/Shaders
  artifactKey: Guid(14a5fc3d49ac1c046a86ad67e00f3aa3) Importer(2089858483,b0f066a214c2f5e87bad3c948f4d605d)
Start importing Assets/ParticleProFX/Resources/Shaders using Guid(14a5fc3d49ac1c046a86ad67e00f3aa3) Importer(2089858483,b0f066a214c2f5e87bad3c948f4d605d) (ScriptedImporter) -> (artifact id: '51273e5de5f5c205358c0b500117be28') in 0.0027902 seconds
Number of updated asset objects reloaded before import = 0Number of asset objects unloaded after import = 1

========================================================================
Received Import Request.
  Time since last request: 0.000037 seconds.
  path: Assets/ParticleProFX/Resources/Library/Effects/ppfxRaySniper.prefab
  artifactKey: Guid(5aed69264a3e2b240b5ed825972be476) Importer(2089858483,b0f066a214c2f5e87bad3c948f4d605d)
Start importing Assets/ParticleProFX/Resources/Library/Effects/ppfxRaySniper.prefab using Guid(5aed69264a3e2b240b5ed825972be476) Importer(2089858483,b0f066a214c2f5e87bad3c948f4d605d) (ScriptedImporter) -> (artifact id: 'e76a201b5bf68a6b448c1eb56b3a40f6') in 0.01622 seconds
Number of updated asset objects reloaded before import = 0Number of asset objects unloaded after import = 14

========================================================================
Received Import Request.
  Time since last request: 0.000023 seconds.
  path: Assets/ParticleProFX/Resources/Library/BloodSplatter/Preview/ppfxBloodSplatter_04.png
  artifactKey: Guid(1c4e7285e6129144191722582e53b109) Importer(2089858483,b0f066a214c2f5e87bad3c948f4d605d)
Start importing Assets/ParticleProFX/Resources/Library/BloodSplatter/Preview/ppfxBloodSplatter_04.png using Guid(1c4e7285e6129144191722582e53b109) Importer(2089858483,b0f066a214c2f5e87bad3c948f4d605d) (ScriptedImporter) -> (artifact id: 'afb7455acb5663d33b163575f4a55756') in 0.0060129 seconds
Number of updated asset objects reloaded before import = 0Number of asset objects unloaded after import = 1

========================================================================
Received Import Request.
  Time since last request: 0.000022 seconds.
  path: Assets/ParticleProFX/Resources/Materials/matppfx_smoke02.mat
  artifactKey: Guid(7213d591eba8748f989e99b0eb98ea47) Importer(2089858483,b0f066a214c2f5e87bad3c948f4d605d)
Start importing Assets/ParticleProFX/Resources/Materials/matppfx_smoke02.mat using Guid(7213d591eba8748f989e99b0eb98ea47) Importer(2089858483,b0f066a214c2f5e87bad3c948f4d605d) (ScriptedImporter) -> (artifact id: '0efb4b84447d934bb430efb589f5c826') in 0.0044939 seconds
Number of updated asset objects reloaded before import = 0Number of asset objects unloaded after import = 2

========================================================================
Received Import Request.
  Time since last request: 0.000024 seconds.
  path: Assets/ParticleProFX/Resources/Library/Effects/ppfxHyperspeed.prefab
  artifactKey: Guid(3f1a06897ae065c49a78add225ff52d1) Importer(2089858483,b0f066a214c2f5e87bad3c948f4d605d)
Start importing Assets/ParticleProFX/Resources/Library/Effects/ppfxHyperspeed.prefab using Guid(3f1a06897ae065c49a78add225ff52d1) Importer(2089858483,b0f066a214c2f5e87bad3c948f4d605d) (ScriptedImporter) -> (artifact id: 'cc0a08b8a63d2d5eb1bd578f23f3f1fd') in 0.0153544 seconds
Number of updated asset objects reloaded before import = 0Number of asset objects unloaded after import = 11

========================================================================
Received Import Request.
  Time since last request: 0.000019 seconds.
  path: Assets/ParticleProFX/Resources/Library/BloodSplatter/Preview/ppfxBloodSplatter_01.png
  artifactKey: Guid(78b16fb020b66b846a6e9b84773085b6) Importer(2089858483,b0f066a214c2f5e87bad3c948f4d605d)
Start importing Assets/ParticleProFX/Resources/Library/BloodSplatter/Preview/ppfxBloodSplatter_01.png using Guid(78b16fb020b66b846a6e9b84773085b6) Importer(2089858483,b0f066a214c2f5e87bad3c948f4d605d) (ScriptedImporter) -> (artifact id: 'daf0b01293cbf422f1bd06690cd95709') in 0.0056785 seconds
Number of updated asset objects reloaded before import = 0Number of asset objects unloaded after import = 1

========================================================================
Received Import Request.
  Time since last request: 0.000024 seconds.
  path: Assets/ParticleProFX/Resources/Library/BloodSplatter/Preview
  artifactKey: Guid(780f42d09040a0741ac011abcc9ecd07) Importer(2089858483,b0f066a214c2f5e87bad3c948f4d605d)
Start importing Assets/ParticleProFX/Resources/Library/BloodSplatter/Preview using Guid(780f42d09040a0741ac011abcc9ecd07) Importer(2089858483,b0f066a214c2f5e87bad3c948f4d605d) (ScriptedImporter) -> (artifact id: '69aef3160b97dd4d782534cb948bae8c') in 0.0027443 seconds
Number of updated asset objects reloaded before import = 0Number of asset objects unloaded after import = 1

========================================================================
Received Import Request.
  Time since last request: 0.000027 seconds.
  path: Assets/ParticleProFX/Resources/Library/Effects/ppfxRay.prefab
  artifactKey: Guid(4b3e2799610ded5468bd161b5a26975b) Importer(2089858483,b0f066a214c2f5e87bad3c948f4d605d)
Start importing Assets/ParticleProFX/Resources/Library/Effects/ppfxRay.prefab using Guid(4b3e2799610ded5468bd161b5a26975b) Importer(2089858483,b0f066a214c2f5e87bad3c948f4d605d) (ScriptedImporter) -> (artifact id: 'd647d828ef7ef3e918ba67ec37d67744') in 0.0175536 seconds
Number of updated asset objects reloaded before import = 0Number of asset objects unloaded after import = 26

========================================================================
Received Import Request.
  Time since last request: 0.000036 seconds.
  path: Assets/ParticleProFX/Resources/Library/Fire & Explosions/Preview/ppfxFireSmallSmoke.png
  artifactKey: Guid(2f617c9a53c663347bd5beedafc4defb) Importer(2089858483,b0f066a214c2f5e87bad3c948f4d605d)
Start importing Assets/ParticleProFX/Resources/Library/Fire & Explosions/Preview/ppfxFireSmallSmoke.png using Guid(2f617c9a53c663347bd5beedafc4defb) Importer(2089858483,b0f066a214c2f5e87bad3c948f4d605d) (ScriptedImporter) -> (artifact id: '471017e0ac88f0cd3151c678e1e61cca') in 0.0055971 seconds
Number of updated asset objects reloaded before import = 0Number of asset objects unloaded after import = 1

========================================================================
Received Import Request.
  Time since last request: 0.000024 seconds.
  path: Assets/ParticleProFX/Resources/Library/Fire & Explosions/Preview/ppfxExplosionGasSmall.png
  artifactKey: Guid(894bf401c6127304eb127528f6f7e07b) Importer(2089858483,b0f066a214c2f5e87bad3c948f4d605d)
Start importing Assets/ParticleProFX/Resources/Library/Fire & Explosions/Preview/ppfxExplosionGasSmall.png using Guid(894bf401c6127304eb127528f6f7e07b) Importer(2089858483,b0f066a214c2f5e87bad3c948f4d605d) (ScriptedImporter) -> (artifact id: '873741b710ead99c9e22ee2518e3a9dc') in 0.0054578 seconds
Number of updated asset objects reloaded before import = 0Number of asset objects unloaded after import = 1

========================================================================
Received Import Request.
  Time since last request: 0.000021 seconds.
  path: Assets/ParticleProFX/Resources/Library/Effects/ppfxRayRing01.prefab
  artifactKey: Guid(bb1fce0d59fdbad41ab135a722ffc688) Importer(2089858483,b0f066a214c2f5e87bad3c948f4d605d)
Start importing Assets/ParticleProFX/Resources/Library/Effects/ppfxRayRing01.prefab using Guid(bb1fce0d59fdbad41ab135a722ffc688) Importer(2089858483,b0f066a214c2f5e87bad3c948f4d605d) (ScriptedImporter) -> (artifact id: '9fc872c311a2432c48ceec41b8ae0ad2') in 0.0153714 seconds
Number of updated asset objects reloaded before import = 0Number of asset objects unloaded after import = 14

========================================================================
Received Import Request.
  Time since last request: 0.000024 seconds.
  path: Assets/ParticleProFX/Resources/Textures/flares_orange.png
  artifactKey: Guid(f9b1a34f393925243816391aa181b48c) Importer(2089858483,b0f066a214c2f5e87bad3c948f4d605d)
Start importing Assets/ParticleProFX/Resources/Textures/flares_orange.png using Guid(f9b1a34f393925243816391aa181b48c) Importer(2089858483,b0f066a214c2f5e87bad3c948f4d605d) (ScriptedImporter) -> (artifact id: '86abde173a42181c9bd7964ff8dd7946') in 0.007249 seconds
Number of updated asset objects reloaded before import = 0Number of asset objects unloaded after import = 1

========================================================================
Received Import Request.
  Time since last request: 0.000025 seconds.
  path: Assets/ParticleProFX/Resources/Mesh
  artifactKey: Guid(1c85c74d5ed41e048a234dc9928e6c7d) Importer(2089858483,b0f066a214c2f5e87bad3c948f4d605d)
Start importing Assets/ParticleProFX/Resources/Mesh using Guid(1c85c74d5ed41e048a234dc9928e6c7d) Importer(2089858483,b0f066a214c2f5e87bad3c948f4d605d) (ScriptedImporter) -> (artifact id: '7f3a36859727e26e51d2ac8bbaf50b61') in 0.002642 seconds
Number of updated asset objects reloaded before import = 0Number of asset objects unloaded after import = 1

========================================================================
Received Import Request.
  Time since last request: 0.000023 seconds.
  path: Assets/ParticleProFX/Resources/Library/ChainReactions/Preview/ppfxChainReaction02.png
  artifactKey: Guid(c7efe16729762a942ac1d04262b0396c) Importer(2089858483,b0f066a214c2f5e87bad3c948f4d605d)
Start importing Assets/ParticleProFX/Resources/Library/ChainReactions/Preview/ppfxChainReaction02.png using Guid(c7efe16729762a942ac1d04262b0396c) Importer(2089858483,b0f066a214c2f5e87bad3c948f4d605d) (ScriptedImporter) -> (artifact id: '2ee1bbdd39311cddc53dd73de6eec356') in 0.005544 seconds
Number of updated asset objects reloaded before import = 0Number of asset objects unloaded after import = 1

========================================================================
Received Import Request.
  Time since last request: 0.000027 seconds.
  path: Assets/ParticleProFX/Resources/Materials/matppfx_explosion04.mat
  artifactKey: Guid(a9fd621369cc1b54ea5c76e75409a5f1) Importer(2089858483,b0f066a214c2f5e87bad3c948f4d605d)
Start importing Assets/ParticleProFX/Resources/Materials/matppfx_explosion04.mat using Guid(a9fd621369cc1b54ea5c76e75409a5f1) Importer(2089858483,b0f066a214c2f5e87bad3c948f4d605d) (ScriptedImporter) -> (artifact id: 'd39aa09288f93a05ff83e27a3485d945') in 0.0045077 seconds
Number of updated asset objects reloaded before import = 0Number of asset objects unloaded after import = 2

========================================================================
Received Import Request.
  Time since last request: 0.000031 seconds.
  path: Assets/ParticleProFX/Resources/Materials/matppfx_electricring.mat
  artifactKey: Guid(f5fefcb3c0a6a184cacbf76f6009faf9) Importer(2089858483,b0f066a214c2f5e87bad3c948f4d605d)
Start importing Assets/ParticleProFX/Resources/Materials/matppfx_electricring.mat using Guid(f5fefcb3c0a6a184cacbf76f6009faf9) Importer(2089858483,b0f066a214c2f5e87bad3c948f4d605d) (ScriptedImporter) -> (artifact id: '424a0471ea3e6d6f2c43b06d2b6808cb') in 0.0047648 seconds
Number of updated asset objects reloaded before import = 0Number of asset objects unloaded after import = 2

========================================================================
Received Import Request.
  Time since last request: 0.000024 seconds.
  path: Assets/ParticleProFX/Resources/Library/Fire & Explosions/ppfxMeteor.prefab
  artifactKey: Guid(ea7f0a965d6dbfa4fb82fbf7494fb222) Importer(2089858483,b0f066a214c2f5e87bad3c948f4d605d)
Start importing Assets/ParticleProFX/Resources/Library/Fire & Explosions/ppfxMeteor.prefab using Guid(ea7f0a965d6dbfa4fb82fbf7494fb222) Importer(2089858483,b0f066a214c2f5e87bad3c948f4d605d) (ScriptedImporter) -> (artifact id: 'ded7ab5cf91b8d29cd60a36c04499b7d') in 0.0133983 seconds
Number of updated asset objects reloaded before import = 0Number of asset objects unloaded after import = 23

========================================================================
Received Import Request.
  Time since last request: 0.000023 seconds.
  path: Assets/ParticleProFX/Resources/Library/Fire & Explosions/Preview/ppfxExplosionHeavyVertical.png
  artifactKey: Guid(df0e52a71479fb74eabcab18df2ac55e) Importer(2089858483,b0f066a214c2f5e87bad3c948f4d605d)
Start importing Assets/ParticleProFX/Resources/Library/Fire & Explosions/Preview/ppfxExplosionHeavyVertical.png using Guid(df0e52a71479fb74eabcab18df2ac55e) Importer(2089858483,b0f066a214c2f5e87bad3c948f4d605d) (ScriptedImporter) -> (artifact id: '1a610e6776e7d2d945d2f51107a444a2') in 0.0069919 seconds
Number of updated asset objects reloaded before import = 0Number of asset objects unloaded after import = 1

========================================================================
Received Import Request.
  Time since last request: 0.000019 seconds.
  path: Assets/ParticleProFX/Resources/Library/Fire & Explosions/Preview/ppfxExplosionFireTrail.png
  artifactKey: Guid(f607f788db05f6e4997f819c4b33bc31) Importer(2089858483,b0f066a214c2f5e87bad3c948f4d605d)
Start importing Assets/ParticleProFX/Resources/Library/Fire & Explosions/Preview/ppfxExplosionFireTrail.png using Guid(f607f788db05f6e4997f819c4b33bc31) Importer(2089858483,b0f066a214c2f5e87bad3c948f4d605d) (ScriptedImporter) -> (artifact id: '56d0e761155e6e5b2280a61d48bda84e') in 0.0057667 seconds
Number of updated asset objects reloaded before import = 0Number of asset objects unloaded after import = 1

========================================================================
Received Import Request.
  Time since last request: 0.000024 seconds.
  path: Assets/ParticleProFX/DemoScene/Textures/grid.png
  artifactKey: Guid(349453eb81823ed43ad8e6ed8637510f) Importer(2089858483,b0f066a214c2f5e87bad3c948f4d605d)
Start importing Assets/ParticleProFX/DemoScene/Textures/grid.png using Guid(349453eb81823ed43ad8e6ed8637510f) Importer(2089858483,b0f066a214c2f5e87bad3c948f4d605d) (ScriptedImporter) -> (artifact id: '3dadd0b507d2477e92c56b3b36bcc2cf') in 0.0068237 seconds
Number of updated asset objects reloaded before import = 0Number of asset objects unloaded after import = 1

========================================================================
Received Import Request.
  Time since last request: 0.000021 seconds.
  path: Assets/ParticleProFX/Resources/Library/ChainReactions/ppfxChainReaction06.prefab
  artifactKey: Guid(721a1debb92a7764593782835900c660) Importer(2089858483,b0f066a214c2f5e87bad3c948f4d605d)
Start importing Assets/ParticleProFX/Resources/Library/ChainReactions/ppfxChainReaction06.prefab using Guid(721a1debb92a7764593782835900c660) Importer(2089858483,b0f066a214c2f5e87bad3c948f4d605d) (ScriptedImporter) -> (artifact id: '53cba806bc3729f00cf2ca9b9f58fecd') in 0.0036528 seconds
Number of updated asset objects reloaded before import = 0Number of asset objects unloaded after import = 5

========================================================================
Received Import Request.
  Time since last request: 0.000021 seconds.
  path: Assets/ParticleProFX/Resources/Materials/matppfx_bloodSplatter_03.mat
  artifactKey: Guid(d59b188f3fc9c1b40a103742434fb79b) Importer(2089858483,b0f066a214c2f5e87bad3c948f4d605d)
Start importing Assets/ParticleProFX/Resources/Materials/matppfx_bloodSplatter_03.mat using Guid(d59b188f3fc9c1b40a103742434fb79b) Importer(2089858483,b0f066a214c2f5e87bad3c948f4d605d) (ScriptedImporter) -> (artifact id: 'f0b86b5dda781eee160033d76a49023b') in 0.0055187 seconds
Number of updated asset objects reloaded before import = 0Number of asset objects unloaded after import = 2

========================================================================
Received Prepare
Refreshing native plugins compatible for Editor in 1.26 ms, found 3 plugins.
Preloading 0 native plugins for Editor in 0.00 ms.
Unloading 54 Unused Serialized files (Serialized files now loaded: 0)
Unloading 6343 unused Assets / (8.9 MB). Loaded Objects now: 7801.
Memory consumption went from 189.5 MB to 180.6 MB.
Total: 14.220900 ms (FindLiveObjects: 0.945100 ms CreateObjectMapping: 0.808500 ms MarkObjects: 8.420800 ms  DeleteObjects: 4.044700 ms)

Prepare: number of updated asset objects reloaded= 0
========================================================================
Received Import Request.
  Time since last request: 1.675615 seconds.
  path: Assets/ParticleProFX/Resources/Textures/cracks.png
  artifactKey: Guid(7a93f96cd10c5d14d92f5548646f428e) Importer(2089858483,b0f066a214c2f5e87bad3c948f4d605d)
Start importing Assets/ParticleProFX/Resources/Textures/cracks.png using Guid(7a93f96cd10c5d14d92f5548646f428e) Importer(2089858483,b0f066a214c2f5e87bad3c948f4d605d) (ScriptedImporter) -> (artifact id: '83881334d9837894b5fd0b4ef9fef693') in 0.0115533 seconds
Number of updated asset objects reloaded before import = 0Number of asset objects unloaded after import = 1

========================================================================
Received Import Request.
  Time since last request: 10.075710 seconds.
  path: Assets/ParticleProFX/Resources/Library/Smokes/Preview/ppfxTornado.png
  artifactKey: Guid(7ba7728c6dc374941afbe877faaa078f) Importer(2089858483,b0f066a214c2f5e87bad3c948f4d605d)
Start importing Assets/ParticleProFX/Resources/Library/Smokes/Preview/ppfxTornado.png using Guid(7ba7728c6dc374941afbe877faaa078f) Importer(2089858483,b0f066a214c2f5e87bad3c948f4d605d) (ScriptedImporter) -> (artifact id: '1672c084737fd517a00c30f674751d85') in 0.0522159 seconds
Number of updated asset objects reloaded before import = 0Number of asset objects unloaded after import = 1

========================================================================
Received Import Request.
  Time since last request: 0.000026 seconds.
  path: Assets/ParticleProFX/Resources/Scripts/PPFXChainReaction.cs
  artifactKey: Guid(49a2d8a1a6074a1429a5271156e4d4b0) Importer(2089858483,b0f066a214c2f5e87bad3c948f4d605d)
Start importing Assets/ParticleProFX/Resources/Scripts/PPFXChainReaction.cs using Guid(49a2d8a1a6074a1429a5271156e4d4b0) Importer(2089858483,b0f066a214c2f5e87bad3c948f4d605d) (ScriptedImporter) -> (artifact id: '0ee697cec681b09428d38ed83443f478') in 0.0213545 seconds
Number of updated asset objects reloaded before import = 0Number of asset objects unloaded after import = 0

========================================================================
Received Import Request.
  Time since last request: 0.000036 seconds.
  path: Assets/ParticleProFX/Resources/Library/Smokes/ppfxFlareSmokeOrange.prefab
  artifactKey: Guid(2e6bc23a3ec87ee40aabc184f471d5f5) Importer(2089858483,b0f066a214c2f5e87bad3c948f4d605d)
Start importing Assets/ParticleProFX/Resources/Library/Smokes/ppfxFlareSmokeOrange.prefab using Guid(2e6bc23a3ec87ee40aabc184f471d5f5) Importer(2089858483,b0f066a214c2f5e87bad3c948f4d605d) (ScriptedImporter) -> (artifact id: '4bae47e12748b90db36c48b3206c6b9d') in 0.1461569 seconds
Number of updated asset objects reloaded before import = 0Number of asset objects unloaded after import = 11

========================================================================
Received Import Request.
  Time since last request: 0.005419 seconds.
  path: Assets/ParticleProFX/Resources/Materials/matppfx_blue.mat
  artifactKey: Guid(81a8c12368e679649b607b867113ecc3) Importer(2089858483,b0f066a214c2f5e87bad3c948f4d605d)
Start importing Assets/ParticleProFX/Resources/Materials/matppfx_blue.mat using Guid(81a8c12368e679649b607b867113ecc3) Importer(2089858483,b0f066a214c2f5e87bad3c948f4d605d) (ScriptedImporter) -> (artifact id: '42479127f1628eb554a07600d6df8f85') in 0.0335539 seconds
Number of updated asset objects reloaded before import = 0Number of asset objects unloaded after import = 2

========================================================================
Received Import Request.
  Time since last request: 0.000115 seconds.
  path: Assets/ParticleProFX/Resources/Library/ChainReactions/ppfxChainReaction02.prefab
  artifactKey: Guid(f1de2ce9706e352428ff7f1f76fd78cf) Importer(2089858483,b0f066a214c2f5e87bad3c948f4d605d)
Start importing Assets/ParticleProFX/Resources/Library/ChainReactions/ppfxChainReaction02.prefab using Guid(f1de2ce9706e352428ff7f1f76fd78cf) Importer(2089858483,b0f066a214c2f5e87bad3c948f4d605d) (ScriptedImporter) -> (artifact id: 'ee801046430d6b0c6d275e86f576219d') in 0.0223614 seconds
Number of updated asset objects reloaded before import = 0Number of asset objects unloaded after import = 5

========================================================================
Received Import Request.
  Time since last request: 0.000033 seconds.
  path: Assets/ParticleProFX/Resources/Library/Fire & Explosions/ppfxExplosionPixel.prefab
  artifactKey: Guid(210c7f20d81574d4ea76ae47da9226d5) Importer(2089858483,b0f066a214c2f5e87bad3c948f4d605d)
Start importing Assets/ParticleProFX/Resources/Library/Fire & Explosions/ppfxExplosionPixel.prefab using Guid(210c7f20d81574d4ea76ae47da9226d5) Importer(2089858483,b0f066a214c2f5e87bad3c948f4d605d) (ScriptedImporter) -> (artifact id: 'a0df0ae1638f3d93fd26b79c1e2b84c1') in 0.1562507 seconds
Number of updated asset objects reloaded before import = 0Number of asset objects unloaded after import = 30

========================================================================
Received Import Request.
  Time since last request: 0.000139 seconds.
  path: Assets/ParticleProFX/ParticleProFXDocumentation.pdf
  artifactKey: Guid(d0afead6a29977546a1ce8cbb5a9a502) Importer(2089858483,b0f066a214c2f5e87bad3c948f4d605d)
Start importing Assets/ParticleProFX/ParticleProFXDocumentation.pdf using Guid(d0afead6a29977546a1ce8cbb5a9a502) Importer(2089858483,b0f066a214c2f5e87bad3c948f4d605d) (ScriptedImporter) -> (artifact id: '23667edabb1bb6170829609b7bc0c9d1') in 0.0103892 seconds
Number of updated asset objects reloaded before import = 0Number of asset objects unloaded after import = 1

========================================================================
Received Import Request.
  Time since last request: 0.000026 seconds.
  path: Assets/ParticleProFX/Resources/Textures/explosionSheet03_hard.png
  artifactKey: Guid(29c9eac8da668114d8518e514582bf97) Importer(2089858483,b0f066a214c2f5e87bad3c948f4d605d)
Start importing Assets/ParticleProFX/Resources/Textures/explosionSheet03_hard.png using Guid(29c9eac8da668114d8518e514582bf97) Importer(2089858483,b0f066a214c2f5e87bad3c948f4d605d) (ScriptedImporter) -> (artifact id: 'b8e1b52f2abf98808b5d413deb25ed78') in 0.0497747 seconds
Number of updated asset objects reloaded before import = 0Number of asset objects unloaded after import = 1

========================================================================
Received Import Request.
  Time since last request: 0.000049 seconds.
  path: Assets/ParticleProFX/Resources/Library/Fire & Explosions/Preview/ppfxExplosionHeavyShockwave.png
  artifactKey: Guid(54f4ae27f210f334a89e73f526dcf8f6) Importer(2089858483,b0f066a214c2f5e87bad3c948f4d605d)
Start importing Assets/ParticleProFX/Resources/Library/Fire & Explosions/Preview/ppfxExplosionHeavyShockwave.png using Guid(54f4ae27f210f334a89e73f526dcf8f6) Importer(2089858483,b0f066a214c2f5e87bad3c948f4d605d) (ScriptedImporter) -> (artifact id: 'bd21ebbf09b3674b2fe5a2202f8f914a') in 0.087797 seconds
Number of updated asset objects reloaded before import = 0Number of asset objects unloaded after import = 1

========================================================================
Received Import Request.
  Time since last request: 0.000040 seconds.
  path: Assets/ParticleProFX/Resources/Textures/debri.png
  artifactKey: Guid(fa7654d8a199f49498a38ad5a5414140) Importer(2089858483,b0f066a214c2f5e87bad3c948f4d605d)
Start importing Assets/ParticleProFX/Resources/Textures/debri.png using Guid(fa7654d8a199f49498a38ad5a5414140) Importer(2089858483,b0f066a214c2f5e87bad3c948f4d605d) (ScriptedImporter) -> (artifact id: 'c04fe8a99d1d541119a5b9e6f249e529') in 0.109335 seconds
Number of updated asset objects reloaded before import = 0Number of asset objects unloaded after import = 1

========================================================================
Received Import Request.
  Time since last request: 0.000037 seconds.
  path: Assets/ParticleProFX/Resources/Library/Effects/Preview/ppfxRayRing01.png
  artifactKey: Guid(573450c559f9b404a863d8fa16de9c02) Importer(2089858483,b0f066a214c2f5e87bad3c948f4d605d)
Start importing Assets/ParticleProFX/Resources/Library/Effects/Preview/ppfxRayRing01.png using Guid(573450c559f9b404a863d8fa16de9c02) Importer(2089858483,b0f066a214c2f5e87bad3c948f4d605d) (ScriptedImporter) -> (artifact id: 'a1b90bc7dda327cd56de59bad4dd4b0c') in 0.2965564 seconds
Number of updated asset objects reloaded before import = 0Number of asset objects unloaded after import = 1

========================================================================
Received Import Request.
  Time since last request: 0.000031 seconds.
  path: Assets/ParticleProFX/Resources/Textures/star01.png
  artifactKey: Guid(a683dc76866b3e64db7ca14eb226280b) Importer(2089858483,b0f066a214c2f5e87bad3c948f4d605d)
Start importing Assets/ParticleProFX/Resources/Textures/star01.png using Guid(a683dc76866b3e64db7ca14eb226280b) Importer(2089858483,b0f066a214c2f5e87bad3c948f4d605d) (ScriptedImporter) -> (artifact id: '079b706e9b3bb30a889356a9dd603aa1') in 0.0412135 seconds
Number of updated asset objects reloaded before import = 0Number of asset objects unloaded after import = 1

========================================================================
Received Prepare
Refreshing native plugins compatible for Editor in 2.28 ms, found 3 plugins.
Preloading 0 native plugins for Editor in 0.00 ms.
Unloading 54 Unused Serialized files (Serialized files now loaded: 0)
Unloading 6343 unused Assets / (7.7 MB). Loaded Objects now: 7801.
Memory consumption went from 189.5 MB to 181.9 MB.
Total: 22.659200 ms (FindLiveObjects: 1.861100 ms CreateObjectMapping: 0.750300 ms MarkObjects: 13.765300 ms  DeleteObjects: 6.280900 ms)

Prepare: number of updated asset objects reloaded= 0
========================================================================
Received Import Request.
  Time since last request: 73.589013 seconds.
  path: Assets/Scenes/escena juego.unity
  artifactKey: Guid(0bee1050fb8504d409d92a6fc4b87d28) Importer(2089858483,b0f066a214c2f5e87bad3c948f4d605d)
Start importing Assets/Scenes/escena juego.unity using Guid(0bee1050fb8504d409d92a6fc4b87d28) Importer(2089858483,b0f066a214c2f5e87bad3c948f4d605d) (ScriptedImporter) -> (artifact id: '90740c755dfaffd4fe1c8804d5b4d585') in 0.0944602 seconds
Number of updated asset objects reloaded before import = 0Number of asset objects unloaded after import = 1

========================================================================
Received Import Request.
  Time since last request: 12.252096 seconds.
  path: Assets/ParticleProFX
  artifactKey: Guid(00b0a902bf969db47b6a4b89b9bfffba) Importer(815301076,1909f56bfc062723c751e8b465ee728b)
Start importing Assets/ParticleProFX using Guid(00b0a902bf969db47b6a4b89b9bfffba) Importer(815301076,1909f56bfc062723c751e8b465ee728b) (PreviewImporter) -> (artifact id: 'ec6cb64ffe0095795213a28b7ec7523e') in 0.0006842 seconds
Number of updated asset objects reloaded before import = 0Number of asset objects unloaded after import = 0

========================================================================
Received Import Request.
  Time since last request: 2.344861 seconds.
  path: Assets/ParticleProFX/DemoScene
  artifactKey: Guid(d5d3441287f44dd4286f59f8919ae140) Importer(815301076,1909f56bfc062723c751e8b465ee728b)
Start importing Assets/ParticleProFX/DemoScene using Guid(d5d3441287f44dd4286f59f8919ae140) Importer(815301076,1909f56bfc062723c751e8b465ee728b) (PreviewImporter) -> (artifact id: '5a29a4aa73cac905ee464ef671ba9ba0') in 0.0006594 seconds
Number of updated asset objects reloaded before import = 0Number of asset objects unloaded after import = 0

========================================================================
Received Import Request.
  Time since last request: 0.681529 seconds.
  path: Assets/ParticleProFX/PPFXWindow
  artifactKey: Guid(59eafbae8b7f5fe4db0b26ac01017be6) Importer(815301076,1909f56bfc062723c751e8b465ee728b)
Start importing Assets/ParticleProFX/PPFXWindow using Guid(59eafbae8b7f5fe4db0b26ac01017be6) Importer(815301076,1909f56bfc062723c751e8b465ee728b) (PreviewImporter) -> (artifact id: 'ae3aa6cfdd6bf890586153de8cb08e38') in 0.0005833 seconds
Number of updated asset objects reloaded before import = 0Number of asset objects unloaded after import = 0

========================================================================
Received Import Request.
  Time since last request: 0.935625 seconds.
  path: Assets/ParticleProFX/PPFXWindow/Editor
  artifactKey: Guid(242150ff5388aa3488d6e24cd988b309) Importer(815301076,1909f56bfc062723c751e8b465ee728b)
Start importing Assets/ParticleProFX/PPFXWindow/Editor using Guid(242150ff5388aa3488d6e24cd988b309) Importer(815301076,1909f56bfc062723c751e8b465ee728b) (PreviewImporter) -> (artifact id: 'bdebbc9162a42aa61f70f80d3a218187') in 0.0006039 seconds
Number of updated asset objects reloaded before import = 0Number of asset objects unloaded after import = 0

========================================================================
Received Prepare
Refreshing native plugins compatible for Editor in 0.93 ms, found 3 plugins.
Preloading 0 native plugins for Editor in 0.00 ms.
Unloading 53 Unused Serialized files (Serialized files now loaded: 0)
Unloading 6324 unused Assets / (8.2 MB). Loaded Objects now: 7783.
Memory consumption went from 189.2 MB to 181.0 MB.
Total: 10.735000 ms (FindLiveObjects: 0.616100 ms CreateObjectMapping: 0.494200 ms MarkObjects: 6.465600 ms  DeleteObjects: 3.158000 ms)

Prepare: number of updated asset objects reloaded= 0
========================================================================
Received Prepare
Refreshing native plugins compatible for Editor in 0.86 ms, found 3 plugins.
Preloading 0 native plugins for Editor in 0.00 ms.
Unloading 53 Unused Serialized files (Serialized files now loaded: 0)
Unloading 6322 unused Assets / (7.9 MB). Loaded Objects now: 7781.
Memory consumption went from 189.2 MB to 181.3 MB.
Total: 21.720700 ms (FindLiveObjects: 0.627600 ms CreateObjectMapping: 0.494500 ms MarkObjects: 13.356200 ms  DeleteObjects: 7.240400 ms)

Prepare: number of updated asset objects reloaded= 0
========================================================================
Received Prepare
Begin MonoManager ReloadAssembly
[Licensing::Client] Successfully resolved entitlement details
- Loaded All Assemblies, in  0.687 seconds
Refreshing native plugins compatible for Editor in 0.59 ms, found 3 plugins.
Native extension for WindowsStandalone target not found
[Package Manager] Failed to launch server process. Reason: Unity was launched with the -noUpm command-line argument
[Package Manager] Unable to send message (not connected to server process).
[Package Manager] Cannot connect to Unity Package Manager local server
ScheduleIndexationOnStartup MainProcess:False IndexOnStartup:True
Mono: successfully reloaded assembly
- Finished resetting the current domain, in  0.680 seconds
Domain Reload Profiling: 1366ms
	BeginReloadAssembly (201ms)
		ExecutionOrderSort (0ms)
		DisableScriptedObjects (17ms)
		BackupInstance (0ms)
		ReleaseScriptingObjects (0ms)
		CreateAndSetChildDomain (52ms)
	RebuildCommonClasses (33ms)
	RebuildNativeTypeToScriptingClass (11ms)
	initialDomainReloadingComplete (25ms)
	LoadAllAssembliesAndSetupDomain (417ms)
		LoadAssemblies (312ms)
		RebuildTransferFunctionScriptingTraits (0ms)
		AnalyzeDomain (187ms)
			TypeCache.Refresh (83ms)
				TypeCache.ScanAssembly (73ms)
			BuildScriptInfoCaches (92ms)
			ResolveRequiredComponents (8ms)
	FinalizeReload (680ms)
		ReleaseScriptCaches (0ms)
		RebuildScriptCaches (0ms)
		SetupLoadedEditorAssemblies (547ms)
			LogAssemblyErrors (0ms)
			InitializePlatformSupportModulesInManaged (1ms)
			SetLoadedEditorAssemblies (4ms)
			BeforeProcessingInitializeOnLoad (108ms)
			ProcessInitializeOnLoadAttributes (364ms)
			ProcessInitializeOnLoadMethodAttributes (62ms)
			AfterProcessingInitializeOnLoad (6ms)
			EditorAssembliesLoaded (0ms)
		ExecutionOrderSort2 (0ms)
		AwakeInstancesAfterBackupRestoration (18ms)
Refreshing native plugins compatible for Editor in 0.73 ms, found 3 plugins.
Preloading 0 native plugins for Editor in 0.00 ms.
Unloading 16 Unused Serialized files (Serialized files now loaded: 0)
Unloading 6200 unused Assets / (4.2 MB). Loaded Objects now: 7601.
Memory consumption went from 173.4 MB to 169.2 MB.
Total: 6.421600 ms (FindLiveObjects: 0.530700 ms CreateObjectMapping: 0.430500 ms MarkObjects: 3.920200 ms  DeleteObjects: 1.539200 ms)

Prepare: number of updated asset objects reloaded= 0
========================================================================
Received Prepare
Begin MonoManager ReloadAssembly
- Loaded All Assemblies, in  0.613 seconds
Refreshing native plugins compatible for Editor in 0.64 ms, found 3 plugins.
Assertion failed on expression: 'pred(*previous, *i)'
Assertion failed on expression: 'pred(*previous, *i)'
Assertion failed on expression: 'pred(*previous, *i)'
Assertion failed on expression: 'pred(*previous, *i)'
Assertion failed on expression: 'pred(*previous, *i)'
Assertion failed on expression: 'pred(*previous, *i)'
Assertion failed on expression: 'pred(*previous, *i)'
Assertion failed on expression: 'pred(*previous, *i)'
Assertion failed on expression: 'pred(*previous, *i)'
Assertion failed on expression: 'pred(*previous, *i)'
Assertion failed on expression: 'pred(*previous, *i)'
Assertion failed on expression: 'pred(*previous, *i)'
Assertion failed on expression: 'pred(*previous, *i)'
Assertion failed on expression: 'pred(*previous, *i)'
Assertion failed on expression: 'pred(*previous, *i)'
Native extension for WindowsStandalone target not found
[Package Manager] Failed to launch server process. Reason: Unity was launched with the -noUpm command-line argument
[Package Manager] Unable to send message (not connected to server process).
[Package Manager] Cannot connect to Unity Package Manager local server
ScheduleIndexationOnStartup MainProcess:False IndexOnStartup:True
Mono: successfully reloaded assembly
- Finished resetting the current domain, in  0.651 seconds
Domain Reload Profiling: 1261ms
	BeginReloadAssembly (168ms)
		ExecutionOrderSort (0ms)
		DisableScriptedObjects (5ms)
		BackupInstance (0ms)
		ReleaseScriptingObjects (0ms)
		CreateAndSetChildDomain (36ms)
	RebuildCommonClasses (28ms)
	RebuildNativeTypeToScriptingClass (10ms)
	initialDomainReloadingComplete (25ms)
	LoadAllAssembliesAndSetupDomain (378ms)
		LoadAssemblies (299ms)
		RebuildTransferFunctionScriptingTraits (0ms)
		AnalyzeDomain (155ms)
			TypeCache.Refresh (9ms)
				TypeCache.ScanAssembly (0ms)
			BuildScriptInfoCaches (133ms)
			ResolveRequiredComponents (8ms)
	FinalizeReload (652ms)
		ReleaseScriptCaches (0ms)
		RebuildScriptCaches (0ms)
		SetupLoadedEditorAssemblies (524ms)
			LogAssemblyErrors (0ms)
			InitializePlatformSupportModulesInManaged (1ms)
			SetLoadedEditorAssemblies (4ms)
			BeforeProcessingInitializeOnLoad (116ms)
			ProcessInitializeOnLoadAttributes (351ms)
			ProcessInitializeOnLoadMethodAttributes (46ms)
			AfterProcessingInitializeOnLoad (5ms)
			EditorAssembliesLoaded (0ms)
		ExecutionOrderSort2 (0ms)
		AwakeInstancesAfterBackupRestoration (14ms)
Refreshing native plugins compatible for Editor in 0.84 ms, found 3 plugins.
Preloading 0 native plugins for Editor in 0.00 ms.
Unloading 17 Unused Serialized files (Serialized files now loaded: 0)
Unloading 6219 unused Assets / (4.5 MB). Loaded Objects now: 7622.
Memory consumption went from 173.9 MB to 169.3 MB.
Total: 6.655200 ms (FindLiveObjects: 0.510600 ms CreateObjectMapping: 0.416100 ms MarkObjects: 3.938400 ms  DeleteObjects: 1.789400 ms)

Prepare: number of updated asset objects reloaded= 0
========================================================================
Received Import Request.
  Time since last request: 185.946685 seconds.
  path: Assets/ParticleProFX/DemoScene/Prefabs
  artifactKey: Guid(c42f034172e74b845bdbcef6df87c63a) Importer(815301076,1909f56bfc062723c751e8b465ee728b)
Start importing Assets/ParticleProFX/DemoScene/Prefabs using Guid(c42f034172e74b845bdbcef6df87c63a) Importer(815301076,1909f56bfc062723c751e8b465ee728b) (PreviewImporter) -> (artifact id: '1eacefa583dbb509638975a130466a29') in 0.017146 seconds
Number of updated asset objects reloaded before import = 0Number of asset objects unloaded after import = 0

========================================================================
Received Import Request.
  Time since last request: 0.175869 seconds.
  path: Assets/ParticleProFX/DemoScene/Prefabs/_DemoScene.prefab
  artifactKey: Guid(d33e0537e9536ba42863c7736b271c89) Importer(815301076,1909f56bfc062723c751e8b465ee728b)
Start importing Assets/ParticleProFX/DemoScene/Prefabs/_DemoScene.prefab using Guid(d33e0537e9536ba42863c7736b271c89) Importer(815301076,1909f56bfc062723c751e8b465ee728b) (PreviewImporter) -> (artifact id: 'f82462f49b3c17f6fa5d6412e566ee78') in 0.0289781 seconds
Number of updated asset objects reloaded before import = 0Number of asset objects unloaded after import = 94

========================================================================
Received Import Request.
  Time since last request: 0.000014 seconds.
  path: Assets/ParticleProFX/DemoScene/Prefabs/pyramid.prefab
  artifactKey: Guid(f927e505f6e95af41a45c76b85150ac4) Importer(815301076,1909f56bfc062723c751e8b465ee728b)
Start importing Assets/ParticleProFX/DemoScene/Prefabs/pyramid.prefab using Guid(f927e505f6e95af41a45c76b85150ac4) Importer(815301076,1909f56bfc062723c751e8b465ee728b) (PreviewImporter) -> (artifact id: 'cd5a865ab392b7ac533ba7db2602a9c9') in 0.3337516 seconds
Number of updated asset objects reloaded before import = 0Number of asset objects unloaded after import = 90

========================================================================
Received Import Request.
  Time since last request: 2.134253 seconds.
  path: Assets/ParticleProFX/DemoScene/Materials/matppfx_cubes.mat
  artifactKey: Guid(5c8d403f3ff1d554ab85d1b25f238ab0) Importer(815301076,1909f56bfc062723c751e8b465ee728b)
Start importing Assets/ParticleProFX/DemoScene/Materials/matppfx_cubes.mat using Guid(5c8d403f3ff1d554ab85d1b25f238ab0) Importer(815301076,1909f56bfc062723c751e8b465ee728b) (PreviewImporter) -> (artifact id: '3126258f852f3608ceb8bab2d6d4ff7e') in 0.0168526 seconds
Number of updated asset objects reloaded before import = 0Number of asset objects unloaded after import = 2

========================================================================
Received Prepare
Refreshing native plugins compatible for Editor in 0.90 ms, found 3 plugins.
Preloading 0 native plugins for Editor in 0.00 ms.
Unloading 16 Unused Serialized files (Serialized files now loaded: 0)
Unloading 6194 unused Assets / (4.3 MB). Loaded Objects now: 7716.
Memory consumption went from 178.6 MB to 174.3 MB.
Total: 7.963600 ms (FindLiveObjects: 0.578600 ms CreateObjectMapping: 0.408500 ms MarkObjects: 5.191000 ms  DeleteObjects: 1.784600 ms)

Prepare: number of updated asset objects reloaded= 0
========================================================================
Received Prepare
Begin MonoManager ReloadAssembly
[Licensing::Client] Successfully resolved entitlement details
- Loaded All Assemblies, in  0.653 seconds
Refreshing native plugins compatible for Editor in 0.63 ms, found 3 plugins.
Native extension for WindowsStandalone target not found
[Package Manager] Failed to launch server process. Reason: Unity was launched with the -noUpm command-line argument
[Package Manager] Unable to send message (not connected to server process).
[Package Manager] Cannot connect to Unity Package Manager local server
ScheduleIndexationOnStartup MainProcess:False IndexOnStartup:True
Mono: successfully reloaded assembly
- Finished resetting the current domain, in  0.694 seconds
Domain Reload Profiling: 1347ms
	BeginReloadAssembly (200ms)
		ExecutionOrderSort (0ms)
		DisableScriptedObjects (19ms)
		BackupInstance (0ms)
		ReleaseScriptingObjects (0ms)
		CreateAndSetChildDomain (51ms)
	RebuildCommonClasses (28ms)
	RebuildNativeTypeToScriptingClass (10ms)
	initialDomainReloadingComplete (22ms)
	LoadAllAssembliesAndSetupDomain (392ms)
		LoadAssemblies (323ms)
		RebuildTransferFunctionScriptingTraits (0ms)
		AnalyzeDomain (146ms)
			TypeCache.Refresh (8ms)
				TypeCache.ScanAssembly (0ms)
			BuildScriptInfoCaches (126ms)
			ResolveRequiredComponents (8ms)
	FinalizeReload (694ms)
		ReleaseScriptCaches (0ms)
		RebuildScriptCaches (0ms)
		SetupLoadedEditorAssemblies (556ms)
			LogAssemblyErrors (0ms)
			InitializePlatformSupportModulesInManaged (2ms)
			SetLoadedEditorAssemblies (5ms)
			BeforeProcessingInitializeOnLoad (128ms)
			ProcessInitializeOnLoadAttributes (362ms)
			ProcessInitializeOnLoadMethodAttributes (55ms)
			AfterProcessingInitializeOnLoad (5ms)
			EditorAssembliesLoaded (0ms)
		ExecutionOrderSort2 (0ms)
		AwakeInstancesAfterBackupRestoration (19ms)
Refreshing native plugins compatible for Editor in 0.68 ms, found 3 plugins.
Preloading 0 native plugins for Editor in 0.00 ms.
Unloading 16 Unused Serialized files (Serialized files now loaded: 0)
Unloading 6200 unused Assets / (4.2 MB). Loaded Objects now: 7627.
Memory consumption went from 173.6 MB to 169.4 MB.
Total: 6.398300 ms (FindLiveObjects: 0.540300 ms CreateObjectMapping: 0.427200 ms MarkObjects: 3.922300 ms  DeleteObjects: 1.507700 ms)

Prepare: number of updated asset objects reloaded= 0
========================================================================
Received Prepare
Refreshing native plugins compatible for Editor in 3.79 ms, found 3 plugins.
Preloading 0 native plugins for Editor in 0.00 ms.
Unloading 16 Unused Serialized files (Serialized files now loaded: 0)
Unloading 6194 unused Assets / (5.4 MB). Loaded Objects now: 7627.
Memory consumption went from 173.6 MB to 168.2 MB.
Total: 27.971700 ms (FindLiveObjects: 1.155300 ms CreateObjectMapping: 0.817700 ms MarkObjects: 15.117900 ms  DeleteObjects: 10.879300 ms)

Prepare: number of updated asset objects reloaded= 0
========================================================================
Received Prepare
Begin MonoManager ReloadAssembly
[Licensing::Client] Successfully resolved entitlement details
- Loaded All Assemblies, in  1.200 seconds
Refreshing native plugins compatible for Editor in 1.63 ms, found 3 plugins.
Native extension for WindowsStandalone target not found
[Package Manager] Failed to launch server process. Reason: Unity was launched with the -noUpm command-line argument
[Package Manager] Unable to send message (not connected to server process).
[Package Manager] Cannot connect to Unity Package Manager local server
ScheduleIndexationOnStartup MainProcess:False IndexOnStartup:True
Mono: successfully reloaded assembly
- Finished resetting the current domain, in  0.845 seconds
Domain Reload Profiling: 2039ms
	BeginReloadAssembly (389ms)
		ExecutionOrderSort (0ms)
		DisableScriptedObjects (8ms)
		BackupInstance (0ms)
		ReleaseScriptingObjects (0ms)
		CreateAndSetChildDomain (50ms)
	RebuildCommonClasses (66ms)
	RebuildNativeTypeToScriptingClass (19ms)
	initialDomainReloadingComplete (51ms)
	LoadAllAssembliesAndSetupDomain (668ms)
		LoadAssemblies (723ms)
		RebuildTransferFunctionScriptingTraits (0ms)
		AnalyzeDomain (189ms)
			TypeCache.Refresh (11ms)
				TypeCache.ScanAssembly (0ms)
			BuildScriptInfoCaches (165ms)
			ResolveRequiredComponents (8ms)
	FinalizeReload (846ms)
		ReleaseScriptCaches (0ms)
		RebuildScriptCaches (0ms)
		SetupLoadedEditorAssemblies (628ms)
			LogAssemblyErrors (0ms)
			InitializePlatformSupportModulesInManaged (3ms)
			SetLoadedEditorAssemblies (8ms)
			BeforeProcessingInitializeOnLoad (219ms)
			ProcessInitializeOnLoadAttributes (344ms)
			ProcessInitializeOnLoadMethodAttributes (49ms)
			AfterProcessingInitializeOnLoad (4ms)
			EditorAssembliesLoaded (0ms)
		ExecutionOrderSort2 (0ms)
		AwakeInstancesAfterBackupRestoration (14ms)
Refreshing native plugins compatible for Editor in 0.66 ms, found 3 plugins.
Preloading 0 native plugins for Editor in 0.00 ms.
Unloading 16 Unused Serialized files (Serialized files now loaded: 0)
Unloading 6200 unused Assets / (4.1 MB). Loaded Objects now: 7630.
Memory consumption went from 173.5 MB to 169.3 MB.
Total: 6.187700 ms (FindLiveObjects: 0.516700 ms CreateObjectMapping: 0.411000 ms MarkObjects: 3.821200 ms  DeleteObjects: 1.438400 ms)

Prepare: number of updated asset objects reloaded= 0
========================================================================
Received Import Request.
  Time since last request: 370.931003 seconds.
  path: Assets/BloodExplosion.prefab
  artifactKey: Guid(f386133633cd84c4b92b2c916e39f0be) Importer(815301076,1909f56bfc062723c751e8b465ee728b)
Start importing Assets/BloodExplosion.prefab using Guid(f386133633cd84c4b92b2c916e39f0be) Importer(815301076,1909f56bfc062723c751e8b465ee728b) (PreviewImporter) -> (artifact id: '0ba943fbf73aa412928c1b8798134a85') in 0.3899697 seconds
Number of updated asset objects reloaded before import = 0Number of asset objects unloaded after import = 6

========================================================================
Received Import Request.
  Time since last request: 27.237033 seconds.
  path: Assets/enemigo Variant.prefab
  artifactKey: Guid(5e5e6b87cc9d67547af15e0d1a5f6473) Importer(815301076,1909f56bfc062723c751e8b465ee728b)
Start importing Assets/enemigo Variant.prefab using Guid(5e5e6b87cc9d67547af15e0d1a5f6473) Importer(815301076,1909f56bfc062723c751e8b465ee728b) (PreviewImporter) -> (artifact id: '1857adc360f9f2487b829e22e8b0c495') in 0.0475292 seconds
Number of updated asset objects reloaded before import = 0Number of asset objects unloaded after import = 289

========================================================================
Received Import Request.
  Time since last request: 4.820625 seconds.
  path: Assets/enemigos/ENEMIGO 2.prefab
  artifactKey: Guid(329a7bca0ee8cad42974423f94c5c71d) Importer(815301076,1909f56bfc062723c751e8b465ee728b)
Start importing Assets/enemigos/ENEMIGO 2.prefab using Guid(329a7bca0ee8cad42974423f94c5c71d) Importer(815301076,1909f56bfc062723c751e8b465ee728b) (PreviewImporter) -> (artifact id: '0e1f21c0e3b553a274627cad27e40f18') in 0.0395502 seconds
Number of updated asset objects reloaded before import = 0Number of asset objects unloaded after import = 408

========================================================================
Received Import Request.
  Time since last request: 0.000030 seconds.
  path: Assets/enemigos/personaje.prefab
  artifactKey: Guid(d4013d3037be46f4e95a23aca39c3308) Importer(815301076,1909f56bfc062723c751e8b465ee728b)
Start importing Assets/enemigos/personaje.prefab using Guid(d4013d3037be46f4e95a23aca39c3308) Importer(815301076,1909f56bfc062723c751e8b465ee728b) (PreviewImporter) -> (artifact id: '38a1700f2c2b21e8f7b379f8b09fff3d') in 0.0272099 seconds
Number of updated asset objects reloaded before import = 0Number of asset objects unloaded after import = 179

========================================================================
Received Import Request.
  Time since last request: 24.489985 seconds.
  path: Assets/enemigos/ENEMIGO 2.prefab
  artifactKey: Guid(329a7bca0ee8cad42974423f94c5c71d) Importer(815301076,1909f56bfc062723c751e8b465ee728b)
Start importing Assets/enemigos/ENEMIGO 2.prefab using Guid(329a7bca0ee8cad42974423f94c5c71d) Importer(815301076,1909f56bfc062723c751e8b465ee728b) (PreviewImporter) -> (artifact id: '92e4072d972188d993b1c2b70c9ad2a8') in 0.0231947 seconds
Number of updated asset objects reloaded before import = 0Number of asset objects unloaded after import = 413

========================================================================
Received Prepare
Begin MonoManager ReloadAssembly
[Licensing::Client] Successfully resolved entitlement details
- Loaded All Assemblies, in  0.642 seconds
Refreshing native plugins compatible for Editor in 0.60 ms, found 3 plugins.
Native extension for WindowsStandalone target not found
[Package Manager] Failed to launch server process. Reason: Unity was launched with the -noUpm command-line argument
[Package Manager] Unable to send message (not connected to server process).
[Package Manager] Cannot connect to Unity Package Manager local server
ScheduleIndexationOnStartup MainProcess:False IndexOnStartup:True
Mono: successfully reloaded assembly
- Finished resetting the current domain, in  0.630 seconds
Domain Reload Profiling: 1272ms
	BeginReloadAssembly (204ms)
		ExecutionOrderSort (0ms)
		DisableScriptedObjects (15ms)
		BackupInstance (0ms)
		ReleaseScriptingObjects (0ms)
		CreateAndSetChildDomain (53ms)
	RebuildCommonClasses (29ms)
	RebuildNativeTypeToScriptingClass (10ms)
	initialDomainReloadingComplete (25ms)
	LoadAllAssembliesAndSetupDomain (374ms)
		LoadAssemblies (309ms)
		RebuildTransferFunctionScriptingTraits (0ms)
		AnalyzeDomain (149ms)
			TypeCache.Refresh (6ms)
				TypeCache.ScanAssembly (0ms)
			BuildScriptInfoCaches (129ms)
			ResolveRequiredComponents (10ms)
	FinalizeReload (630ms)
		ReleaseScriptCaches (0ms)
		RebuildScriptCaches (0ms)
		SetupLoadedEditorAssemblies (502ms)
			LogAssemblyErrors (0ms)
			InitializePlatformSupportModulesInManaged (2ms)
			SetLoadedEditorAssemblies (6ms)
			BeforeProcessingInitializeOnLoad (107ms)
			ProcessInitializeOnLoadAttributes (336ms)
			ProcessInitializeOnLoadMethodAttributes (47ms)
			AfterProcessingInitializeOnLoad (4ms)
			EditorAssembliesLoaded (0ms)
		ExecutionOrderSort2 (0ms)
		AwakeInstancesAfterBackupRestoration (15ms)
Refreshing native plugins compatible for Editor in 0.64 ms, found 3 plugins.
Preloading 0 native plugins for Editor in 0.00 ms.
Unloading 16 Unused Serialized files (Serialized files now loaded: 0)
Unloading 6200 unused Assets / (4.2 MB). Loaded Objects now: 7653.
Memory consumption went from 173.6 MB to 169.4 MB.
Total: 6.307100 ms (FindLiveObjects: 0.521100 ms CreateObjectMapping: 0.423800 ms MarkObjects: 3.866700 ms  DeleteObjects: 1.495100 ms)

Prepare: number of updated asset objects reloaded= 0
========================================================================
Received Import Request.
  Time since last request: 62.107267 seconds.
  path: Assets/salud.prefab
  artifactKey: Guid(16b2f427ed3d7704ab6b89197d43f7cc) Importer(815301076,1909f56bfc062723c751e8b465ee728b)
Start importing Assets/salud.prefab using Guid(16b2f427ed3d7704ab6b89197d43f7cc) Importer(815301076,1909f56bfc062723c751e8b465ee728b) (PreviewImporter) -> (artifact id: '27fb40fe84dec0f97802f1150ba1a93f') in 0.3620749 seconds
Number of updated asset objects reloaded before import = 0Number of asset objects unloaded after import = 14

========================================================================
Received Import Request.
  Time since last request: 0.095582 seconds.
  path: Assets/ParticleProFX/DemoScene/demoSceneSettings.lighting
  artifactKey: Guid(3ad868e1bc535214c82cc636f0f3c02b) Importer(2089858483,b0f066a214c2f5e87bad3c948f4d605d)
Start importing Assets/ParticleProFX/DemoScene/demoSceneSettings.lighting using Guid(3ad868e1bc535214c82cc636f0f3c02b) Importer(2089858483,b0f066a214c2f5e87bad3c948f4d605d) (ScriptedImporter)LightingSettings: switching bake backend from 2 to 1.
 -> (artifact id: '41dfe4bd0d38f6e079f9a0a803d274a2') in 0.0635558 seconds
Number of updated asset objects reloaded before import = 0Number of asset objects unloaded after import = 1

========================================================================
Received Import Request.
  Time since last request: 0.000019 seconds.
  path: Assets/Scripts/EnemyHealth.cs
  artifactKey: Guid(aa9f22ac90edcb84486e944014a4998f) Importer(2089858483,b0f066a214c2f5e87bad3c948f4d605d)
Start importing Assets/Scripts/EnemyHealth.cs using Guid(aa9f22ac90edcb84486e944014a4998f) Importer(2089858483,b0f066a214c2f5e87bad3c948f4d605d) (ScriptedImporter) -> (artifact id: 'a38d2444bca6550f9073f40f6b95d3b5') in 0.0087052 seconds
Number of updated asset objects reloaded before import = 0Number of asset objects unloaded after import = 0

========================================================================
Received Import Request.
  Time since last request: 0.000039 seconds.
  path: Assets/enemigos/ENEMIGO 2.prefab
  artifactKey: Guid(329a7bca0ee8cad42974423f94c5c71d) Importer(2089858483,b0f066a214c2f5e87bad3c948f4d605d)
Start importing Assets/enemigos/ENEMIGO 2.prefab using Guid(329a7bca0ee8cad42974423f94c5c71d) Importer(2089858483,b0f066a214c2f5e87bad3c948f4d605d) (ScriptedImporter) -> (artifact id: 'd9859725e6cfb22592cc6038991ab810') in 0.0505771 seconds
Number of updated asset objects reloaded before import = 0Number of asset objects unloaded after import = 404

========================================================================
Received Import Request.
  Time since last request: 7.209645 seconds.
  path: Assets/New Material.mat
  artifactKey: Guid(8af2a629d302ab54dbf6d75a7100169f) Importer(815301076,1909f56bfc062723c751e8b465ee728b)
Start importing Assets/New Material.mat using Guid(8af2a629d302ab54dbf6d75a7100169f) Importer(815301076,1909f56bfc062723c751e8b465ee728b) (PreviewImporter) -> (artifact id: 'fd5837eeac0e20eb5cada3b50e104f54') in 0.0333669 seconds
Number of updated asset objects reloaded before import = 0Number of asset objects unloaded after import = 1

========================================================================
Received Import Request.
  Time since last request: 0.912394 seconds.
  path: Assets/New Material.mat
  artifactKey: Guid(8af2a629d302ab54dbf6d75a7100169f) Importer(2089858483,b0f066a214c2f5e87bad3c948f4d605d)
Start importing Assets/New Material.mat using Guid(8af2a629d302ab54dbf6d75a7100169f) Importer(2089858483,b0f066a214c2f5e87bad3c948f4d605d) (ScriptedImporter) -> (artifact id: '4560531c925e661bfad972ed20649f2a') in 0.0063276 seconds
Number of updated asset objects reloaded before import = 0Number of asset objects unloaded after import = 1

========================================================================
Received Import Request.
  Time since last request: 6.864769 seconds.
  path: Assets/salud.prefab
  artifactKey: Guid(16b2f427ed3d7704ab6b89197d43f7cc) Importer(815301076,1909f56bfc062723c751e8b465ee728b)
Start importing Assets/salud.prefab using Guid(16b2f427ed3d7704ab6b89197d43f7cc) Importer(815301076,1909f56bfc062723c751e8b465ee728b) (PreviewImporter) -> (artifact id: '11ead0edc73fc283a323cccf8f19f981') in 0.0067669 seconds
Number of updated asset objects reloaded before import = 0Number of asset objects unloaded after import = 15

========================================================================
Received Import Request.
  Time since last request: 0.954559 seconds.
  path: Assets/salud.prefab
  artifactKey: Guid(16b2f427ed3d7704ab6b89197d43f7cc) Importer(2089858483,b0f066a214c2f5e87bad3c948f4d605d)
Start importing Assets/salud.prefab using Guid(16b2f427ed3d7704ab6b89197d43f7cc) Importer(2089858483,b0f066a214c2f5e87bad3c948f4d605d) (ScriptedImporter) -> (artifact id: '9cf8d52f34a0b726cd5bd0ac1280b5fc') in 0.0138718 seconds
Number of updated asset objects reloaded before import = 0Number of asset objects unloaded after import = 15

========================================================================
Received Import Request.
  Time since last request: 5.771730 seconds.
  path: Assets/salud.prefab
  artifactKey: Guid(16b2f427ed3d7704ab6b89197d43f7cc) Importer(815301076,1909f56bfc062723c751e8b465ee728b)
Start importing Assets/salud.prefab using Guid(16b2f427ed3d7704ab6b89197d43f7cc) Importer(815301076,1909f56bfc062723c751e8b465ee728b) (PreviewImporter) -> (artifact id: '3e555cb16340f9463ed8384c1fea3299') in 0.0077804 seconds
Number of updated asset objects reloaded before import = 0Number of asset objects unloaded after import = 15

========================================================================
Received Import Request.
  Time since last request: 0.942857 seconds.
  path: Assets/salud.prefab
  artifactKey: Guid(16b2f427ed3d7704ab6b89197d43f7cc) Importer(2089858483,b0f066a214c2f5e87bad3c948f4d605d)
Start importing Assets/salud.prefab using Guid(16b2f427ed3d7704ab6b89197d43f7cc) Importer(2089858483,b0f066a214c2f5e87bad3c948f4d605d) (ScriptedImporter) -> (artifact id: '3acc8839db31450076faee5d94ec510c') in 0.0091026 seconds
Number of updated asset objects reloaded before import = 0Number of asset objects unloaded after import = 15

========================================================================
Received Prepare
Begin MonoManager ReloadAssembly
[Licensing::Client] Successfully resolved entitlement details
- Loaded All Assemblies, in  0.645 seconds
Refreshing native plugins compatible for Editor in 0.59 ms, found 3 plugins.
Native extension for WindowsStandalone target not found
[Package Manager] Failed to launch server process. Reason: Unity was launched with the -noUpm command-line argument
[Package Manager] Unable to send message (not connected to server process).
[Package Manager] Cannot connect to Unity Package Manager local server
ScheduleIndexationOnStartup MainProcess:False IndexOnStartup:True
Mono: successfully reloaded assembly
- Finished resetting the current domain, in  0.654 seconds
Domain Reload Profiling: 1299ms
	BeginReloadAssembly (210ms)
		ExecutionOrderSort (0ms)
		DisableScriptedObjects (23ms)
		BackupInstance (0ms)
		ReleaseScriptingObjects (0ms)
		CreateAndSetChildDomain (56ms)
	RebuildCommonClasses (31ms)
	RebuildNativeTypeToScriptingClass (11ms)
	initialDomainReloadingComplete (25ms)
	LoadAllAssembliesAndSetupDomain (368ms)
		LoadAssemblies (294ms)
		RebuildTransferFunctionScriptingTraits (0ms)
		AnalyzeDomain (150ms)
			TypeCache.Refresh (6ms)
				TypeCache.ScanAssembly (0ms)
			BuildScriptInfoCaches (132ms)
			ResolveRequiredComponents (8ms)
	FinalizeReload (654ms)
		ReleaseScriptCaches (0ms)
		RebuildScriptCaches (0ms)
		SetupLoadedEditorAssemblies (522ms)
			LogAssemblyErrors (0ms)
			InitializePlatformSupportModulesInManaged (2ms)
			SetLoadedEditorAssemblies (5ms)
			BeforeProcessingInitializeOnLoad (110ms)
			ProcessInitializeOnLoadAttributes (352ms)
			ProcessInitializeOnLoadMethodAttributes (48ms)
			AfterProcessingInitializeOnLoad (5ms)
			EditorAssembliesLoaded (0ms)
		ExecutionOrderSort2 (0ms)
		AwakeInstancesAfterBackupRestoration (16ms)
Refreshing native plugins compatible for Editor in 0.77 ms, found 3 plugins.
Preloading 0 native plugins for Editor in 0.00 ms.
Unloading 16 Unused Serialized files (Serialized files now loaded: 0)
Unloading 6201 unused Assets / (4.1 MB). Loaded Objects now: 7676.
Memory consumption went from 173.7 MB to 169.7 MB.
Total: 7.015600 ms (FindLiveObjects: 0.512500 ms CreateObjectMapping: 0.420100 ms MarkObjects: 4.188400 ms  DeleteObjects: 1.893800 ms)

Prepare: number of updated asset objects reloaded= 0
========================================================================
Received Import Request.
  Time since last request: 202.642105 seconds.
  path: Assets/salud.prefab
  artifactKey: Guid(16b2f427ed3d7704ab6b89197d43f7cc) Importer(815301076,1909f56bfc062723c751e8b465ee728b)
Start importing Assets/salud.prefab using Guid(16b2f427ed3d7704ab6b89197d43f7cc) Importer(815301076,1909f56bfc062723c751e8b465ee728b) (PreviewImporter) -> (artifact id: '483f6710ac6e613c02ab91aa442cb92e') in 0.3921049 seconds
Number of updated asset objects reloaded before import = 0Number of asset objects unloaded after import = 15

========================================================================
Received Prepare
Begin MonoManager ReloadAssembly
[Licensing::Client] Successfully resolved entitlement details
- Loaded All Assemblies, in  0.629 seconds
Refreshing native plugins compatible for Editor in 0.68 ms, found 3 plugins.
Native extension for WindowsStandalone target not found
[Package Manager] Failed to launch server process. Reason: Unity was launched with the -noUpm command-line argument
[Package Manager] Unable to send message (not connected to server process).
[Package Manager] Cannot connect to Unity Package Manager local server
ScheduleIndexationOnStartup MainProcess:False IndexOnStartup:True
Mono: successfully reloaded assembly
- Finished resetting the current domain, in  0.632 seconds
Domain Reload Profiling: 1261ms
	BeginReloadAssembly (195ms)
		ExecutionOrderSort (0ms)
		DisableScriptedObjects (16ms)
		BackupInstance (0ms)
		ReleaseScriptingObjects (0ms)
		CreateAndSetChildDomain (52ms)
	RebuildCommonClasses (29ms)
	RebuildNativeTypeToScriptingClass (10ms)
	initialDomainReloadingComplete (28ms)
	LoadAllAssembliesAndSetupDomain (367ms)
		LoadAssemblies (290ms)
		RebuildTransferFunctionScriptingTraits (0ms)
		AnalyzeDomain (153ms)
			TypeCache.Refresh (6ms)
				TypeCache.ScanAssembly (0ms)
			BuildScriptInfoCaches (135ms)
			ResolveRequiredComponents (8ms)
	FinalizeReload (632ms)
		ReleaseScriptCaches (0ms)
		RebuildScriptCaches (0ms)
		SetupLoadedEditorAssemblies (505ms)
			LogAssemblyErrors (0ms)
			InitializePlatformSupportModulesInManaged (1ms)
			SetLoadedEditorAssemblies (4ms)
			BeforeProcessingInitializeOnLoad (111ms)
			ProcessInitializeOnLoadAttributes (335ms)
			ProcessInitializeOnLoadMethodAttributes (49ms)
			AfterProcessingInitializeOnLoad (4ms)
			EditorAssembliesLoaded (0ms)
		ExecutionOrderSort2 (0ms)
		AwakeInstancesAfterBackupRestoration (15ms)
Refreshing native plugins compatible for Editor in 0.83 ms, found 3 plugins.
Preloading 0 native plugins for Editor in 0.00 ms.
Unloading 16 Unused Serialized files (Serialized files now loaded: 0)
Unloading 6201 unused Assets / (4.1 MB). Loaded Objects now: 7699.
Memory consumption went from 173.8 MB to 169.7 MB.
Total: 6.318700 ms (FindLiveObjects: 0.511500 ms CreateObjectMapping: 0.474000 ms MarkObjects: 3.817400 ms  DeleteObjects: 1.515100 ms)

Prepare: number of updated asset objects reloaded= 0
========================================================================
Received Import Request.
  Time since last request: 151.174029 seconds.
  path: Assets/salud.prefab
  artifactKey: Guid(16b2f427ed3d7704ab6b89197d43f7cc) Importer(2089858483,b0f066a214c2f5e87bad3c948f4d605d)
Start importing Assets/salud.prefab using Guid(16b2f427ed3d7704ab6b89197d43f7cc) Importer(2089858483,b0f066a214c2f5e87bad3c948f4d605d) (ScriptedImporter) -> (artifact id: 'c54e743fec56d270ebca04e106b2ca45') in 0.0998909 seconds
Number of updated asset objects reloaded before import = 0Number of asset objects unloaded after import = 15

========================================================================
Received Prepare
Refreshing native plugins compatible for Editor in 0.71 ms, found 3 plugins.
Preloading 0 native plugins for Editor in 0.00 ms.
Unloading 16 Unused Serialized files (Serialized files now loaded: 0)
Unloading 6195 unused Assets / (4.2 MB). Loaded Objects now: 7700.
Memory consumption went from 173.9 MB to 169.7 MB.
Total: 6.678200 ms (FindLiveObjects: 0.554700 ms CreateObjectMapping: 0.451700 ms MarkObjects: 4.121200 ms  DeleteObjects: 1.550200 ms)

Prepare: number of updated asset objects reloaded= 0
========================================================================
Received Import Request.
  Time since last request: 1.072706 seconds.
  path: Assets/Scripts/DamageFlash.cs
  artifactKey: Guid(b9440862576ed3d469e5b9cf979a4bb8) Importer(815301076,1909f56bfc062723c751e8b465ee728b)
Start importing Assets/Scripts/DamageFlash.cs using Guid(b9440862576ed3d469e5b9cf979a4bb8) Importer(815301076,1909f56bfc062723c751e8b465ee728b) (PreviewImporter) -> (artifact id: 'd96fa7cc4fdf55881f9ff1febdeba298') in 0.0052643 seconds
Number of updated asset objects reloaded before import = 0Number of asset objects unloaded after import = 0

========================================================================
Received Import Request.
  Time since last request: 0.518189 seconds.
  path: Assets/Scripts/DamageFlash.cs
  artifactKey: Guid(b9440862576ed3d469e5b9cf979a4bb8) Importer(2089858483,b0f066a214c2f5e87bad3c948f4d605d)
Start importing Assets/Scripts/DamageFlash.cs using Guid(b9440862576ed3d469e5b9cf979a4bb8) Importer(2089858483,b0f066a214c2f5e87bad3c948f4d605d) (ScriptedImporter) -> (artifact id: '8659676f399cf5ca7c3c47b61c772bea') in 0.0030672 seconds
Number of updated asset objects reloaded before import = 0Number of asset objects unloaded after import = 0

========================================================================
Received Prepare
Refreshing native plugins compatible for Editor in 2.45 ms, found 3 plugins.
Preloading 0 native plugins for Editor in 0.00 ms.
Unloading 16 Unused Serialized files (Serialized files now loaded: 0)
Unloading 6195 unused Assets / (3.7 MB). Loaded Objects now: 7700.
Memory consumption went from 173.9 MB to 170.2 MB.
Total: 16.057200 ms (FindLiveObjects: 1.752700 ms CreateObjectMapping: 0.935600 ms MarkObjects: 9.237000 ms  DeleteObjects: 4.130200 ms)

Prepare: number of updated asset objects reloaded= 0
========================================================================
Received Import Request.
  Time since last request: 12.200719 seconds.
  path: Assets/Scripts/DamageFlash.cs
  artifactKey: Guid(b9440862576ed3d469e5b9cf979a4bb8) Importer(2089858483,b0f066a214c2f5e87bad3c948f4d605d)
Start importing Assets/Scripts/DamageFlash.cs using Guid(b9440862576ed3d469e5b9cf979a4bb8) Importer(2089858483,b0f066a214c2f5e87bad3c948f4d605d) (ScriptedImporter) -> (artifact id: 'd64baf22c9ce815cfcd3e044fa3430ba') in 0.0163596 seconds
Number of updated asset objects reloaded before import = 0Number of asset objects unloaded after import = 0

========================================================================
Received Prepare
Begin MonoManager ReloadAssembly
[Licensing::Client] Successfully resolved entitlement details
- Loaded All Assemblies, in  1.556 seconds
Refreshing native plugins compatible for Editor in 0.61 ms, found 3 plugins.
Native extension for WindowsStandalone target not found
[Package Manager] Failed to launch server process. Reason: Unity was launched with the -noUpm command-line argument
[Package Manager] Unable to send message (not connected to server process).
[Package Manager] Cannot connect to Unity Package Manager local server
ScheduleIndexationOnStartup MainProcess:False IndexOnStartup:True
Mono: successfully reloaded assembly
- Finished resetting the current domain, in  0.746 seconds
Domain Reload Profiling: 2290ms
	BeginReloadAssembly (357ms)
		ExecutionOrderSort (0ms)
		DisableScriptedObjects (9ms)
		BackupInstance (0ms)
		ReleaseScriptingObjects (0ms)
		CreateAndSetChildDomain (70ms)
	RebuildCommonClasses (56ms)
	RebuildNativeTypeToScriptingClass (122ms)
	initialDomainReloadingComplete (119ms)
	LoadAllAssembliesAndSetupDomain (889ms)
		LoadAssemblies (817ms)
		RebuildTransferFunctionScriptingTraits (0ms)
		AnalyzeDomain (260ms)
			TypeCache.Refresh (12ms)
				TypeCache.ScanAssembly (0ms)
			BuildScriptInfoCaches (228ms)
			ResolveRequiredComponents (15ms)
	FinalizeReload (747ms)
		ReleaseScriptCaches (0ms)
		RebuildScriptCaches (0ms)
		SetupLoadedEditorAssemblies (588ms)
			LogAssemblyErrors (0ms)
			InitializePlatformSupportModulesInManaged (2ms)
			SetLoadedEditorAssemblies (5ms)
			BeforeProcessingInitializeOnLoad (129ms)
			ProcessInitializeOnLoadAttributes (390ms)
			ProcessInitializeOnLoadMethodAttributes (57ms)
			AfterProcessingInitializeOnLoad (5ms)
			EditorAssembliesLoaded (0ms)
		ExecutionOrderSort2 (0ms)
		AwakeInstancesAfterBackupRestoration (17ms)
Refreshing native plugins compatible for Editor in 0.71 ms, found 3 plugins.
Preloading 0 native plugins for Editor in 0.00 ms.
Unloading 16 Unused Serialized files (Serialized files now loaded: 0)
Unloading 6201 unused Assets / (4.2 MB). Loaded Objects now: 7703.
Memory consumption went from 173.7 MB to 169.5 MB.
Total: 6.507100 ms (FindLiveObjects: 0.609500 ms CreateObjectMapping: 0.458900 ms MarkObjects: 3.905700 ms  DeleteObjects: 1.532300 ms)

Prepare: number of updated asset objects reloaded= 0
========================================================================
Received Import Request.
  Time since last request: 29.871876 seconds.
  path: Assets/enemigos/SKM_ArachnidAlienHead_Lite Variant.prefab
  artifactKey: Guid(45558ddef0032d94ca70d3dbbfd64bbc) Importer(815301076,1909f56bfc062723c751e8b465ee728b)
Start importing Assets/enemigos/SKM_ArachnidAlienHead_Lite Variant.prefab using Guid(45558ddef0032d94ca70d3dbbfd64bbc) Importer(815301076,1909f56bfc062723c751e8b465ee728b) (PreviewImporter) -> (artifact id: 'db9f9d3faccfe0af1a8b99a516b1a1b2') in 0.3888136 seconds
Number of updated asset objects reloaded before import = 0Number of asset objects unloaded after import = 184

========================================================================
Received Import Request.
  Time since last request: 12.516439 seconds.
  path: Assets/enemigos/SKM_ArachnidAlienHead_Lite Variant.prefab
  artifactKey: Guid(45558ddef0032d94ca70d3dbbfd64bbc) Importer(815301076,1909f56bfc062723c751e8b465ee728b)
Start importing Assets/enemigos/SKM_ArachnidAlienHead_Lite Variant.prefab using Guid(45558ddef0032d94ca70d3dbbfd64bbc) Importer(815301076,1909f56bfc062723c751e8b465ee728b) (PreviewImporter) -> (artifact id: 'af9e2316f135d711907f5baf70925ce0') in 0.0142033 seconds
Number of updated asset objects reloaded before import = 0Number of asset objects unloaded after import = 184

========================================================================
Received Prepare
Begin MonoManager ReloadAssembly
- Loaded All Assemblies, in  0.623 seconds
Refreshing native plugins compatible for Editor in 0.58 ms, found 3 plugins.
Native extension for WindowsStandalone target not found
[Package Manager] Failed to launch server process. Reason: Unity was launched with the -noUpm command-line argument
[Package Manager] Unable to send message (not connected to server process).
[Package Manager] Cannot connect to Unity Package Manager local server
ScheduleIndexationOnStartup MainProcess:False IndexOnStartup:True
Mono: successfully reloaded assembly
- Finished resetting the current domain, in  0.628 seconds
Domain Reload Profiling: 1252ms
	BeginReloadAssembly (196ms)
		ExecutionOrderSort (0ms)
		DisableScriptedObjects (17ms)
		BackupInstance (0ms)
		ReleaseScriptingObjects (0ms)
		CreateAndSetChildDomain (55ms)
	RebuildCommonClasses (28ms)
	RebuildNativeTypeToScriptingClass (10ms)
	initialDomainReloadingComplete (30ms)
	LoadAllAssembliesAndSetupDomain (359ms)
		LoadAssemblies (285ms)
		RebuildTransferFunctionScriptingTraits (0ms)
		AnalyzeDomain (148ms)
			TypeCache.Refresh (6ms)
				TypeCache.ScanAssembly (0ms)
			BuildScriptInfoCaches (130ms)
			ResolveRequiredComponents (9ms)
	FinalizeReload (629ms)
		ReleaseScriptCaches (0ms)
		RebuildScriptCaches (0ms)
		SetupLoadedEditorAssemblies (504ms)
			LogAssemblyErrors (0ms)
			InitializePlatformSupportModulesInManaged (1ms)
			SetLoadedEditorAssemblies (4ms)
			BeforeProcessingInitializeOnLoad (110ms)
			ProcessInitializeOnLoadAttributes (335ms)
			ProcessInitializeOnLoadMethodAttributes (49ms)
			AfterProcessingInitializeOnLoad (4ms)
			EditorAssembliesLoaded (0ms)
		ExecutionOrderSort2 (0ms)
		AwakeInstancesAfterBackupRestoration (14ms)
Refreshing native plugins compatible for Editor in 0.67 ms, found 3 plugins.
Preloading 0 native plugins for Editor in 0.00 ms.
Unloading 16 Unused Serialized files (Serialized files now loaded: 0)
Unloading 6201 unused Assets / (4.0 MB). Loaded Objects now: 7726.
Memory consumption went from 173.9 MB to 169.9 MB.
Total: 6.285300 ms (FindLiveObjects: 0.523700 ms CreateObjectMapping: 0.450600 ms MarkObjects: 3.853800 ms  DeleteObjects: 1.456400 ms)

Prepare: number of updated asset objects reloaded= 0
========================================================================
Received Import Request.
  Time since last request: 167.433258 seconds.
  path: Assets/Stocklancer/ArachnidAlienHead_Lite/Prefabs/AnimPreview.prefab
  artifactKey: Guid(5989422cb4c503d4f947d7705f01df64) Importer(815301076,1909f56bfc062723c751e8b465ee728b)
Start importing Assets/Stocklancer/ArachnidAlienHead_Lite/Prefabs/AnimPreview.prefab using Guid(5989422cb4c503d4f947d7705f01df64) Importer(815301076,1909f56bfc062723c751e8b465ee728b) (PreviewImporter) -> (artifact id: '407331936e93dcc728b9165ba74bafe3') in 0.3877255 seconds
Number of updated asset objects reloaded before import = 0Number of asset objects unloaded after import = 99

========================================================================
Received Prepare
Refreshing native plugins compatible for Editor in 24.31 ms, found 3 plugins.
Preloading 0 native plugins for Editor in 0.00 ms.
Unloading 16 Unused Serialized files (Serialized files now loaded: 0)
Unloading 6195 unused Assets / (5.1 MB). Loaded Objects now: 7838.
Memory consumption went from 178.9 MB to 173.8 MB.
Total: 533.316100 ms (FindLiveObjects: 3.280000 ms CreateObjectMapping: 10.909700 ms MarkObjects: 488.859900 ms  DeleteObjects: 30.264400 ms)

Prepare: number of updated asset objects reloaded= 0
========================================================================
Received Prepare
Begin MonoManager ReloadAssembly
[Licensing::Client] Successfully resolved entitlement details
- Loaded All Assemblies, in  1.078 seconds
Refreshing native plugins compatible for Editor in 1.50 ms, found 3 plugins.
Native extension for WindowsStandalone target not found
[Package Manager] Failed to launch server process. Reason: Unity was launched with the -noUpm command-line argument
[Package Manager] Unable to send message (not connected to server process).
[Package Manager] Cannot connect to Unity Package Manager local server
ScheduleIndexationOnStartup MainProcess:False IndexOnStartup:True
Mono: successfully reloaded assembly
- Finished resetting the current domain, in  1.017 seconds
Domain Reload Profiling: 2091ms
	BeginReloadAssembly (264ms)
		ExecutionOrderSort (0ms)
		DisableScriptedObjects (26ms)
		BackupInstance (0ms)
		ReleaseScriptingObjects (0ms)
		CreateAndSetChildDomain (55ms)
	RebuildCommonClasses (43ms)
	RebuildNativeTypeToScriptingClass (17ms)
	initialDomainReloadingComplete (46ms)
	LoadAllAssembliesAndSetupDomain (703ms)
		LoadAssemblies (562ms)
		RebuildTransferFunctionScriptingTraits (0ms)
		AnalyzeDomain (264ms)
			TypeCache.Refresh (11ms)
				TypeCache.ScanAssembly (0ms)
			BuildScriptInfoCaches (225ms)
			ResolveRequiredComponents (23ms)
	FinalizeReload (1018ms)
		ReleaseScriptCaches (0ms)
		RebuildScriptCaches (0ms)
		SetupLoadedEditorAssemblies (785ms)
			LogAssemblyErrors (0ms)
			InitializePlatformSupportModulesInManaged (2ms)
			SetLoadedEditorAssemblies (8ms)
			BeforeProcessingInitializeOnLoad (276ms)
			ProcessInitializeOnLoadAttributes (443ms)
			ProcessInitializeOnLoadMethodAttributes (50ms)
			AfterProcessingInitializeOnLoad (4ms)
			EditorAssembliesLoaded (0ms)
		ExecutionOrderSort2 (0ms)
		AwakeInstancesAfterBackupRestoration (15ms)
Refreshing native plugins compatible for Editor in 0.85 ms, found 3 plugins.
Preloading 0 native plugins for Editor in 0.00 ms.
Unloading 16 Unused Serialized files (Serialized files now loaded: 0)
Unloading 6201 unused Assets / (4.1 MB). Loaded Objects now: 7749.
Memory consumption went from 173.9 MB to 169.8 MB.
Total: 6.445000 ms (FindLiveObjects: 0.601100 ms CreateObjectMapping: 0.426100 ms MarkObjects: 3.844900 ms  DeleteObjects: 1.572100 ms)

Prepare: number of updated asset objects reloaded= 0
========================================================================
Received Prepare
Begin MonoManager ReloadAssembly
- Loaded All Assemblies, in  0.594 seconds
Refreshing native plugins compatible for Editor in 0.59 ms, found 3 plugins.
Native extension for WindowsStandalone target not found
[Package Manager] Failed to launch server process. Reason: Unity was launched with the -noUpm command-line argument
[Package Manager] Unable to send message (not connected to server process).
[Package Manager] Cannot connect to Unity Package Manager local server
ScheduleIndexationOnStartup MainProcess:False IndexOnStartup:True
Mono: successfully reloaded assembly
- Finished resetting the current domain, in  0.625 seconds
Domain Reload Profiling: 1219ms
	BeginReloadAssembly (178ms)
		ExecutionOrderSort (0ms)
		DisableScriptedObjects (5ms)
		BackupInstance (0ms)
		ReleaseScriptingObjects (0ms)
		CreateAndSetChildDomain (39ms)
	RebuildCommonClasses (27ms)
	RebuildNativeTypeToScriptingClass (10ms)
	initialDomainReloadingComplete (22ms)
	LoadAllAssembliesAndSetupDomain (357ms)
		LoadAssemblies (293ms)
		RebuildTransferFunctionScriptingTraits (0ms)
		AnalyzeDomain (147ms)
			TypeCache.Refresh (6ms)
				TypeCache.ScanAssembly (0ms)
			BuildScriptInfoCaches (129ms)
			ResolveRequiredComponents (8ms)
	FinalizeReload (625ms)
		ReleaseScriptCaches (0ms)
		RebuildScriptCaches (0ms)
		SetupLoadedEditorAssemblies (497ms)
			LogAssemblyErrors (0ms)
			InitializePlatformSupportModulesInManaged (1ms)
			SetLoadedEditorAssemblies (4ms)
			BeforeProcessingInitializeOnLoad (108ms)
			ProcessInitializeOnLoadAttributes (331ms)
			ProcessInitializeOnLoadMethodAttributes (48ms)
			AfterProcessingInitializeOnLoad (5ms)
			EditorAssembliesLoaded (0ms)
		ExecutionOrderSort2 (0ms)
		AwakeInstancesAfterBackupRestoration (14ms)
Refreshing native plugins compatible for Editor in 0.66 ms, found 3 plugins.
Preloading 0 native plugins for Editor in 0.00 ms.
Unloading 16 Unused Serialized files (Serialized files now loaded: 0)
Unloading 6201 unused Assets / (4.1 MB). Loaded Objects now: 7752.
Memory consumption went from 173.9 MB to 169.8 MB.
Total: 6.170600 ms (FindLiveObjects: 0.512100 ms CreateObjectMapping: 0.418100 ms MarkObjects: 3.811800 ms  DeleteObjects: 1.428200 ms)

Prepare: number of updated asset objects reloaded= 0
========================================================================
Received Import Request.
  Time since last request: 803.044792 seconds.
  path: Assets/Scripts/DamageFlash.cs
  artifactKey: Guid(b9440862576ed3d469e5b9cf979a4bb8) Importer(2089858483,b0f066a214c2f5e87bad3c948f4d605d)
Start importing Assets/Scripts/DamageFlash.cs using Guid(b9440862576ed3d469e5b9cf979a4bb8) Importer(2089858483,b0f066a214c2f5e87bad3c948f4d605d) (ScriptedImporter) -> (artifact id: '4a716a2c876d8d8378f4962da4d78928') in 0.0845389 seconds
Number of updated asset objects reloaded before import = 0Number of asset objects unloaded after import = 0

========================================================================
Received Import Request.
  Time since last request: 0.000031 seconds.
  path: Assets/TextMesh Pro/Shaders/TMP_SDF.shader
  artifactKey: Guid(68e6db2ebdc24f95958faec2be5558d6) Importer(2089858483,b0f066a214c2f5e87bad3c948f4d605d)
Start importing Assets/TextMesh Pro/Shaders/TMP_SDF.shader using Guid(68e6db2ebdc24f95958faec2be5558d6) Importer(2089858483,b0f066a214c2f5e87bad3c948f4d605d) (ScriptedImporter)Shader 'TextMeshPro/Distance Field': fallback shader 'TextMeshPro/Mobile/Distance Field' not found
 -> (artifact id: 'f866f20cb7c4bfbc4e0c27b1852f93b7') in 0.0164142 seconds
Number of updated asset objects reloaded before import = 0Number of asset objects unloaded after import = 1

========================================================================
Received Import Request.
  Time since last request: 0.000034 seconds.
  path: Assets/TextMesh Pro/Fonts/LiberationSans.ttf
  artifactKey: Guid(e3265ab4bf004d28a9537516768c1c75) Importer(2089858483,b0f066a214c2f5e87bad3c948f4d605d)
Start importing Assets/TextMesh Pro/Fonts/LiberationSans.ttf using Guid(e3265ab4bf004d28a9537516768c1c75) Importer(2089858483,b0f066a214c2f5e87bad3c948f4d605d) (ScriptedImporter) -> (artifact id: 'd6eb3c2d0126f2db97a17ee0742334f0') in 0.0236083 seconds
Number of updated asset objects reloaded before import = 0Number of asset objects unloaded after import = 3

========================================================================
Received Import Request.
  Time since last request: 0.000013 seconds.
  path: Assets/TextMesh Pro
  artifactKey: Guid(f54d1bd14bd3ca042bd867b519fee8cc) Importer(2089858483,b0f066a214c2f5e87bad3c948f4d605d)
Start importing Assets/TextMesh Pro using Guid(f54d1bd14bd3ca042bd867b519fee8cc) Importer(2089858483,b0f066a214c2f5e87bad3c948f4d605d) (ScriptedImporter) -> (artifact id: '46ac663b23339864257ac58c066efc3d') in 0.0024833 seconds
Number of updated asset objects reloaded before import = 0Number of asset objects unloaded after import = 1

========================================================================
Received Import Request.
  Time since last request: 0.000015 seconds.
  path: Assets/TextMesh Pro/Resources
  artifactKey: Guid(243e06394e614e5d99fab26083b707fa) Importer(2089858483,b0f066a214c2f5e87bad3c948f4d605d)
Start importing Assets/TextMesh Pro/Resources using Guid(243e06394e614e5d99fab26083b707fa) Importer(2089858483,b0f066a214c2f5e87bad3c948f4d605d) (ScriptedImporter) -> (artifact id: '6c30676ed686eae969b0c493b0e29183') in 0.0029231 seconds
Number of updated asset objects reloaded before import = 0Number of asset objects unloaded after import = 1

========================================================================
Received Import Request.
  Time since last request: 0.000017 seconds.
  path: Assets/TextMesh Pro/Shaders/TMP_SDF-URP Lit.shadergraph
  artifactKey: Guid(a3d800b099a06e0478fb790c5e79057a) Importer(2089858483,b0f066a214c2f5e87bad3c948f4d605d)
Start importing Assets/TextMesh Pro/Shaders/TMP_SDF-URP Lit.shadergraph using Guid(a3d800b099a06e0478fb790c5e79057a) Importer(2089858483,b0f066a214c2f5e87bad3c948f4d605d) (ScriptedImporter) -> (artifact id: '11a49a802594e51886b2b9fe519235dc') in 0.2229203 seconds
Number of updated asset objects reloaded before import = 0Number of asset objects unloaded after import = 4

========================================================================
Received Import Request.
  Time since last request: 0.000021 seconds.
  path: Assets/New Material.mat
  artifactKey: Guid(8af2a629d302ab54dbf6d75a7100169f) Importer(2089858483,b0f066a214c2f5e87bad3c948f4d605d)
Start importing Assets/New Material.mat using Guid(8af2a629d302ab54dbf6d75a7100169f) Importer(2089858483,b0f066a214c2f5e87bad3c948f4d605d) (ScriptedImporter) -> (artifact id: '764d94c7956c1a28b2b84d3f06cb135e') in 0.0124507 seconds
Number of updated asset objects reloaded before import = 0Number of asset objects unloaded after import = 1

========================================================================
Received Import Request.
  Time since last request: 0.000025 seconds.
  path: Assets/TextMesh Pro/Shaders/TMP_SDF-URP Unlit.shadergraph
  artifactKey: Guid(124c112a6e8f1a54e8b0870e881b56d8) Importer(2089858483,b0f066a214c2f5e87bad3c948f4d605d)
Start importing Assets/TextMesh Pro/Shaders/TMP_SDF-URP Unlit.shadergraph using Guid(124c112a6e8f1a54e8b0870e881b56d8) Importer(2089858483,b0f066a214c2f5e87bad3c948f4d605d) (ScriptedImporter) -> (artifact id: '48be1f784217f37aa4bdf11e4f4ce864') in 0.1810226 seconds
Number of updated asset objects reloaded before import = 0Number of asset objects unloaded after import = 4

========================================================================
Received Import Request.
  Time since last request: 0.000023 seconds.
  path: Assets/TextMesh Pro/Fonts/LiberationSans - OFL.txt
  artifactKey: Guid(6e59c59b81ab47f9b6ec5781fa725d2c) Importer(2089858483,b0f066a214c2f5e87bad3c948f4d605d)
Start importing Assets/TextMesh Pro/Fonts/LiberationSans - OFL.txt using Guid(6e59c59b81ab47f9b6ec5781fa725d2c) Importer(2089858483,b0f066a214c2f5e87bad3c948f4d605d) (ScriptedImporter) -> (artifact id: '19ddb25b82a76979908f46ce3946a583') in 0.0040756 seconds
Number of updated asset objects reloaded before import = 0Number of asset objects unloaded after import = 1

========================================================================
Received Import Request.
  Time since last request: 0.000027 seconds.
  path: Assets/TextMesh Pro/Shaders/TMP_SDF-Mobile Masking.shader
  artifactKey: Guid(bc1ede39bf3643ee8e493720e4259791) Importer(2089858483,b0f066a214c2f5e87bad3c948f4d605d)
Start importing Assets/TextMesh Pro/Shaders/TMP_SDF-Mobile Masking.shader using Guid(bc1ede39bf3643ee8e493720e4259791) Importer(2089858483,b0f066a214c2f5e87bad3c948f4d605d) (ScriptedImporter) -> (artifact id: '6e55ca8d5b5e673f5664e73a6833c795') in 0.0044454 seconds
Number of updated asset objects reloaded before import = 0Number of asset objects unloaded after import = 1

========================================================================
Received Import Request.
  Time since last request: 0.000013 seconds.
  path: Assets/TextMesh Pro/Shaders/TMP_SDF-Mobile-2-Pass.shader
  artifactKey: Guid(0178fcb869bafef4690d177d31d17db8) Importer(2089858483,b0f066a214c2f5e87bad3c948f4d605d)
Start importing Assets/TextMesh Pro/Shaders/TMP_SDF-Mobile-2-Pass.shader using Guid(0178fcb869bafef4690d177d31d17db8) Importer(2089858483,b0f066a214c2f5e87bad3c948f4d605d) (ScriptedImporter) -> (artifact id: '9ace84b5c7ff30bb4dd7c05c4fccd4ba') in 0.0043935 seconds
Number of updated asset objects reloaded before import = 0Number of asset objects unloaded after import = 1

========================================================================
Received Import Request.
  Time since last request: 0.000023 seconds.
  path: Assets/TextMesh Pro/Shaders/TMP_SDF-HDRP LIT.shadergraph
  artifactKey: Guid(ca2ed216f98028c4dae6c5224a952b3c) Importer(2089858483,b0f066a214c2f5e87bad3c948f4d605d)
Start importing Assets/TextMesh Pro/Shaders/TMP_SDF-HDRP LIT.shadergraph using Guid(ca2ed216f98028c4dae6c5224a952b3c) Importer(2089858483,b0f066a214c2f5e87bad3c948f4d605d) (ScriptedImporter) -> (artifact id: '30bfbcc8b9ee1b2ac2e4aca94e4f60d3') in 0.0057663 seconds
Number of updated asset objects reloaded before import = 0Number of asset objects unloaded after import = 3

========================================================================
Received Import Request.
  Time since last request: 0.000020 seconds.
  path: Assets/TextMesh Pro/Shaders/TMP_SDF-Surface-Mobile.shader
  artifactKey: Guid(85187c2149c549c5b33f0cdb02836b17) Importer(2089858483,b0f066a214c2f5e87bad3c948f4d605d)
Start importing Assets/TextMesh Pro/Shaders/TMP_SDF-Surface-Mobile.shader using Guid(85187c2149c549c5b33f0cdb02836b17) Importer(2089858483,b0f066a214c2f5e87bad3c948f4d605d) (ScriptedImporter) -> (artifact id: 'e08094e945f58e67c1867a4d42da71d6') in 0.0038665 seconds
Number of updated asset objects reloaded before import = 0Number of asset objects unloaded after import = 1

========================================================================
Received Import Request.
  Time since last request: 0.000017 seconds.
  path: Assets/TextMesh Pro/Shaders/TMP_SDF SSD.shader
  artifactKey: Guid(14eb328de4b8eb245bb7cea29e4ac00b) Importer(2089858483,b0f066a214c2f5e87bad3c948f4d605d)
Start importing Assets/TextMesh Pro/Shaders/TMP_SDF SSD.shader using Guid(14eb328de4b8eb245bb7cea29e4ac00b) Importer(2089858483,b0f066a214c2f5e87bad3c948f4d605d) (ScriptedImporter)Shader 'TextMeshPro/Distance Field SSD': fallback shader 'TextMeshPro/Mobile/Distance Field' not found
 -> (artifact id: '50217bbe5f83e9dbe378a331ad1a9f0f') in 0.0054699 seconds
Number of updated asset objects reloaded before import = 0Number of asset objects unloaded after import = 1

========================================================================
Received Import Request.
  Time since last request: 0.000019 seconds.
  path: Assets/TextMesh Pro/Resources/Sprite Assets
  artifactKey: Guid(512a49d95c0c4332bdd98131869c23c9) Importer(2089858483,b0f066a214c2f5e87bad3c948f4d605d)
Start importing Assets/TextMesh Pro/Resources/Sprite Assets using Guid(512a49d95c0c4332bdd98131869c23c9) Importer(2089858483,b0f066a214c2f5e87bad3c948f4d605d) (ScriptedImporter) -> (artifact id: 'c8079511f384bd013af6f1bfb32a6191') in 0.0031744 seconds
Number of updated asset objects reloaded before import = 0Number of asset objects unloaded after import = 1

========================================================================
Received Import Request.
  Time since last request: 0.000021 seconds.
  path: Assets/TextMesh Pro/Resources/TMP Settings.asset
  artifactKey: Guid(3f5b5dff67a942289a9defa416b206f3) Importer(2089858483,b0f066a214c2f5e87bad3c948f4d605d)
Start importing Assets/TextMesh Pro/Resources/TMP Settings.asset using Guid(3f5b5dff67a942289a9defa416b206f3) Importer(2089858483,b0f066a214c2f5e87bad3c948f4d605d) (ScriptedImporter) -> (artifact id: '0b67fe9a8cba4c5d9e9dfd4b2c9f3d1f') in 0.0268555 seconds
Number of updated asset objects reloaded before import = 0Number of asset objects unloaded after import = 17

========================================================================
Received Import Request.
  Time since last request: 0.000032 seconds.
  path: Assets/TextMesh Pro/Resources/LineBreaking Following Characters.txt
  artifactKey: Guid(fade42e8bc714b018fac513c043d323b) Importer(2089858483,b0f066a214c2f5e87bad3c948f4d605d)
Start importing Assets/TextMesh Pro/Resources/LineBreaking Following Characters.txt using Guid(fade42e8bc714b018fac513c043d323b) Importer(2089858483,b0f066a214c2f5e87bad3c948f4d605d) (ScriptedImporter) -> (artifact id: '9a85c410ec3f63050fa9f3e5f437bbe1') in 0.0033922 seconds
Number of updated asset objects reloaded before import = 0Number of asset objects unloaded after import = 1

========================================================================
Received Import Request.
  Time since last request: 0.000015 seconds.
  path: Assets/TextMesh Pro/Sprites/EmojiOne.json
  artifactKey: Guid(8f05276190cf498a8153f6cbe761d4e6) Importer(2089858483,b0f066a214c2f5e87bad3c948f4d605d)
Start importing Assets/TextMesh Pro/Sprites/EmojiOne.json using Guid(8f05276190cf498a8153f6cbe761d4e6) Importer(2089858483,b0f066a214c2f5e87bad3c948f4d605d) (ScriptedImporter) -> (artifact id: 'd43c0044b75925442c0308791fc9d1a5') in 0.0030275 seconds
Number of updated asset objects reloaded before import = 0Number of asset objects unloaded after import = 1

========================================================================
Received Import Request.
  Time since last request: 0.000016 seconds.
  path: Assets/TextMesh Pro/Sprites/EmojiOne.png
  artifactKey: Guid(dffef66376be4fa480fb02b19edbe903) Importer(2089858483,b0f066a214c2f5e87bad3c948f4d605d)
Start importing Assets/TextMesh Pro/Sprites/EmojiOne.png using Guid(dffef66376be4fa480fb02b19edbe903) Importer(2089858483,b0f066a214c2f5e87bad3c948f4d605d) (ScriptedImporter) -> (artifact id: '618a12e417fcf1548f1f4eb0596e96c3') in 0.031395 seconds
Number of updated asset objects reloaded before import = 0Number of asset objects unloaded after import = 1

========================================================================
Received Prepare
Refreshing native plugins compatible for Editor in 0.82 ms, found 3 plugins.
Preloading 0 native plugins for Editor in 0.00 ms.
Unloading 32 Unused Serialized files (Serialized files now loaded: 0)
Unloading 6211 unused Assets / (5.9 MB). Loaded Objects now: 7756.
Memory consumption went from 180.7 MB to 174.8 MB.
Total: 9.154200 ms (FindLiveObjects: 0.610600 ms CreateObjectMapping: 0.498600 ms MarkObjects: 5.446900 ms  DeleteObjects: 2.596600 ms)

Prepare: number of updated asset objects reloaded= 0
========================================================================
Received Import Request.
  Time since last request: 0.650494 seconds.
  path: Assets/Scripts/BossHealthUI.cs
  artifactKey: Guid(de42f2f5bfb37644f98388d071086b56) Importer(815301076,1909f56bfc062723c751e8b465ee728b)
Start importing Assets/Scripts/BossHealthUI.cs using Guid(de42f2f5bfb37644f98388d071086b56) Importer(815301076,1909f56bfc062723c751e8b465ee728b) (PreviewImporter) -> (artifact id: '4e07fed07800619955a6cae28e1f5903') in 0.006953 seconds
Number of updated asset objects reloaded before import = 0Number of asset objects unloaded after import = 0

========================================================================
Received Import Request.
  Time since last request: 0.439331 seconds.
  path: Assets/Scripts/BossHealthUI.cs
  artifactKey: Guid(de42f2f5bfb37644f98388d071086b56) Importer(2089858483,b0f066a214c2f5e87bad3c948f4d605d)
Start importing Assets/Scripts/BossHealthUI.cs using Guid(de42f2f5bfb37644f98388d071086b56) Importer(2089858483,b0f066a214c2f5e87bad3c948f4d605d) (ScriptedImporter) -> (artifact id: 'ec3cb8e77678d4e8b83fb4a8eb10a077') in 0.0027426 seconds
Number of updated asset objects reloaded before import = 0Number of asset objects unloaded after import = 0

========================================================================
Received Prepare
Begin MonoManager ReloadAssembly
[Licensing::Client] Successfully resolved entitlement details
- Loaded All Assemblies, in  0.728 seconds
Refreshing native plugins compatible for Editor in 0.66 ms, found 3 plugins.
Native extension for WindowsStandalone target not found
[Package Manager] Failed to launch server process. Reason: Unity was launched with the -noUpm command-line argument
[Package Manager] Unable to send message (not connected to server process).
[Package Manager] Cannot connect to Unity Package Manager local server
ScheduleIndexationOnStartup MainProcess:False IndexOnStartup:True
Mono: successfully reloaded assembly
- Finished resetting the current domain, in  0.828 seconds
Domain Reload Profiling: 1557ms
	BeginReloadAssembly (227ms)
		ExecutionOrderSort (0ms)
		DisableScriptedObjects (5ms)
		BackupInstance (0ms)
		ReleaseScriptingObjects (0ms)
		CreateAndSetChildDomain (66ms)
	RebuildCommonClasses (35ms)
	RebuildNativeTypeToScriptingClass (10ms)
	initialDomainReloadingComplete (26ms)
	LoadAllAssembliesAndSetupDomain (431ms)
		LoadAssemblies (353ms)
		RebuildTransferFunctionScriptingTraits (0ms)
		AnalyzeDomain (172ms)
			TypeCache.Refresh (9ms)
				TypeCache.ScanAssembly (0ms)
			BuildScriptInfoCaches (151ms)
			ResolveRequiredComponents (8ms)
	FinalizeReload (828ms)
		ReleaseScriptCaches (0ms)
		RebuildScriptCaches (0ms)
		SetupLoadedEditorAssemblies (639ms)
			LogAssemblyErrors (0ms)
			InitializePlatformSupportModulesInManaged (2ms)
			SetLoadedEditorAssemblies (7ms)
			BeforeProcessingInitializeOnLoad (141ms)
			ProcessInitializeOnLoadAttributes (431ms)
			ProcessInitializeOnLoadMethodAttributes (52ms)
			AfterProcessingInitializeOnLoad (5ms)
			EditorAssembliesLoaded (0ms)
		ExecutionOrderSort2 (0ms)
		AwakeInstancesAfterBackupRestoration (21ms)
Refreshing native plugins compatible for Editor in 0.65 ms, found 3 plugins.
Preloading 0 native plugins for Editor in 0.00 ms.
Unloading 30 Unused Serialized files (Serialized files now loaded: 0)
Unloading 6216 unused Assets / (5.6 MB). Loaded Objects now: 7759.
Memory consumption went from 179.3 MB to 173.7 MB.
Total: 6.983900 ms (FindLiveObjects: 0.520200 ms CreateObjectMapping: 0.414500 ms MarkObjects: 3.885900 ms  DeleteObjects: 2.162500 ms)

Prepare: number of updated asset objects reloaded= 0
========================================================================
Received Prepare
Refreshing native plugins compatible for Editor in 8.63 ms, found 3 plugins.
Preloading 0 native plugins for Editor in 0.00 ms.
Unloading 30 Unused Serialized files (Serialized files now loaded: 0)
Unloading 6210 unused Assets / (4.7 MB). Loaded Objects now: 7759.
Memory consumption went from 179.5 MB to 174.8 MB.
Total: 27.664000 ms (FindLiveObjects: 1.140100 ms CreateObjectMapping: 0.839500 ms MarkObjects: 18.521900 ms  DeleteObjects: 7.159800 ms)

Prepare: number of updated asset objects reloaded= 0
========================================================================
Received Prepare
Begin MonoManager ReloadAssembly
- Loaded All Assemblies, in  2.576 seconds
Refreshing native plugins compatible for Editor in 2.04 ms, found 3 plugins.
Native extension for WindowsStandalone target not found
[Package Manager] Failed to launch server process. Reason: Unity was launched with the -noUpm command-line argument
[Package Manager] Unable to send message (not connected to server process).
[Package Manager] Cannot connect to Unity Package Manager local server
ScheduleIndexationOnStartup MainProcess:False IndexOnStartup:True
Mono: successfully reloaded assembly
- Finished resetting the current domain, in  2.678 seconds
Domain Reload Profiling: 5217ms
	BeginReloadAssembly (517ms)
		ExecutionOrderSort (0ms)
		DisableScriptedObjects (17ms)
		BackupInstance (0ms)
		ReleaseScriptingObjects (0ms)
		CreateAndSetChildDomain (104ms)
	RebuildCommonClasses (288ms)
	RebuildNativeTypeToScriptingClass (59ms)
	initialDomainReloadingComplete (141ms)
	LoadAllAssembliesAndSetupDomain (1532ms)
		LoadAssemblies (1361ms)
		RebuildTransferFunctionScriptingTraits (0ms)
		AnalyzeDomain (423ms)
			TypeCache.Refresh (23ms)
				TypeCache.ScanAssembly (2ms)
			BuildScriptInfoCaches (368ms)
			ResolveRequiredComponents (23ms)
	FinalizeReload (2680ms)
		ReleaseScriptCaches (0ms)
		RebuildScriptCaches (0ms)
		SetupLoadedEditorAssemblies (2219ms)
			LogAssemblyErrors (0ms)
			InitializePlatformSupportModulesInManaged (7ms)
			SetLoadedEditorAssemblies (22ms)
			BeforeProcessingInitializeOnLoad (645ms)
			ProcessInitializeOnLoadAttributes (1356ms)
			ProcessInitializeOnLoadMethodAttributes (171ms)
			AfterProcessingInitializeOnLoad (18ms)
			EditorAssembliesLoaded (1ms)
		ExecutionOrderSort2 (0ms)
		AwakeInstancesAfterBackupRestoration (50ms)
Refreshing native plugins compatible for Editor in 1.69 ms, found 3 plugins.
Preloading 0 native plugins for Editor in 0.00 ms.
Unloading 30 Unused Serialized files (Serialized files now loaded: 0)
Unloading 6216 unused Assets / (5.6 MB). Loaded Objects now: 7762.
Memory consumption went from 179.4 MB to 173.8 MB.
Total: 9.979400 ms (FindLiveObjects: 0.987900 ms CreateObjectMapping: 0.583900 ms MarkObjects: 5.476600 ms  DeleteObjects: 2.929500 ms)

Prepare: number of updated asset objects reloaded= 0
========================================================================
Received Prepare
Refreshing native plugins compatible for Editor in 2.52 ms, found 3 plugins.
Preloading 0 native plugins for Editor in 0.00 ms.
Unloading 30 Unused Serialized files (Serialized files now loaded: 0)
Unloading 6210 unused Assets / (3.9 MB). Loaded Objects now: 7762.
Memory consumption went from 179.6 MB to 175.7 MB.
Total: 18.551000 ms (FindLiveObjects: 1.392500 ms CreateObjectMapping: 0.917600 ms MarkObjects: 12.278000 ms  DeleteObjects: 3.952900 ms)

Prepare: number of updated asset objects reloaded= 0
========================================================================
Received Prepare
Begin MonoManager ReloadAssembly
- Loaded All Assemblies, in  1.195 seconds
Refreshing native plugins compatible for Editor in 0.97 ms, found 3 plugins.
Native extension for WindowsStandalone target not found
[Package Manager] Failed to launch server process. Reason: Unity was launched with the -noUpm command-line argument
[Package Manager] Unable to send message (not connected to server process).
[Package Manager] Cannot connect to Unity Package Manager local server
ScheduleIndexationOnStartup MainProcess:False IndexOnStartup:True
Mono: successfully reloaded assembly
- Finished resetting the current domain, in  0.685 seconds
Domain Reload Profiling: 1865ms
	BeginReloadAssembly (488ms)
		ExecutionOrderSort (0ms)
		DisableScriptedObjects (10ms)
		BackupInstance (0ms)
		ReleaseScriptingObjects (0ms)
		CreateAndSetChildDomain (107ms)
	RebuildCommonClasses (83ms)
	RebuildNativeTypeToScriptingClass (35ms)
	initialDomainReloadingComplete (81ms)
	LoadAllAssembliesAndSetupDomain (493ms)
		LoadAssemblies (548ms)
		RebuildTransferFunctionScriptingTraits (0ms)
		AnalyzeDomain (183ms)
			TypeCache.Refresh (10ms)
				TypeCache.ScanAssembly (0ms)
			BuildScriptInfoCaches (160ms)
			ResolveRequiredComponents (8ms)
	FinalizeReload (685ms)
		ReleaseScriptCaches (0ms)
		RebuildScriptCaches (0ms)
		SetupLoadedEditorAssemblies (545ms)
			LogAssemblyErrors (0ms)
			InitializePlatformSupportModulesInManaged (2ms)
			SetLoadedEditorAssemblies (5ms)
			BeforeProcessingInitializeOnLoad (135ms)
			ProcessInitializeOnLoadAttributes (349ms)
			ProcessInitializeOnLoadMethodAttributes (50ms)
			AfterProcessingInitializeOnLoad (4ms)
			EditorAssembliesLoaded (0ms)
		ExecutionOrderSort2 (0ms)
		AwakeInstancesAfterBackupRestoration (15ms)
Refreshing native plugins compatible for Editor in 0.69 ms, found 3 plugins.
Preloading 0 native plugins for Editor in 0.00 ms.
Unloading 30 Unused Serialized files (Serialized files now loaded: 0)
Unloading 6216 unused Assets / (5.6 MB). Loaded Objects now: 7765.
Memory consumption went from 179.4 MB to 173.9 MB.
Total: 6.901600 ms (FindLiveObjects: 0.550900 ms CreateObjectMapping: 0.425800 ms MarkObjects: 3.836000 ms  DeleteObjects: 2.088200 ms)

Prepare: number of updated asset objects reloaded= 0
========================================================================
Received Prepare
Begin MonoManager ReloadAssembly
[Licensing::Client] Successfully resolved entitlement details
- Loaded All Assemblies, in  0.607 seconds
Refreshing native plugins compatible for Editor in 0.65 ms, found 3 plugins.
Native extension for WindowsStandalone target not found
[Package Manager] Failed to launch server process. Reason: Unity was launched with the -noUpm command-line argument
[Package Manager] Unable to send message (not connected to server process).
[Package Manager] Cannot connect to Unity Package Manager local server
ScheduleIndexationOnStartup MainProcess:False IndexOnStartup:True
Mono: successfully reloaded assembly
- Finished resetting the current domain, in  0.620 seconds
Domain Reload Profiling: 1227ms
	BeginReloadAssembly (181ms)
		ExecutionOrderSort (0ms)
		DisableScriptedObjects (5ms)
		BackupInstance (0ms)
		ReleaseScriptingObjects (0ms)
		CreateAndSetChildDomain (45ms)
	RebuildCommonClasses (28ms)
	RebuildNativeTypeToScriptingClass (10ms)
	initialDomainReloadingComplete (24ms)
	LoadAllAssembliesAndSetupDomain (364ms)
		LoadAssemblies (289ms)
		RebuildTransferFunctionScriptingTraits (0ms)
		AnalyzeDomain (152ms)
			TypeCache.Refresh (6ms)
				TypeCache.ScanAssembly (0ms)
			BuildScriptInfoCaches (134ms)
			ResolveRequiredComponents (8ms)
	FinalizeReload (620ms)
		ReleaseScriptCaches (0ms)
		RebuildScriptCaches (0ms)
		SetupLoadedEditorAssemblies (497ms)
			LogAssemblyErrors (0ms)
			InitializePlatformSupportModulesInManaged (1ms)
			SetLoadedEditorAssemblies (4ms)
			BeforeProcessingInitializeOnLoad (107ms)
			ProcessInitializeOnLoadAttributes (331ms)
			ProcessInitializeOnLoadMethodAttributes (49ms)
			AfterProcessingInitializeOnLoad (5ms)
			EditorAssembliesLoaded (0ms)
		ExecutionOrderSort2 (0ms)
		AwakeInstancesAfterBackupRestoration (14ms)
Refreshing native plugins compatible for Editor in 0.65 ms, found 3 plugins.
Preloading 0 native plugins for Editor in 0.00 ms.
Unloading 30 Unused Serialized files (Serialized files now loaded: 0)
Unloading 6216 unused Assets / (5.6 MB). Loaded Objects now: 7768.
Memory consumption went from 179.4 MB to 173.8 MB.
Total: 7.062700 ms (FindLiveObjects: 0.560400 ms CreateObjectMapping: 0.439000 ms MarkObjects: 3.873800 ms  DeleteObjects: 2.188700 ms)

Prepare: number of updated asset objects reloaded= 0
========================================================================
Received Import Request.
  Time since last request: 244.299879 seconds.
  path: Assets/enemigos/SKM_ArachnidAlienHead_Lite Variant.prefab
  artifactKey: Guid(45558ddef0032d94ca70d3dbbfd64bbc) Importer(815301076,1909f56bfc062723c751e8b465ee728b)
Start importing Assets/enemigos/SKM_ArachnidAlienHead_Lite Variant.prefab using Guid(45558ddef0032d94ca70d3dbbfd64bbc) Importer(815301076,1909f56bfc062723c751e8b465ee728b) (PreviewImporter) -> (artifact id: '941a9b38662b8d08dae6bf9ef772ac04') in 0.6337239 seconds
Number of updated asset objects reloaded before import = 0Number of asset objects unloaded after import = 184

========================================================================
Received Prepare
Begin MonoManager ReloadAssembly
[Licensing::Client] Successfully resolved entitlement details
- Loaded All Assemblies, in  0.650 seconds
Refreshing native plugins compatible for Editor in 0.63 ms, found 3 plugins.
Native extension for WindowsStandalone target not found
[Package Manager] Failed to launch server process. Reason: Unity was launched with the -noUpm command-line argument
[Package Manager] Unable to send message (not connected to server process).
[Package Manager] Cannot connect to Unity Package Manager local server
ScheduleIndexationOnStartup MainProcess:False IndexOnStartup:True
Mono: successfully reloaded assembly
- Finished resetting the current domain, in  0.648 seconds
Domain Reload Profiling: 1298ms
	BeginReloadAssembly (208ms)
		ExecutionOrderSort (0ms)
		DisableScriptedObjects (18ms)
		BackupInstance (0ms)
		ReleaseScriptingObjects (0ms)
		CreateAndSetChildDomain (58ms)
	RebuildCommonClasses (28ms)
	RebuildNativeTypeToScriptingClass (11ms)
	initialDomainReloadingComplete (28ms)
	LoadAllAssembliesAndSetupDomain (374ms)
		LoadAssemblies (306ms)
		RebuildTransferFunctionScriptingTraits (0ms)
		AnalyzeDomain (145ms)
			TypeCache.Refresh (6ms)
				TypeCache.ScanAssembly (0ms)
			BuildScriptInfoCaches (128ms)
			ResolveRequiredComponents (8ms)
	FinalizeReload (649ms)
		ReleaseScriptCaches (0ms)
		RebuildScriptCaches (0ms)
		SetupLoadedEditorAssemblies (520ms)
			LogAssemblyErrors (0ms)
			InitializePlatformSupportModulesInManaged (1ms)
			SetLoadedEditorAssemblies (4ms)
			BeforeProcessingInitializeOnLoad (115ms)
			ProcessInitializeOnLoadAttributes (342ms)
			ProcessInitializeOnLoadMethodAttributes (52ms)
			AfterProcessingInitializeOnLoad (5ms)
			EditorAssembliesLoaded (0ms)
		ExecutionOrderSort2 (0ms)
		AwakeInstancesAfterBackupRestoration (16ms)
Refreshing native plugins compatible for Editor in 0.66 ms, found 3 plugins.
Preloading 0 native plugins for Editor in 0.00 ms.
Unloading 30 Unused Serialized files (Serialized files now loaded: 0)
Unloading 6216 unused Assets / (5.6 MB). Loaded Objects now: 7791.
Memory consumption went from 179.7 MB to 174.0 MB.
Total: 7.136800 ms (FindLiveObjects: 0.519200 ms CreateObjectMapping: 0.426800 ms MarkObjects: 3.986800 ms  DeleteObjects: 2.203100 ms)

Prepare: number of updated asset objects reloaded= 0
========================================================================
Received Prepare
Begin MonoManager ReloadAssembly
[Licensing::Client] Successfully resolved entitlement details
- Loaded All Assemblies, in  0.622 seconds
Refreshing native plugins compatible for Editor in 0.63 ms, found 3 plugins.
Native extension for WindowsStandalone target not found
[Package Manager] Failed to launch server process. Reason: Unity was launched with the -noUpm command-line argument
[Package Manager] Unable to send message (not connected to server process).
[Package Manager] Cannot connect to Unity Package Manager local server
ScheduleIndexationOnStartup MainProcess:False IndexOnStartup:True
Mono: successfully reloaded assembly
- Finished resetting the current domain, in  0.645 seconds
Domain Reload Profiling: 1267ms
	BeginReloadAssembly (185ms)
		ExecutionOrderSort (0ms)
		DisableScriptedObjects (5ms)
		BackupInstance (0ms)
		ReleaseScriptingObjects (0ms)
		CreateAndSetChildDomain (44ms)
	RebuildCommonClasses (27ms)
	RebuildNativeTypeToScriptingClass (11ms)
	initialDomainReloadingComplete (24ms)
	LoadAllAssembliesAndSetupDomain (375ms)
		LoadAssemblies (300ms)
		RebuildTransferFunctionScriptingTraits (0ms)
		AnalyzeDomain (155ms)
			TypeCache.Refresh (6ms)
				TypeCache.ScanAssembly (0ms)
			BuildScriptInfoCaches (137ms)
			ResolveRequiredComponents (8ms)
	FinalizeReload (645ms)
		ReleaseScriptCaches (0ms)
		RebuildScriptCaches (0ms)
		SetupLoadedEditorAssemblies (515ms)
			LogAssemblyErrors (0ms)
			InitializePlatformSupportModulesInManaged (1ms)
			SetLoadedEditorAssemblies (4ms)
			BeforeProcessingInitializeOnLoad (115ms)
			ProcessInitializeOnLoadAttributes (341ms)
			ProcessInitializeOnLoadMethodAttributes (49ms)
			AfterProcessingInitializeOnLoad (5ms)
			EditorAssembliesLoaded (0ms)
		ExecutionOrderSort2 (0ms)
		AwakeInstancesAfterBackupRestoration (16ms)
Refreshing native plugins compatible for Editor in 0.70 ms, found 3 plugins.
Preloading 0 native plugins for Editor in 0.00 ms.
Unloading 30 Unused Serialized files (Serialized files now loaded: 0)
Unloading 6216 unused Assets / (5.5 MB). Loaded Objects now: 7794.
Memory consumption went from 179.6 MB to 174.0 MB.
Total: 6.914000 ms (FindLiveObjects: 0.535900 ms CreateObjectMapping: 0.419500 ms MarkObjects: 3.860100 ms  DeleteObjects: 2.097600 ms)

Prepare: number of updated asset objects reloaded= 0
========================================================================
Received Prepare
Begin MonoManager ReloadAssembly
[Licensing::Client] Successfully resolved entitlement details
- Loaded All Assemblies, in  0.623 seconds
Refreshing native plugins compatible for Editor in 0.61 ms, found 3 plugins.
Native extension for WindowsStandalone target not found
[Package Manager] Failed to launch server process. Reason: Unity was launched with the -noUpm command-line argument
[Package Manager] Unable to send message (not connected to server process).
[Package Manager] Cannot connect to Unity Package Manager local server
ScheduleIndexationOnStartup MainProcess:False IndexOnStartup:True
Mono: successfully reloaded assembly
- Finished resetting the current domain, in  0.650 seconds
Domain Reload Profiling: 1271ms
	BeginReloadAssembly (188ms)
		ExecutionOrderSort (0ms)
		DisableScriptedObjects (6ms)
		BackupInstance (0ms)
		ReleaseScriptingObjects (0ms)
		CreateAndSetChildDomain (45ms)
	RebuildCommonClasses (28ms)
	RebuildNativeTypeToScriptingClass (10ms)
	initialDomainReloadingComplete (24ms)
	LoadAllAssembliesAndSetupDomain (370ms)
		LoadAssemblies (302ms)
		RebuildTransferFunctionScriptingTraits (0ms)
		AnalyzeDomain (150ms)
			TypeCache.Refresh (6ms)
				TypeCache.ScanAssembly (0ms)
			BuildScriptInfoCaches (132ms)
			ResolveRequiredComponents (8ms)
	FinalizeReload (651ms)
		ReleaseScriptCaches (0ms)
		RebuildScriptCaches (0ms)
		SetupLoadedEditorAssemblies (515ms)
			LogAssemblyErrors (0ms)
			InitializePlatformSupportModulesInManaged (2ms)
			SetLoadedEditorAssemblies (4ms)
			BeforeProcessingInitializeOnLoad (108ms)
			ProcessInitializeOnLoadAttributes (347ms)
			ProcessInitializeOnLoadMethodAttributes (50ms)
			AfterProcessingInitializeOnLoad (4ms)
			EditorAssembliesLoaded (0ms)
		ExecutionOrderSort2 (0ms)
		AwakeInstancesAfterBackupRestoration (18ms)
Refreshing native plugins compatible for Editor in 0.64 ms, found 3 plugins.
Preloading 0 native plugins for Editor in 0.00 ms.
Unloading 30 Unused Serialized files (Serialized files now loaded: 0)
Unloading 6216 unused Assets / (5.5 MB). Loaded Objects now: 7797.
Memory consumption went from 179.6 MB to 174.1 MB.
Total: 6.755100 ms (FindLiveObjects: 0.516000 ms CreateObjectMapping: 0.422300 ms MarkObjects: 3.799800 ms  DeleteObjects: 2.016400 ms)

Prepare: number of updated asset objects reloaded= 0
========================================================================
Received Import Request.
  Time since last request: 570.818929 seconds.
  path: Assets/enemigos/enemigo Variant.prefab
  artifactKey: Guid(f051ed3317931a2498339d192c4b9024) Importer(815301076,1909f56bfc062723c751e8b465ee728b)
Start importing Assets/enemigos/enemigo Variant.prefab using Guid(f051ed3317931a2498339d192c4b9024) Importer(815301076,1909f56bfc062723c751e8b465ee728b) (PreviewImporter) -> (artifact id: 'ce02cac7912416429e2e5766b92590af') in 0.4275996 seconds
Number of updated asset objects reloaded before import = 0Number of asset objects unloaded after import = 428

========================================================================
Received Import Request.
  Time since last request: 3.442187 seconds.
  path: Assets/enemigos/ENEMIGO 2.prefab
  artifactKey: Guid(329a7bca0ee8cad42974423f94c5c71d) Importer(815301076,1909f56bfc062723c751e8b465ee728b)
Start importing Assets/enemigos/ENEMIGO 2.prefab using Guid(329a7bca0ee8cad42974423f94c5c71d) Importer(815301076,1909f56bfc062723c751e8b465ee728b) (PreviewImporter) -> (artifact id: '7eae40281e26f113b65623b196caf576') in 0.0270522 seconds
Number of updated asset objects reloaded before import = 0Number of asset objects unloaded after import = 414

========================================================================
Received Prepare
Begin MonoManager ReloadAssembly
[Licensing::Client] Successfully resolved entitlement details
- Loaded All Assemblies, in  0.634 seconds
Refreshing native plugins compatible for Editor in 0.67 ms, found 3 plugins.
Native extension for WindowsStandalone target not found
[Package Manager] Failed to launch server process. Reason: Unity was launched with the -noUpm command-line argument
[Package Manager] Unable to send message (not connected to server process).
[Package Manager] Cannot connect to Unity Package Manager local server
ScheduleIndexationOnStartup MainProcess:False IndexOnStartup:True
Mono: successfully reloaded assembly
- Finished resetting the current domain, in  0.652 seconds
Domain Reload Profiling: 1286ms
	BeginReloadAssembly (206ms)
		ExecutionOrderSort (0ms)
		DisableScriptedObjects (17ms)
		BackupInstance (0ms)
		ReleaseScriptingObjects (0ms)
		CreateAndSetChildDomain (62ms)
	RebuildCommonClasses (29ms)
	RebuildNativeTypeToScriptingClass (10ms)
	initialDomainReloadingComplete (28ms)
	LoadAllAssembliesAndSetupDomain (360ms)
		LoadAssemblies (290ms)
		RebuildTransferFunctionScriptingTraits (0ms)
		AnalyzeDomain (146ms)
			TypeCache.Refresh (5ms)
				TypeCache.ScanAssembly (0ms)
			BuildScriptInfoCaches (128ms)
			ResolveRequiredComponents (8ms)
	FinalizeReload (652ms)
		ReleaseScriptCaches (0ms)
		RebuildScriptCaches (0ms)
		SetupLoadedEditorAssemblies (518ms)
			LogAssemblyErrors (0ms)
			InitializePlatformSupportModulesInManaged (1ms)
			SetLoadedEditorAssemblies (4ms)
			BeforeProcessingInitializeOnLoad (112ms)
			ProcessInitializeOnLoadAttributes (346ms)
			ProcessInitializeOnLoadMethodAttributes (50ms)
			AfterProcessingInitializeOnLoad (5ms)
			EditorAssembliesLoaded (0ms)
		ExecutionOrderSort2 (0ms)
		AwakeInstancesAfterBackupRestoration (15ms)
Refreshing native plugins compatible for Editor in 0.64 ms, found 3 plugins.
Preloading 0 native plugins for Editor in 0.00 ms.
Unloading 30 Unused Serialized files (Serialized files now loaded: 0)
Unloading 6216 unused Assets / (5.4 MB). Loaded Objects now: 7820.
Memory consumption went from 179.8 MB to 174.4 MB.
Total: 6.705100 ms (FindLiveObjects: 0.525200 ms CreateObjectMapping: 0.398300 ms MarkObjects: 3.829400 ms  DeleteObjects: 1.951600 ms)

Prepare: number of updated asset objects reloaded= 0
========================================================================
Received Import Request.
  Time since last request: 210.937556 seconds.
  path: Assets/enemigos/enemigo Variant.prefab
  artifactKey: Guid(f051ed3317931a2498339d192c4b9024) Importer(815301076,1909f56bfc062723c751e8b465ee728b)
Start importing Assets/enemigos/enemigo Variant.prefab using Guid(f051ed3317931a2498339d192c4b9024) Importer(815301076,1909f56bfc062723c751e8b465ee728b) (PreviewImporter) -> (artifact id: 'cb784a8bfa43b845af690b65d58a0cfd') in 0.4249829 seconds
Number of updated asset objects reloaded before import = 0Number of asset objects unloaded after import = 428

========================================================================
Received Import Request.
  Time since last request: 4.550891 seconds.
  path: Assets/enemigos/ENEMIGO 2.prefab
  artifactKey: Guid(329a7bca0ee8cad42974423f94c5c71d) Importer(815301076,1909f56bfc062723c751e8b465ee728b)
Start importing Assets/enemigos/ENEMIGO 2.prefab using Guid(329a7bca0ee8cad42974423f94c5c71d) Importer(815301076,1909f56bfc062723c751e8b465ee728b) (PreviewImporter) -> (artifact id: 'fc7a71962ea34c362b2d8f52f49d37f2') in 0.0267875 seconds
Number of updated asset objects reloaded before import = 0Number of asset objects unloaded after import = 414

========================================================================
Received Prepare
Begin MonoManager ReloadAssembly
[Licensing::Client] Successfully resolved entitlement details
- Loaded All Assemblies, in  0.641 seconds
Refreshing native plugins compatible for Editor in 0.73 ms, found 3 plugins.
Native extension for WindowsStandalone target not found
[Package Manager] Failed to launch server process. Reason: Unity was launched with the -noUpm command-line argument
[Package Manager] Unable to send message (not connected to server process).
[Package Manager] Cannot connect to Unity Package Manager local server
ScheduleIndexationOnStartup MainProcess:False IndexOnStartup:True
Mono: successfully reloaded assembly
- Finished resetting the current domain, in  0.661 seconds
Domain Reload Profiling: 1302ms
	BeginReloadAssembly (215ms)
		ExecutionOrderSort (0ms)
		DisableScriptedObjects (19ms)
		BackupInstance (0ms)
		ReleaseScriptingObjects (0ms)
		CreateAndSetChildDomain (61ms)
	RebuildCommonClasses (28ms)
	RebuildNativeTypeToScriptingClass (10ms)
	initialDomainReloadingComplete (24ms)
	LoadAllAssembliesAndSetupDomain (364ms)
		LoadAssemblies (295ms)
		RebuildTransferFunctionScriptingTraits (0ms)
		AnalyzeDomain (149ms)
			TypeCache.Refresh (6ms)
				TypeCache.ScanAssembly (0ms)
			BuildScriptInfoCaches (131ms)
			ResolveRequiredComponents (8ms)
	FinalizeReload (661ms)
		ReleaseScriptCaches (0ms)
		RebuildScriptCaches (0ms)
		SetupLoadedEditorAssemblies (528ms)
			LogAssemblyErrors (0ms)
			InitializePlatformSupportModulesInManaged (1ms)
			SetLoadedEditorAssemblies (4ms)
			BeforeProcessingInitializeOnLoad (110ms)
			ProcessInitializeOnLoadAttributes (360ms)
			ProcessInitializeOnLoadMethodAttributes (48ms)
			AfterProcessingInitializeOnLoad (5ms)
			EditorAssembliesLoaded (0ms)
		ExecutionOrderSort2 (0ms)
		AwakeInstancesAfterBackupRestoration (16ms)
Refreshing native plugins compatible for Editor in 0.63 ms, found 3 plugins.
Preloading 0 native plugins for Editor in 0.00 ms.
Unloading 30 Unused Serialized files (Serialized files now loaded: 0)
Unloading 6216 unused Assets / (5.5 MB). Loaded Objects now: 7843.
Memory consumption went from 179.8 MB to 174.3 MB.
Total: 7.044100 ms (FindLiveObjects: 0.548100 ms CreateObjectMapping: 0.461400 ms MarkObjects: 3.909000 ms  DeleteObjects: 2.124600 ms)

Prepare: number of updated asset objects reloaded= 0
========================================================================
Received Prepare
Refreshing native plugins compatible for Editor in 2.02 ms, found 3 plugins.
Preloading 0 native plugins for Editor in 0.00 ms.
Unloading 30 Unused Serialized files (Serialized files now loaded: 0)
Unloading 6210 unused Assets / (5.8 MB). Loaded Objects now: 7843.
Memory consumption went from 179.9 MB to 174.1 MB.
Total: 15.795200 ms (FindLiveObjects: 1.128900 ms CreateObjectMapping: 1.010400 ms MarkObjects: 8.770700 ms  DeleteObjects: 4.883500 ms)

Prepare: number of updated asset objects reloaded= 0
========================================================================
Received Prepare
Begin MonoManager ReloadAssembly
[Licensing::Client] Successfully resolved entitlement details
- Loaded All Assemblies, in  1.272 seconds
Refreshing native plugins compatible for Editor in 0.75 ms, found 3 plugins.
Native extension for WindowsStandalone target not found
[Package Manager] Failed to launch server process. Reason: Unity was launched with the -noUpm command-line argument
[Package Manager] Unable to send message (not connected to server process).
[Package Manager] Cannot connect to Unity Package Manager local server
ScheduleIndexationOnStartup MainProcess:False IndexOnStartup:True
Mono: successfully reloaded assembly
- Finished resetting the current domain, in  0.691 seconds
Domain Reload Profiling: 1955ms
	BeginReloadAssembly (316ms)
		ExecutionOrderSort (0ms)
		DisableScriptedObjects (9ms)
		BackupInstance (0ms)
		ReleaseScriptingObjects (0ms)
		CreateAndSetChildDomain (65ms)
	RebuildCommonClasses (59ms)
	RebuildNativeTypeToScriptingClass (21ms)
	initialDomainReloadingComplete (56ms)
	LoadAllAssembliesAndSetupDomain (811ms)
		LoadAssemblies (720ms)
		RebuildTransferFunctionScriptingTraits (0ms)
		AnalyzeDomain (242ms)
			TypeCache.Refresh (12ms)
				TypeCache.ScanAssembly (1ms)
			BuildScriptInfoCaches (212ms)
			ResolveRequiredComponents (13ms)
	FinalizeReload (691ms)
		ReleaseScriptCaches (0ms)
		RebuildScriptCaches (0ms)
		SetupLoadedEditorAssemblies (558ms)
			LogAssemblyErrors (0ms)
			InitializePlatformSupportModulesInManaged (1ms)
			SetLoadedEditorAssemblies (4ms)
			BeforeProcessingInitializeOnLoad (136ms)
			ProcessInitializeOnLoadAttributes (360ms)
			ProcessInitializeOnLoadMethodAttributes (51ms)
			AfterProcessingInitializeOnLoad (5ms)
			EditorAssembliesLoaded (0ms)
		ExecutionOrderSort2 (0ms)
		AwakeInstancesAfterBackupRestoration (16ms)
Refreshing native plugins compatible for Editor in 0.69 ms, found 3 plugins.
Preloading 0 native plugins for Editor in 0.00 ms.
Unloading 30 Unused Serialized files (Serialized files now loaded: 0)
Unloading 6216 unused Assets / (5.6 MB). Loaded Objects now: 7846.
Memory consumption went from 179.7 MB to 174.1 MB.
Total: 6.813200 ms (FindLiveObjects: 0.535600 ms CreateObjectMapping: 0.425400 ms MarkObjects: 3.799900 ms  DeleteObjects: 2.051500 ms)

Prepare: number of updated asset objects reloaded= 0
========================================================================
Received Prepare
Begin MonoManager ReloadAssembly
[Licensing::Client] Successfully resolved entitlement details
- Loaded All Assemblies, in  0.600 seconds
Refreshing native plugins compatible for Editor in 0.57 ms, found 3 plugins.
Native extension for WindowsStandalone target not found
[Package Manager] Failed to launch server process. Reason: Unity was launched with the -noUpm command-line argument
[Package Manager] Unable to send message (not connected to server process).
[Package Manager] Cannot connect to Unity Package Manager local server
ScheduleIndexationOnStartup MainProcess:False IndexOnStartup:True
Mono: successfully reloaded assembly
- Finished resetting the current domain, in  0.630 seconds
Domain Reload Profiling: 1232ms
	BeginReloadAssembly (177ms)
		ExecutionOrderSort (0ms)
		DisableScriptedObjects (5ms)
		BackupInstance (0ms)
		ReleaseScriptingObjects (0ms)
		CreateAndSetChildDomain (40ms)
	RebuildCommonClasses (27ms)
	RebuildNativeTypeToScriptingClass (10ms)
	initialDomainReloadingComplete (23ms)
	LoadAllAssembliesAndSetupDomain (364ms)
		LoadAssemblies (295ms)
		RebuildTransferFunctionScriptingTraits (0ms)
		AnalyzeDomain (147ms)
			TypeCache.Refresh (7ms)
				TypeCache.ScanAssembly (0ms)
			BuildScriptInfoCaches (127ms)
			ResolveRequiredComponents (8ms)
	FinalizeReload (631ms)
		ReleaseScriptCaches (0ms)
		RebuildScriptCaches (0ms)
		SetupLoadedEditorAssemblies (500ms)
			LogAssemblyErrors (0ms)
			InitializePlatformSupportModulesInManaged (1ms)
			SetLoadedEditorAssemblies (4ms)
			BeforeProcessingInitializeOnLoad (107ms)
			ProcessInitializeOnLoadAttributes (336ms)
			ProcessInitializeOnLoadMethodAttributes (47ms)
			AfterProcessingInitializeOnLoad (4ms)
			EditorAssembliesLoaded (0ms)
		ExecutionOrderSort2 (0ms)
		AwakeInstancesAfterBackupRestoration (15ms)
Refreshing native plugins compatible for Editor in 0.65 ms, found 3 plugins.
Preloading 0 native plugins for Editor in 0.00 ms.
Unloading 30 Unused Serialized files (Serialized files now loaded: 0)
Unloading 6216 unused Assets / (5.4 MB). Loaded Objects now: 7849.
Memory consumption went from 179.8 MB to 174.4 MB.
Total: 6.611300 ms (FindLiveObjects: 0.523900 ms CreateObjectMapping: 0.403300 ms MarkObjects: 3.808000 ms  DeleteObjects: 1.875500 ms)

Prepare: number of updated asset objects reloaded= 0
========================================================================
Received Import Request.
  Time since last request: 606.931916 seconds.
  path: Assets/Scenes/escena juego.unity
  artifactKey: Guid(0bee1050fb8504d409d92a6fc4b87d28) Importer(815301076,1909f56bfc062723c751e8b465ee728b)
Start importing Assets/Scenes/escena juego.unity using Guid(0bee1050fb8504d409d92a6fc4b87d28) Importer(815301076,1909f56bfc062723c751e8b465ee728b) (PreviewImporter) -> (artifact id: '2710e6c4b8ef71186bb86b990354df75') in 0.025837 seconds
Number of updated asset objects reloaded before import = 0Number of asset objects unloaded after import = 0

========================================================================
Received Import Request.
  Time since last request: 499.404051 seconds.
  path: Assets/Scenes/menu.unity
  artifactKey: Guid(1fcc11e8fd7c45f42b340a16e8a63ba3) Importer(815301076,1909f56bfc062723c751e8b465ee728b)
Start importing Assets/Scenes/menu.unity using Guid(1fcc11e8fd7c45f42b340a16e8a63ba3) Importer(815301076,1909f56bfc062723c751e8b465ee728b) (PreviewImporter) -> (artifact id: '0060809b45006e9f30bb8949613a9a7a') in 0.0009941 seconds
Number of updated asset objects reloaded before import = 0Number of asset objects unloaded after import = 0

========================================================================
Received Import Request.
  Time since last request: 61.305061 seconds.
  path: Assets/New Material.mat
  artifactKey: Guid(8af2a629d302ab54dbf6d75a7100169f) Importer(815301076,1909f56bfc062723c751e8b465ee728b)
Start importing Assets/New Material.mat using Guid(8af2a629d302ab54dbf6d75a7100169f) Importer(815301076,1909f56bfc062723c751e8b465ee728b) (PreviewImporter) -> (artifact id: '34b3fdf8652d51313a97190370636b23') in 0.3805165 seconds
Number of updated asset objects reloaded before import = 0Number of asset objects unloaded after import = 1

========================================================================
Received Import Request.
  Time since last request: 2.437984 seconds.
  path: Assets/Scripts/BossHealthUI.cs
  artifactKey: Guid(de42f2f5bfb37644f98388d071086b56) Importer(2089858483,b0f066a214c2f5e87bad3c948f4d605d)
Start importing Assets/Scripts/BossHealthUI.cs using Guid(de42f2f5bfb37644f98388d071086b56) Importer(2089858483,b0f066a214c2f5e87bad3c948f4d605d) (ScriptedImporter) -> (artifact id: '83693180b411c7f9bc2e4de2bd5d0e50') in 0.0621745 seconds
Number of updated asset objects reloaded before import = 0Number of asset objects unloaded after import = 0

========================================================================
Received Import Request.
  Time since last request: 0.000019 seconds.
  path: Assets/Scenes/menu.unity
  artifactKey: Guid(1fcc11e8fd7c45f42b340a16e8a63ba3) Importer(2089858483,b0f066a214c2f5e87bad3c948f4d605d)
Start importing Assets/Scenes/menu.unity using Guid(1fcc11e8fd7c45f42b340a16e8a63ba3) Importer(2089858483,b0f066a214c2f5e87bad3c948f4d605d) (ScriptedImporter) -> (artifact id: '6e07949ce1ab7da244a348cd5fb75c59') in 0.0040041 seconds
Number of updated asset objects reloaded before import = 0Number of asset objects unloaded after import = 1

========================================================================
Received Import Request.
  Time since last request: 0.000031 seconds.
  path: Assets/Scenes/escena juego.unity
  artifactKey: Guid(0bee1050fb8504d409d92a6fc4b87d28) Importer(2089858483,b0f066a214c2f5e87bad3c948f4d605d)
Start importing Assets/Scenes/escena juego.unity using Guid(0bee1050fb8504d409d92a6fc4b87d28) Importer(2089858483,b0f066a214c2f5e87bad3c948f4d605d) (ScriptedImporter) -> (artifact id: 'd52fb59a25048ed79dfe7e28bd5186dd') in 0.1740364 seconds
Number of updated asset objects reloaded before import = 0Number of asset objects unloaded after import = 1

========================================================================
Received Import Request.
  Time since last request: 4.319422 seconds.
  path: Assets/imagenes y sonidos
  artifactKey: Guid(5f021941af0e2ae4496b273784c88b70) Importer(815301076,1909f56bfc062723c751e8b465ee728b)
Start importing Assets/imagenes y sonidos using Guid(5f021941af0e2ae4496b273784c88b70) Importer(815301076,1909f56bfc062723c751e8b465ee728b) (PreviewImporter) -> (artifact id: 'b0311723080b27e7106993638a33c8a4') in 0.0011215 seconds
Number of updated asset objects reloaded before import = 0Number of asset objects unloaded after import = 0

========================================================================
Received Import Request.
  Time since last request: 0.948938 seconds.
  path: Assets/imagenes y sonidos
  artifactKey: Guid(5f021941af0e2ae4496b273784c88b70) Importer(2089858483,b0f066a214c2f5e87bad3c948f4d605d)
Start importing Assets/imagenes y sonidos using Guid(5f021941af0e2ae4496b273784c88b70) Importer(2089858483,b0f066a214c2f5e87bad3c948f4d605d) (ScriptedImporter) -> (artifact id: '46bb01e0395cff35ee6c6514fbbfb69d') in 0.0025778 seconds
Number of updated asset objects reloaded before import = 0Number of asset objects unloaded after import = 1

========================================================================
Received Import Request.
  Time since last request: 38.762561 seconds.
  path: Assets/imagenes y sonidos/bc4b1eb2-9ca6-48b7-8bba-37d8b419cc65.png
  artifactKey: Guid(c6376e4da320a7041b6fa2ec25629437) Importer(815301076,1909f56bfc062723c751e8b465ee728b)
Start importing Assets/imagenes y sonidos/bc4b1eb2-9ca6-48b7-8bba-37d8b419cc65.png using Guid(c6376e4da320a7041b6fa2ec25629437) Importer(815301076,1909f56bfc062723c751e8b465ee728b) (PreviewImporter) -> (artifact id: '5254183a37a5a9a2614cfd5386dd9ee3') in 0.0130807 seconds
Number of updated asset objects reloaded before import = 0Number of asset objects unloaded after import = 2

========================================================================
Received Import Request.
  Time since last request: 0.945464 seconds.
  path: Assets/imagenes y sonidos/bc4b1eb2-9ca6-48b7-8bba-37d8b419cc65.png
  artifactKey: Guid(c6376e4da320a7041b6fa2ec25629437) Importer(2089858483,b0f066a214c2f5e87bad3c948f4d605d)
Start importing Assets/imagenes y sonidos/bc4b1eb2-9ca6-48b7-8bba-37d8b419cc65.png using Guid(c6376e4da320a7041b6fa2ec25629437) Importer(2089858483,b0f066a214c2f5e87bad3c948f4d605d) (ScriptedImporter) -> (artifact id: '18e516eb779a0f17fef73391641c6ee1') in 0.0353244 seconds
Number of updated asset objects reloaded before import = 0Number of asset objects unloaded after import = 1

========================================================================
Received Import Request.
  Time since last request: 11.940846 seconds.
  path: Assets/imagenes y sonidos/bc4b1eb2-9ca6-48b7-8bba-37d8b419cc65.png
  artifactKey: Guid(c6376e4da320a7041b6fa2ec25629437) Importer(815301076,1909f56bfc062723c751e8b465ee728b)
Start importing Assets/imagenes y sonidos/bc4b1eb2-9ca6-48b7-8bba-37d8b419cc65.png using Guid(c6376e4da320a7041b6fa2ec25629437) Importer(815301076,1909f56bfc062723c751e8b465ee728b) (PreviewImporter) -> (artifact id: '421e7ba91491a27d44ae154421fb04f6') in 0.0461355 seconds
Number of updated asset objects reloaded before import = 0Number of asset objects unloaded after import = 3

========================================================================
Received Import Request.
  Time since last request: 0.909502 seconds.
  path: Assets/imagenes y sonidos/bc4b1eb2-9ca6-48b7-8bba-37d8b419cc65.png
  artifactKey: Guid(c6376e4da320a7041b6fa2ec25629437) Importer(2089858483,b0f066a214c2f5e87bad3c948f4d605d)
Start importing Assets/imagenes y sonidos/bc4b1eb2-9ca6-48b7-8bba-37d8b419cc65.png using Guid(c6376e4da320a7041b6fa2ec25629437) Importer(2089858483,b0f066a214c2f5e87bad3c948f4d605d) (ScriptedImporter) -> (artifact id: '11dde64e76473b6907f279a8d83b0b57') in 0.015248 seconds
Number of updated asset objects reloaded before import = 0Number of asset objects unloaded after import = 3

========================================================================
Received Import Request.
  Time since last request: 69.669491 seconds.
  path: Assets/imagenes y sonidos/edited-photo.png
  artifactKey: Guid(f5c35f0e4e2e1c942b463fffe1853b04) Importer(815301076,1909f56bfc062723c751e8b465ee728b)
Start importing Assets/imagenes y sonidos/edited-photo.png using Guid(f5c35f0e4e2e1c942b463fffe1853b04) Importer(815301076,1909f56bfc062723c751e8b465ee728b) (PreviewImporter) -> (artifact id: '47bd273dd9ace39ebecbfd4f1d65aa85') in 0.0104739 seconds
Number of updated asset objects reloaded before import = 0Number of asset objects unloaded after import = 2

========================================================================
Received Import Request.
  Time since last request: 0.950398 seconds.
  path: Assets/imagenes y sonidos/edited-photo.png
  artifactKey: Guid(f5c35f0e4e2e1c942b463fffe1853b04) Importer(2089858483,b0f066a214c2f5e87bad3c948f4d605d)
Start importing Assets/imagenes y sonidos/edited-photo.png using Guid(f5c35f0e4e2e1c942b463fffe1853b04) Importer(2089858483,b0f066a214c2f5e87bad3c948f4d605d) (ScriptedImporter) -> (artifact id: '0305655707548444c1afbb2a3e3ce5db') in 0.0063928 seconds
Number of updated asset objects reloaded before import = 0Number of asset objects unloaded after import = 1

========================================================================
Received Import Request.
  Time since last request: 2.819055 seconds.
  path: Assets/imagenes y sonidos/edited-photo.png
  artifactKey: Guid(f5c35f0e4e2e1c942b463fffe1853b04) Importer(815301076,1909f56bfc062723c751e8b465ee728b)
Start importing Assets/imagenes y sonidos/edited-photo.png using Guid(f5c35f0e4e2e1c942b463fffe1853b04) Importer(815301076,1909f56bfc062723c751e8b465ee728b) (PreviewImporter) -> (artifact id: 'e49b955820faba60163d21e583c70592') in 0.0151665 seconds
Number of updated asset objects reloaded before import = 0Number of asset objects unloaded after import = 3

========================================================================
Received Import Request.
  Time since last request: 0.937430 seconds.
  path: Assets/imagenes y sonidos/edited-photo.png
  artifactKey: Guid(f5c35f0e4e2e1c942b463fffe1853b04) Importer(2089858483,b0f066a214c2f5e87bad3c948f4d605d)
Start importing Assets/imagenes y sonidos/edited-photo.png using Guid(f5c35f0e4e2e1c942b463fffe1853b04) Importer(2089858483,b0f066a214c2f5e87bad3c948f4d605d) (ScriptedImporter) -> (artifact id: '512f2093d50a7646f534433fa7e94149') in 0.008184 seconds
Number of updated asset objects reloaded before import = 0Number of asset objects unloaded after import = 3

========================================================================
Received Import Request.
  Time since last request: 67.591070 seconds.
  path: Assets/imagenes y sonidos/cb24f137-5757-4338-a2a1-fec9df121911.png
  artifactKey: Guid(ed4c0fa3dd5068945993751147144204) Importer(815301076,1909f56bfc062723c751e8b465ee728b)
Start importing Assets/imagenes y sonidos/cb24f137-5757-4338-a2a1-fec9df121911.png using Guid(ed4c0fa3dd5068945993751147144204) Importer(815301076,1909f56bfc062723c751e8b465ee728b) (PreviewImporter) -> (artifact id: 'fafa0b3652156e1adf51238974e36cee') in 0.0082166 seconds
Number of updated asset objects reloaded before import = 0Number of asset objects unloaded after import = 2

========================================================================
Received Import Request.
  Time since last request: 0.947188 seconds.
  path: Assets/imagenes y sonidos/cb24f137-5757-4338-a2a1-fec9df121911.png
  artifactKey: Guid(ed4c0fa3dd5068945993751147144204) Importer(2089858483,b0f066a214c2f5e87bad3c948f4d605d)
Start importing Assets/imagenes y sonidos/cb24f137-5757-4338-a2a1-fec9df121911.png using Guid(ed4c0fa3dd5068945993751147144204) Importer(2089858483,b0f066a214c2f5e87bad3c948f4d605d) (ScriptedImporter) -> (artifact id: '772de390056849d4dff6fbcfea7d6ab6') in 0.007653 seconds
Number of updated asset objects reloaded before import = 0Number of asset objects unloaded after import = 1

========================================================================
Received Import Request.
  Time since last request: 5.989161 seconds.
  path: Assets/imagenes y sonidos/cb24f137-5757-4338-a2a1-fec9df121911.png
  artifactKey: Guid(ed4c0fa3dd5068945993751147144204) Importer(815301076,1909f56bfc062723c751e8b465ee728b)
Start importing Assets/imagenes y sonidos/cb24f137-5757-4338-a2a1-fec9df121911.png using Guid(ed4c0fa3dd5068945993751147144204) Importer(815301076,1909f56bfc062723c751e8b465ee728b) (PreviewImporter) -> (artifact id: 'dd55ec8c63ac817e3bf7693c3db81f9b') in 0.0131728 seconds
Number of updated asset objects reloaded before import = 0Number of asset objects unloaded after import = 3

========================================================================
Received Import Request.
  Time since last request: 0.942939 seconds.
  path: Assets/imagenes y sonidos/cb24f137-5757-4338-a2a1-fec9df121911.png
  artifactKey: Guid(ed4c0fa3dd5068945993751147144204) Importer(2089858483,b0f066a214c2f5e87bad3c948f4d605d)
Start importing Assets/imagenes y sonidos/cb24f137-5757-4338-a2a1-fec9df121911.png using Guid(ed4c0fa3dd5068945993751147144204) Importer(2089858483,b0f066a214c2f5e87bad3c948f4d605d) (ScriptedImporter) -> (artifact id: '3184044ee634b1c46fe4a2dd11288e2c') in 0.0075545 seconds
Number of updated asset objects reloaded before import = 0Number of asset objects unloaded after import = 3

========================================================================
Received Import Request.
  Time since last request: 59.382273 seconds.
  path: Assets/imagenes y sonidos/2c2b6b5b-a7f1-4656-8683-f38f26170867.png
  artifactKey: Guid(c0e40daa505d5b4419c4d15a5a09b1a6) Importer(815301076,1909f56bfc062723c751e8b465ee728b)
Start importing Assets/imagenes y sonidos/2c2b6b5b-a7f1-4656-8683-f38f26170867.png using Guid(c0e40daa505d5b4419c4d15a5a09b1a6) Importer(815301076,1909f56bfc062723c751e8b465ee728b) (PreviewImporter) -> (artifact id: '0a97186a5722b2649c1f32c74b561a82') in 0.0131052 seconds
Number of updated asset objects reloaded before import = 0Number of asset objects unloaded after import = 2

========================================================================
Received Import Request.
  Time since last request: 0.925712 seconds.
  path: Assets/imagenes y sonidos/2c2b6b5b-a7f1-4656-8683-f38f26170867.png
  artifactKey: Guid(c0e40daa505d5b4419c4d15a5a09b1a6) Importer(2089858483,b0f066a214c2f5e87bad3c948f4d605d)
Start importing Assets/imagenes y sonidos/2c2b6b5b-a7f1-4656-8683-f38f26170867.png using Guid(c0e40daa505d5b4419c4d15a5a09b1a6) Importer(2089858483,b0f066a214c2f5e87bad3c948f4d605d) (ScriptedImporter) -> (artifact id: '8f82bc552f610916211df07643502ad4') in 0.006553 seconds
Number of updated asset objects reloaded before import = 0Number of asset objects unloaded after import = 1

========================================================================
Received Import Request.
  Time since last request: 3.555337 seconds.
  path: Assets/imagenes y sonidos/2c2b6b5b-a7f1-4656-8683-f38f26170867.png
  artifactKey: Guid(c0e40daa505d5b4419c4d15a5a09b1a6) Importer(815301076,1909f56bfc062723c751e8b465ee728b)
Start importing Assets/imagenes y sonidos/2c2b6b5b-a7f1-4656-8683-f38f26170867.png using Guid(c0e40daa505d5b4419c4d15a5a09b1a6) Importer(815301076,1909f56bfc062723c751e8b465ee728b) (PreviewImporter) -> (artifact id: '85b3ff4eab72391b3546d4f61b8762bf') in 0.0115194 seconds
Number of updated asset objects reloaded before import = 0Number of asset objects unloaded after import = 3

========================================================================
Received Import Request.
  Time since last request: 0.942247 seconds.
  path: Assets/imagenes y sonidos/2c2b6b5b-a7f1-4656-8683-f38f26170867.png
  artifactKey: Guid(c0e40daa505d5b4419c4d15a5a09b1a6) Importer(2089858483,b0f066a214c2f5e87bad3c948f4d605d)
Start importing Assets/imagenes y sonidos/2c2b6b5b-a7f1-4656-8683-f38f26170867.png using Guid(c0e40daa505d5b4419c4d15a5a09b1a6) Importer(2089858483,b0f066a214c2f5e87bad3c948f4d605d) (ScriptedImporter) -> (artifact id: '2f6fc0c8fc8b46b5849d63632e5c8edb') in 0.0070107 seconds
Number of updated asset objects reloaded before import = 0Number of asset objects unloaded after import = 3

========================================================================
Received Import Request.
  Time since last request: 254.251679 seconds.
  path: Assets/imagenes y sonidos/edited-photo (1).png
  artifactKey: Guid(c27e9818185400c42a67f6fef09f1b4e) Importer(815301076,1909f56bfc062723c751e8b465ee728b)
Start importing Assets/imagenes y sonidos/edited-photo (1).png using Guid(c27e9818185400c42a67f6fef09f1b4e) Importer(815301076,1909f56bfc062723c751e8b465ee728b) (PreviewImporter) -> (artifact id: '67502313751f5b1cc7c9ab485d2bc744') in 0.0102434 seconds
Number of updated asset objects reloaded before import = 0Number of asset objects unloaded after import = 2

========================================================================
Received Import Request.
  Time since last request: 0.949361 seconds.
  path: Assets/imagenes y sonidos/edited-photo (1).png
  artifactKey: Guid(c27e9818185400c42a67f6fef09f1b4e) Importer(2089858483,b0f066a214c2f5e87bad3c948f4d605d)
Start importing Assets/imagenes y sonidos/edited-photo (1).png using Guid(c27e9818185400c42a67f6fef09f1b4e) Importer(2089858483,b0f066a214c2f5e87bad3c948f4d605d) (ScriptedImporter) -> (artifact id: 'a903f4c73e766418d268122d6a78bbc8') in 0.0058035 seconds
Number of updated asset objects reloaded before import = 0Number of asset objects unloaded after import = 1

========================================================================
Received Import Request.
  Time since last request: 3.788665 seconds.
  path: Assets/imagenes y sonidos/edited-photo (1).png
  artifactKey: Guid(c27e9818185400c42a67f6fef09f1b4e) Importer(815301076,1909f56bfc062723c751e8b465ee728b)
Start importing Assets/imagenes y sonidos/edited-photo (1).png using Guid(c27e9818185400c42a67f6fef09f1b4e) Importer(815301076,1909f56bfc062723c751e8b465ee728b) (PreviewImporter) -> (artifact id: '6c583c7e889882a5128f32ea5dcde7da') in 0.0106096 seconds
Number of updated asset objects reloaded before import = 0Number of asset objects unloaded after import = 3

========================================================================
Received Import Request.
  Time since last request: 0.947940 seconds.
  path: Assets/imagenes y sonidos/edited-photo (1).png
  artifactKey: Guid(c27e9818185400c42a67f6fef09f1b4e) Importer(2089858483,b0f066a214c2f5e87bad3c948f4d605d)
Start importing Assets/imagenes y sonidos/edited-photo (1).png using Guid(c27e9818185400c42a67f6fef09f1b4e) Importer(2089858483,b0f066a214c2f5e87bad3c948f4d605d) (ScriptedImporter) -> (artifact id: 'd820b71e708beccabc07a36defa454d8') in 0.0069921 seconds
Number of updated asset objects reloaded before import = 0Number of asset objects unloaded after import = 3

========================================================================
Received Import Request.
  Time since last request: 205.153566 seconds.
  path: Assets/Scenes/menu.unity
  artifactKey: Guid(1fcc11e8fd7c45f42b340a16e8a63ba3) Importer(2089858483,b0f066a214c2f5e87bad3c948f4d605d)
Start importing Assets/Scenes/menu.unity using Guid(1fcc11e8fd7c45f42b340a16e8a63ba3) Importer(2089858483,b0f066a214c2f5e87bad3c948f4d605d) (ScriptedImporter) -> (artifact id: '1e0bb04977d3b503147b740bd33b0501') in 0.0089661 seconds
Number of updated asset objects reloaded before import = 0Number of asset objects unloaded after import = 1

========================================================================
Received Import Request.
  Time since last request: 17.275181 seconds.
  path: Assets/Scenes/menu.unity
  artifactKey: Guid(1fcc11e8fd7c45f42b340a16e8a63ba3) Importer(815301076,1909f56bfc062723c751e8b465ee728b)
Start importing Assets/Scenes/menu.unity using Guid(1fcc11e8fd7c45f42b340a16e8a63ba3) Importer(815301076,1909f56bfc062723c751e8b465ee728b) (PreviewImporter) -> (artifact id: 'eb248c643fcf698a7898f8b317626c71') in 0.00065 seconds
Number of updated asset objects reloaded before import = 0Number of asset objects unloaded after import = 0

========================================================================
Received Import Request.
  Time since last request: 108.030310 seconds.
  path: Assets/imagenes y sonidos/c089602f-b632-461e-9f47-73303a371f15.png
  artifactKey: Guid(5277026ccd9f93b438c31ff1ff2eaefc) Importer(815301076,1909f56bfc062723c751e8b465ee728b)
Start importing Assets/imagenes y sonidos/c089602f-b632-461e-9f47-73303a371f15.png using Guid(5277026ccd9f93b438c31ff1ff2eaefc) Importer(815301076,1909f56bfc062723c751e8b465ee728b) (PreviewImporter) -> (artifact id: '53174f250d1911b4f80df65a27df0651') in 0.0118482 seconds
Number of updated asset objects reloaded before import = 0Number of asset objects unloaded after import = 2

========================================================================
Received Import Request.
  Time since last request: 1.007780 seconds.
  path: Assets/imagenes y sonidos/c089602f-b632-461e-9f47-73303a371f15.png
  artifactKey: Guid(5277026ccd9f93b438c31ff1ff2eaefc) Importer(2089858483,b0f066a214c2f5e87bad3c948f4d605d)
Start importing Assets/imagenes y sonidos/c089602f-b632-461e-9f47-73303a371f15.png using Guid(5277026ccd9f93b438c31ff1ff2eaefc) Importer(2089858483,b0f066a214c2f5e87bad3c948f4d605d) (ScriptedImporter) -> (artifact id: '7c5a57bb5ca2662583de94daa108daab') in 0.0060432 seconds
Number of updated asset objects reloaded before import = 0Number of asset objects unloaded after import = 1

========================================================================
Received Import Request.
  Time since last request: 6.326857 seconds.
  path: Assets/imagenes y sonidos/a8bb164c-dfe0-493d-af3e-fb17611cb078.png
  artifactKey: Guid(3b374528efc98b44995107931e9b6d50) Importer(815301076,1909f56bfc062723c751e8b465ee728b)
Start importing Assets/imagenes y sonidos/a8bb164c-dfe0-493d-af3e-fb17611cb078.png using Guid(3b374528efc98b44995107931e9b6d50) Importer(815301076,1909f56bfc062723c751e8b465ee728b) (PreviewImporter) -> (artifact id: '6b7a7fcdeee3aa780b06ee39902ef809') in 0.009675 seconds
Number of updated asset objects reloaded before import = 0Number of asset objects unloaded after import = 2

========================================================================
Received Import Request.
  Time since last request: 0.945629 seconds.
  path: Assets/imagenes y sonidos/a8bb164c-dfe0-493d-af3e-fb17611cb078.png
  artifactKey: Guid(3b374528efc98b44995107931e9b6d50) Importer(2089858483,b0f066a214c2f5e87bad3c948f4d605d)
Start importing Assets/imagenes y sonidos/a8bb164c-dfe0-493d-af3e-fb17611cb078.png using Guid(3b374528efc98b44995107931e9b6d50) Importer(2089858483,b0f066a214c2f5e87bad3c948f4d605d) (ScriptedImporter) -> (artifact id: '435ebb2202ecf221461ae12eea03a849') in 0.0075334 seconds
Number of updated asset objects reloaded before import = 0Number of asset objects unloaded after import = 1

========================================================================
Received Import Request.
  Time since last request: 8.866641 seconds.
  path: Assets/imagenes y sonidos/e4a7c88b-757e-4a8a-8f32-a0b7e49ef3a3.png
  artifactKey: Guid(c5919a7100dcd1d4a98f1f5d3b8b0e07) Importer(815301076,1909f56bfc062723c751e8b465ee728b)
Start importing Assets/imagenes y sonidos/e4a7c88b-757e-4a8a-8f32-a0b7e49ef3a3.png using Guid(c5919a7100dcd1d4a98f1f5d3b8b0e07) Importer(815301076,1909f56bfc062723c751e8b465ee728b) (PreviewImporter) -> (artifact id: 'd225a881a51f9087d808f1df95818c04') in 0.0087697 seconds
Number of updated asset objects reloaded before import = 0Number of asset objects unloaded after import = 2

========================================================================
Received Import Request.
  Time since last request: 0.952271 seconds.
  path: Assets/imagenes y sonidos/e4a7c88b-757e-4a8a-8f32-a0b7e49ef3a3.png
  artifactKey: Guid(c5919a7100dcd1d4a98f1f5d3b8b0e07) Importer(2089858483,b0f066a214c2f5e87bad3c948f4d605d)
Start importing Assets/imagenes y sonidos/e4a7c88b-757e-4a8a-8f32-a0b7e49ef3a3.png using Guid(c5919a7100dcd1d4a98f1f5d3b8b0e07) Importer(2089858483,b0f066a214c2f5e87bad3c948f4d605d) (ScriptedImporter) -> (artifact id: 'a250c01c3f99b864cfe6d66059eb7ca2') in 0.0058289 seconds
Number of updated asset objects reloaded before import = 0Number of asset objects unloaded after import = 1

========================================================================
Received Import Request.
  Time since last request: 5.783445 seconds.
  path: Assets/imagenes y sonidos/a0d8f339-8134-4c50-97fb-d9eb1bfca4aa.png
  artifactKey: Guid(c72d5aaf8dee76f4facae832b7c1213b) Importer(815301076,1909f56bfc062723c751e8b465ee728b)
Start importing Assets/imagenes y sonidos/a0d8f339-8134-4c50-97fb-d9eb1bfca4aa.png using Guid(c72d5aaf8dee76f4facae832b7c1213b) Importer(815301076,1909f56bfc062723c751e8b465ee728b) (PreviewImporter) -> (artifact id: '599b723d71114d5fd9ab51371ebfa96d') in 0.0071672 seconds
Number of updated asset objects reloaded before import = 0Number of asset objects unloaded after import = 2

========================================================================
Received Import Request.
  Time since last request: 0.955139 seconds.
  path: Assets/imagenes y sonidos/a0d8f339-8134-4c50-97fb-d9eb1bfca4aa.png
  artifactKey: Guid(c72d5aaf8dee76f4facae832b7c1213b) Importer(2089858483,b0f066a214c2f5e87bad3c948f4d605d)
Start importing Assets/imagenes y sonidos/a0d8f339-8134-4c50-97fb-d9eb1bfca4aa.png using Guid(c72d5aaf8dee76f4facae832b7c1213b) Importer(2089858483,b0f066a214c2f5e87bad3c948f4d605d) (ScriptedImporter) -> (artifact id: '1a6401e5dc64078a61d5e4fc98ef9b2c') in 0.0056977 seconds
Number of updated asset objects reloaded before import = 0Number of asset objects unloaded after import = 1

========================================================================
Received Import Request.
  Time since last request: 152.999137 seconds.
  path: Assets/imagenes y sonidos/edited-photo (2).png
  artifactKey: Guid(f1bf49afac532fb48ace2851fb783bee) Importer(815301076,1909f56bfc062723c751e8b465ee728b)
Start importing Assets/imagenes y sonidos/edited-photo (2).png using Guid(f1bf49afac532fb48ace2851fb783bee) Importer(815301076,1909f56bfc062723c751e8b465ee728b) (PreviewImporter) -> (artifact id: 'c8dd268364103b4df1e1504df72eb24d') in 0.0070625 seconds
Number of updated asset objects reloaded before import = 0Number of asset objects unloaded after import = 2

========================================================================
Received Import Request.
  Time since last request: 0.949426 seconds.
  path: Assets/imagenes y sonidos/edited-photo (2).png
  artifactKey: Guid(f1bf49afac532fb48ace2851fb783bee) Importer(2089858483,b0f066a214c2f5e87bad3c948f4d605d)
Start importing Assets/imagenes y sonidos/edited-photo (2).png using Guid(f1bf49afac532fb48ace2851fb783bee) Importer(2089858483,b0f066a214c2f5e87bad3c948f4d605d) (ScriptedImporter) -> (artifact id: 'ba96ef780c54839991d29fe815d3dd21') in 0.0063477 seconds
Number of updated asset objects reloaded before import = 0Number of asset objects unloaded after import = 1

========================================================================
Received Import Request.
  Time since last request: 3.331965 seconds.
  path: Assets/imagenes y sonidos/edited-photo (2).png
  artifactKey: Guid(f1bf49afac532fb48ace2851fb783bee) Importer(815301076,1909f56bfc062723c751e8b465ee728b)
Start importing Assets/imagenes y sonidos/edited-photo (2).png using Guid(f1bf49afac532fb48ace2851fb783bee) Importer(815301076,1909f56bfc062723c751e8b465ee728b) (PreviewImporter) -> (artifact id: '3bc1863b5b031fb5ff1d9aa42be0941c') in 0.0096804 seconds
Number of updated asset objects reloaded before import = 0Number of asset objects unloaded after import = 3

========================================================================
Received Import Request.
  Time since last request: 0.946940 seconds.
  path: Assets/imagenes y sonidos/edited-photo (2).png
  artifactKey: Guid(f1bf49afac532fb48ace2851fb783bee) Importer(2089858483,b0f066a214c2f5e87bad3c948f4d605d)
Start importing Assets/imagenes y sonidos/edited-photo (2).png using Guid(f1bf49afac532fb48ace2851fb783bee) Importer(2089858483,b0f066a214c2f5e87bad3c948f4d605d) (ScriptedImporter) -> (artifact id: '45db497d5d2c136a3e769412edc09366') in 0.0053455 seconds
Number of updated asset objects reloaded before import = 0Number of asset objects unloaded after import = 3

========================================================================
Received Import Request.
  Time since last request: 3.452011 seconds.
  path: Assets/imagenes y sonidos/e4a7c88b-757e-4a8a-8f32-a0b7e49ef3a3.png
  artifactKey: Guid(c5919a7100dcd1d4a98f1f5d3b8b0e07) Importer(815301076,1909f56bfc062723c751e8b465ee728b)
Start importing Assets/imagenes y sonidos/e4a7c88b-757e-4a8a-8f32-a0b7e49ef3a3.png using Guid(c5919a7100dcd1d4a98f1f5d3b8b0e07) Importer(815301076,1909f56bfc062723c751e8b465ee728b) (PreviewImporter) -> (artifact id: 'c926e1d4c42cfbfbb24df83a5f2f3391') in 0.0124136 seconds
Number of updated asset objects reloaded before import = 0Number of asset objects unloaded after import = 3

========================================================================
Received Import Request.
  Time since last request: 0.940890 seconds.
  path: Assets/imagenes y sonidos/e4a7c88b-757e-4a8a-8f32-a0b7e49ef3a3.png
  artifactKey: Guid(c5919a7100dcd1d4a98f1f5d3b8b0e07) Importer(2089858483,b0f066a214c2f5e87bad3c948f4d605d)
Start importing Assets/imagenes y sonidos/e4a7c88b-757e-4a8a-8f32-a0b7e49ef3a3.png using Guid(c5919a7100dcd1d4a98f1f5d3b8b0e07) Importer(2089858483,b0f066a214c2f5e87bad3c948f4d605d) (ScriptedImporter) -> (artifact id: 'e3e59229517ed4b0ad3913956c575592') in 0.0074089 seconds
Number of updated asset objects reloaded before import = 0Number of asset objects unloaded after import = 3

========================================================================
Received Import Request.
  Time since last request: 3.616799 seconds.
  path: Assets/imagenes y sonidos/c089602f-b632-461e-9f47-73303a371f15.png
  artifactKey: Guid(5277026ccd9f93b438c31ff1ff2eaefc) Importer(815301076,1909f56bfc062723c751e8b465ee728b)
Start importing Assets/imagenes y sonidos/c089602f-b632-461e-9f47-73303a371f15.png using Guid(5277026ccd9f93b438c31ff1ff2eaefc) Importer(815301076,1909f56bfc062723c751e8b465ee728b) (PreviewImporter) -> (artifact id: '2333b6dea2ca4c5a7d710c1607b1803e') in 0.0112448 seconds
Number of updated asset objects reloaded before import = 0Number of asset objects unloaded after import = 3

========================================================================
Received Import Request.
  Time since last request: 0.945857 seconds.
  path: Assets/imagenes y sonidos/c089602f-b632-461e-9f47-73303a371f15.png
  artifactKey: Guid(5277026ccd9f93b438c31ff1ff2eaefc) Importer(2089858483,b0f066a214c2f5e87bad3c948f4d605d)
Start importing Assets/imagenes y sonidos/c089602f-b632-461e-9f47-73303a371f15.png using Guid(5277026ccd9f93b438c31ff1ff2eaefc) Importer(2089858483,b0f066a214c2f5e87bad3c948f4d605d) (ScriptedImporter) -> (artifact id: 'cc5d550050b66f2da6e850c4afc19cf0') in 0.0081919 seconds
Number of updated asset objects reloaded before import = 0Number of asset objects unloaded after import = 3

========================================================================
Received Import Request.
  Time since last request: 3.614976 seconds.
  path: Assets/imagenes y sonidos/a8bb164c-dfe0-493d-af3e-fb17611cb078.png
  artifactKey: Guid(3b374528efc98b44995107931e9b6d50) Importer(815301076,1909f56bfc062723c751e8b465ee728b)
Start importing Assets/imagenes y sonidos/a8bb164c-dfe0-493d-af3e-fb17611cb078.png using Guid(3b374528efc98b44995107931e9b6d50) Importer(815301076,1909f56bfc062723c751e8b465ee728b) (PreviewImporter) -> (artifact id: '717ad54c51200a9a286ecab0a520ef96') in 0.0087788 seconds
Number of updated asset objects reloaded before import = 0Number of asset objects unloaded after import = 3

========================================================================
Received Import Request.
  Time since last request: 0.949559 seconds.
  path: Assets/imagenes y sonidos/a8bb164c-dfe0-493d-af3e-fb17611cb078.png
  artifactKey: Guid(3b374528efc98b44995107931e9b6d50) Importer(2089858483,b0f066a214c2f5e87bad3c948f4d605d)
Start importing Assets/imagenes y sonidos/a8bb164c-dfe0-493d-af3e-fb17611cb078.png using Guid(3b374528efc98b44995107931e9b6d50) Importer(2089858483,b0f066a214c2f5e87bad3c948f4d605d) (ScriptedImporter) -> (artifact id: '1409b2dc420b4e498096c4047d9450d9') in 0.0055148 seconds
Number of updated asset objects reloaded before import = 0Number of asset objects unloaded after import = 3

========================================================================
Received Import Request.
  Time since last request: 4.328827 seconds.
  path: Assets/imagenes y sonidos/a0d8f339-8134-4c50-97fb-d9eb1bfca4aa.png
  artifactKey: Guid(c72d5aaf8dee76f4facae832b7c1213b) Importer(815301076,1909f56bfc062723c751e8b465ee728b)
Start importing Assets/imagenes y sonidos/a0d8f339-8134-4c50-97fb-d9eb1bfca4aa.png using Guid(c72d5aaf8dee76f4facae832b7c1213b) Importer(815301076,1909f56bfc062723c751e8b465ee728b) (PreviewImporter) -> (artifact id: '5800d8c1696e52475addf152939a8cdb') in 0.0183693 seconds
Number of updated asset objects reloaded before import = 0Number of asset objects unloaded after import = 3

========================================================================
Received Import Request.
  Time since last request: 0.937382 seconds.
  path: Assets/imagenes y sonidos/a0d8f339-8134-4c50-97fb-d9eb1bfca4aa.png
  artifactKey: Guid(c72d5aaf8dee76f4facae832b7c1213b) Importer(2089858483,b0f066a214c2f5e87bad3c948f4d605d)
Start importing Assets/imagenes y sonidos/a0d8f339-8134-4c50-97fb-d9eb1bfca4aa.png using Guid(c72d5aaf8dee76f4facae832b7c1213b) Importer(2089858483,b0f066a214c2f5e87bad3c948f4d605d) (ScriptedImporter) -> (artifact id: '2686645bfa35939d02dab9a094054bb5') in 0.0063855 seconds
Number of updated asset objects reloaded before import = 0Number of asset objects unloaded after import = 3

========================================================================
Received Import Request.
  Time since last request: 200.165940 seconds.
  path: Assets/imagenes y sonidos/8de06422-90b7-45ad-93fc-bb0190fb6353.png
  artifactKey: Guid(9e300791d2781874f95a24d532b1989d) Importer(815301076,1909f56bfc062723c751e8b465ee728b)
Start importing Assets/imagenes y sonidos/8de06422-90b7-45ad-93fc-bb0190fb6353.png using Guid(9e300791d2781874f95a24d532b1989d) Importer(815301076,1909f56bfc062723c751e8b465ee728b) (PreviewImporter) -> (artifact id: 'd8bda1a68fd4e1cca0cb5951982ce0a0') in 0.0093908 seconds
Number of updated asset objects reloaded before import = 0Number of asset objects unloaded after import = 2

========================================================================
Received Import Request.
  Time since last request: 0.951471 seconds.
  path: Assets/imagenes y sonidos/8de06422-90b7-45ad-93fc-bb0190fb6353.png
  artifactKey: Guid(9e300791d2781874f95a24d532b1989d) Importer(2089858483,b0f066a214c2f5e87bad3c948f4d605d)
Start importing Assets/imagenes y sonidos/8de06422-90b7-45ad-93fc-bb0190fb6353.png using Guid(9e300791d2781874f95a24d532b1989d) Importer(2089858483,b0f066a214c2f5e87bad3c948f4d605d) (ScriptedImporter) -> (artifact id: 'acfe3c2844f273f564df984ff88f0613') in 0.0062612 seconds
Number of updated asset objects reloaded before import = 0Number of asset objects unloaded after import = 1

========================================================================
Received Import Request.
  Time since last request: 3.902125 seconds.
  path: Assets/imagenes y sonidos/8de06422-90b7-45ad-93fc-bb0190fb6353.png
  artifactKey: Guid(9e300791d2781874f95a24d532b1989d) Importer(815301076,1909f56bfc062723c751e8b465ee728b)
Start importing Assets/imagenes y sonidos/8de06422-90b7-45ad-93fc-bb0190fb6353.png using Guid(9e300791d2781874f95a24d532b1989d) Importer(815301076,1909f56bfc062723c751e8b465ee728b) (PreviewImporter) -> (artifact id: 'a98179ab4a705be0af7a6786b6689707') in 0.0136011 seconds
Number of updated asset objects reloaded before import = 0Number of asset objects unloaded after import = 3

========================================================================
Received Import Request.
  Time since last request: 0.939561 seconds.
  path: Assets/imagenes y sonidos/8de06422-90b7-45ad-93fc-bb0190fb6353.png
  artifactKey: Guid(9e300791d2781874f95a24d532b1989d) Importer(2089858483,b0f066a214c2f5e87bad3c948f4d605d)
Start importing Assets/imagenes y sonidos/8de06422-90b7-45ad-93fc-bb0190fb6353.png using Guid(9e300791d2781874f95a24d532b1989d) Importer(2089858483,b0f066a214c2f5e87bad3c948f4d605d) (ScriptedImporter) -> (artifact id: 'e0c3556996a6927739bfdc1e3d5adc60') in 0.0071903 seconds
Number of updated asset objects reloaded before import = 0Number of asset objects unloaded after import = 3

========================================================================
Received Prepare
Refreshing native plugins compatible for Editor in 0.84 ms, found 3 plugins.
Preloading 0 native plugins for Editor in 0.00 ms.
Unloading 30 Unused Serialized files (Serialized files now loaded: 0)
Unloading 6212 unused Assets / (5.7 MB). Loaded Objects now: 7977.
Memory consumption went from 185.1 MB to 179.4 MB.
Total: 11.144900 ms (FindLiveObjects: 0.586900 ms CreateObjectMapping: 0.418100 ms MarkObjects: 7.826700 ms  DeleteObjects: 2.311900 ms)

Prepare: number of updated asset objects reloaded= 0
========================================================================
Received Import Request.
  Time since last request: 58.596336 seconds.
  path: Assets/Scripts/MainMenu.cs
  artifactKey: Guid(8b5db913487cba44897d75085cd1d238) Importer(815301076,1909f56bfc062723c751e8b465ee728b)
Start importing Assets/Scripts/MainMenu.cs using Guid(8b5db913487cba44897d75085cd1d238) Importer(815301076,1909f56bfc062723c751e8b465ee728b) (PreviewImporter) -> (artifact id: '1feac38fb2d5a42c07dd97e7d55e45dd') in 0.0137982 seconds
Number of updated asset objects reloaded before import = 0Number of asset objects unloaded after import = 0

========================================================================
Received Import Request.
  Time since last request: 0.545844 seconds.
  path: Assets/Scripts/MainMenu.cs
  artifactKey: Guid(8b5db913487cba44897d75085cd1d238) Importer(2089858483,b0f066a214c2f5e87bad3c948f4d605d)
Start importing Assets/Scripts/MainMenu.cs using Guid(8b5db913487cba44897d75085cd1d238) Importer(2089858483,b0f066a214c2f5e87bad3c948f4d605d) (ScriptedImporter) -> (artifact id: '46ae8c4a4dd508f2abf39ae679e20cc6') in 0.0028678 seconds
Number of updated asset objects reloaded before import = 0Number of asset objects unloaded after import = 0

========================================================================
Received Prepare
Refreshing native plugins compatible for Editor in 4.95 ms, found 3 plugins.
Preloading 0 native plugins for Editor in 0.00 ms.
Unloading 30 Unused Serialized files (Serialized files now loaded: 0)
Unloading 6211 unused Assets / (3.8 MB). Loaded Objects now: 7977.
Memory consumption went from 185.1 MB to 181.2 MB.
Total: 36.632400 ms (FindLiveObjects: 1.948500 ms CreateObjectMapping: 2.749100 ms MarkObjects: 26.480200 ms  DeleteObjects: 5.452600 ms)

Prepare: number of updated asset objects reloaded= 0
========================================================================
Received Import Request.
  Time since last request: 17.159925 seconds.
  path: Assets/Scripts/MainMenu.cs
  artifactKey: Guid(8b5db913487cba44897d75085cd1d238) Importer(2089858483,b0f066a214c2f5e87bad3c948f4d605d)
Start importing Assets/Scripts/MainMenu.cs using Guid(8b5db913487cba44897d75085cd1d238) Importer(2089858483,b0f066a214c2f5e87bad3c948f4d605d) (ScriptedImporter) -> (artifact id: '5a78a70469c41b1cb34a55446876ab55') in 0.0356209 seconds
Number of updated asset objects reloaded before import = 0Number of asset objects unloaded after import = 0

========================================================================
Received Prepare
Begin MonoManager ReloadAssembly
[Licensing::Client] Successfully resolved entitlement details
- Loaded All Assemblies, in  0.716 seconds
Refreshing native plugins compatible for Editor in 0.59 ms, found 3 plugins.
Native extension for WindowsStandalone target not found
[Package Manager] Failed to launch server process. Reason: Unity was launched with the -noUpm command-line argument
[Package Manager] Unable to send message (not connected to server process).
[Package Manager] Cannot connect to Unity Package Manager local server
ScheduleIndexationOnStartup MainProcess:False IndexOnStartup:True
Mono: successfully reloaded assembly
- Finished resetting the current domain, in  0.664 seconds
Domain Reload Profiling: 1380ms
	BeginReloadAssembly (237ms)
		ExecutionOrderSort (0ms)
		DisableScriptedObjects (21ms)
		BackupInstance (0ms)
		ReleaseScriptingObjects (0ms)
		CreateAndSetChildDomain (67ms)
	RebuildCommonClasses (30ms)
	RebuildNativeTypeToScriptingClass (11ms)
	initialDomainReloadingComplete (26ms)
	LoadAllAssembliesAndSetupDomain (412ms)
		LoadAssemblies (355ms)
		RebuildTransferFunctionScriptingTraits (0ms)
		AnalyzeDomain (153ms)
			TypeCache.Refresh (9ms)
				TypeCache.ScanAssembly (0ms)
			BuildScriptInfoCaches (132ms)
			ResolveRequiredComponents (8ms)
	FinalizeReload (664ms)
		ReleaseScriptCaches (0ms)
		RebuildScriptCaches (0ms)
		SetupLoadedEditorAssemblies (531ms)
			LogAssemblyErrors (0ms)
			InitializePlatformSupportModulesInManaged (1ms)
			SetLoadedEditorAssemblies (4ms)
			BeforeProcessingInitializeOnLoad (109ms)
			ProcessInitializeOnLoadAttributes (357ms)
			ProcessInitializeOnLoadMethodAttributes (55ms)
			AfterProcessingInitializeOnLoad (5ms)
			EditorAssembliesLoaded (0ms)
		ExecutionOrderSort2 (0ms)
		AwakeInstancesAfterBackupRestoration (16ms)
Refreshing native plugins compatible for Editor in 0.64 ms, found 3 plugins.
Preloading 0 native plugins for Editor in 0.00 ms.
Unloading 30 Unused Serialized files (Serialized files now loaded: 0)
Unloading 6217 unused Assets / (5.5 MB). Loaded Objects now: 7888.
Memory consumption went from 180.0 MB to 174.6 MB.
Total: 6.830600 ms (FindLiveObjects: 0.524600 ms CreateObjectMapping: 0.422400 ms MarkObjects: 3.830900 ms  DeleteObjects: 2.052200 ms)

Prepare: number of updated asset objects reloaded= 0
========================================================================
Received Prepare
Begin MonoManager ReloadAssembly
[Licensing::Client] Successfully resolved entitlement details
- Loaded All Assemblies, in  0.626 seconds
Refreshing native plugins compatible for Editor in 0.57 ms, found 3 plugins.
Native extension for WindowsStandalone target not found
[Package Manager] Failed to launch server process. Reason: Unity was launched with the -noUpm command-line argument
[Package Manager] Unable to send message (not connected to server process).
[Package Manager] Cannot connect to Unity Package Manager local server
ScheduleIndexationOnStartup MainProcess:False IndexOnStartup:True
Mono: successfully reloaded assembly
- Finished resetting the current domain, in  0.647 seconds
Domain Reload Profiling: 1273ms
	BeginReloadAssembly (188ms)
		ExecutionOrderSort (0ms)
		DisableScriptedObjects (5ms)
		BackupInstance (0ms)
		ReleaseScriptingObjects (0ms)
		CreateAndSetChildDomain (47ms)
	RebuildCommonClasses (29ms)
	RebuildNativeTypeToScriptingClass (11ms)
	initialDomainReloadingComplete (25ms)
	LoadAllAssembliesAndSetupDomain (373ms)
		LoadAssemblies (304ms)
		RebuildTransferFunctionScriptingTraits (0ms)
		AnalyzeDomain (152ms)
			TypeCache.Refresh (6ms)
				TypeCache.ScanAssembly (0ms)
			BuildScriptInfoCaches (134ms)
			ResolveRequiredComponents (8ms)
	FinalizeReload (647ms)
		ReleaseScriptCaches (0ms)
		RebuildScriptCaches (0ms)
		SetupLoadedEditorAssemblies (514ms)
			LogAssemblyErrors (0ms)
			InitializePlatformSupportModulesInManaged (1ms)
			SetLoadedEditorAssemblies (5ms)
			BeforeProcessingInitializeOnLoad (110ms)
			ProcessInitializeOnLoadAttributes (344ms)
			ProcessInitializeOnLoadMethodAttributes (48ms)
			AfterProcessingInitializeOnLoad (4ms)
			EditorAssembliesLoaded (0ms)
		ExecutionOrderSort2 (0ms)
		AwakeInstancesAfterBackupRestoration (16ms)
Refreshing native plugins compatible for Editor in 0.97 ms, found 3 plugins.
Preloading 0 native plugins for Editor in 0.00 ms.
Unloading 30 Unused Serialized files (Serialized files now loaded: 0)
Unloading 6217 unused Assets / (5.8 MB). Loaded Objects now: 7891.
Memory consumption went from 179.9 MB to 174.1 MB.
Total: 7.242100 ms (FindLiveObjects: 0.512800 ms CreateObjectMapping: 0.414300 ms MarkObjects: 3.999700 ms  DeleteObjects: 2.314300 ms)

Prepare: number of updated asset objects reloaded= 0
========================================================================
Received Prepare
Begin MonoManager ReloadAssembly
- Loaded All Assemblies, in  0.611 seconds
Refreshing native plugins compatible for Editor in 0.56 ms, found 3 plugins.
Native extension for WindowsStandalone target not found
[Package Manager] Failed to launch server process. Reason: Unity was launched with the -noUpm command-line argument
[Package Manager] Unable to send message (not connected to server process).
[Package Manager] Cannot connect to Unity Package Manager local server
ScheduleIndexationOnStartup MainProcess:False IndexOnStartup:True
Mono: successfully reloaded assembly
- Finished resetting the current domain, in  0.655 seconds
Domain Reload Profiling: 1266ms
	BeginReloadAssembly (186ms)
		ExecutionOrderSort (0ms)
		DisableScriptedObjects (5ms)
		BackupInstance (0ms)
		ReleaseScriptingObjects (0ms)
		CreateAndSetChildDomain (42ms)
	RebuildCommonClasses (30ms)
	RebuildNativeTypeToScriptingClass (10ms)
	initialDomainReloadingComplete (26ms)
	LoadAllAssembliesAndSetupDomain (358ms)
		LoadAssemblies (297ms)
		RebuildTransferFunctionScriptingTraits (0ms)
		AnalyzeDomain (148ms)
			TypeCache.Refresh (6ms)
				TypeCache.ScanAssembly (0ms)
			BuildScriptInfoCaches (129ms)
			ResolveRequiredComponents (9ms)
	FinalizeReload (656ms)
		ReleaseScriptCaches (0ms)
		RebuildScriptCaches (0ms)
		SetupLoadedEditorAssemblies (521ms)
			LogAssemblyErrors (0ms)
			InitializePlatformSupportModulesInManaged (2ms)
			SetLoadedEditorAssemblies (4ms)
			BeforeProcessingInitializeOnLoad (112ms)
			ProcessInitializeOnLoadAttributes (351ms)
			ProcessInitializeOnLoadMethodAttributes (49ms)
			AfterProcessingInitializeOnLoad (5ms)
			EditorAssembliesLoaded (0ms)
		ExecutionOrderSort2 (0ms)
		AwakeInstancesAfterBackupRestoration (15ms)
Refreshing native plugins compatible for Editor in 0.86 ms, found 3 plugins.
Preloading 0 native plugins for Editor in 0.00 ms.
Unloading 30 Unused Serialized files (Serialized files now loaded: 0)
Unloading 6217 unused Assets / (5.4 MB). Loaded Objects now: 7894.
Memory consumption went from 180.0 MB to 174.6 MB.
Total: 6.835600 ms (FindLiveObjects: 0.507200 ms CreateObjectMapping: 0.400000 ms MarkObjects: 3.821600 ms  DeleteObjects: 2.106100 ms)

Prepare: number of updated asset objects reloaded= 0
========================================================================
Received Prepare
Refreshing native plugins compatible for Editor in 0.67 ms, found 3 plugins.
Preloading 0 native plugins for Editor in 0.00 ms.
Unloading 30 Unused Serialized files (Serialized files now loaded: 0)
Unloading 6212 unused Assets / (6.1 MB). Loaded Objects now: 7895.
Memory consumption went from 180.2 MB to 174.1 MB.
Total: 8.235100 ms (FindLiveObjects: 0.617100 ms CreateObjectMapping: 0.459600 ms MarkObjects: 4.695100 ms  DeleteObjects: 2.462400 ms)

Prepare: number of updated asset objects reloaded= 0
========================================================================
Received Import Request.
  Time since last request: 284.559927 seconds.
  path: Assets/Scripts/ButtonHoverScale.cs
  artifactKey: Guid(79b290ae03fe80243a71c0a1bb151862) Importer(815301076,1909f56bfc062723c751e8b465ee728b)
Start importing Assets/Scripts/ButtonHoverScale.cs using Guid(79b290ae03fe80243a71c0a1bb151862) Importer(815301076,1909f56bfc062723c751e8b465ee728b) (PreviewImporter) -> (artifact id: '5d9050420ae81413cbd4e2a83cbdf956') in 0.0208222 seconds
Number of updated asset objects reloaded before import = 0Number of asset objects unloaded after import = 0

========================================================================
Received Import Request.
  Time since last request: 0.405472 seconds.
  path: Assets/Scripts/ButtonHoverScale.cs
  artifactKey: Guid(79b290ae03fe80243a71c0a1bb151862) Importer(2089858483,b0f066a214c2f5e87bad3c948f4d605d)
Start importing Assets/Scripts/ButtonHoverScale.cs using Guid(79b290ae03fe80243a71c0a1bb151862) Importer(2089858483,b0f066a214c2f5e87bad3c948f4d605d) (ScriptedImporter) -> (artifact id: 'bffdedeebb8810ec5aecbd01287bbc68') in 0.0635664 seconds
Number of updated asset objects reloaded before import = 0Number of asset objects unloaded after import = 0

========================================================================
Received Prepare
Refreshing native plugins compatible for Editor in 1.90 ms, found 3 plugins.
Preloading 0 native plugins for Editor in 0.00 ms.
Unloading 30 Unused Serialized files (Serialized files now loaded: 0)
Unloading 6212 unused Assets / (5.2 MB). Loaded Objects now: 7895.
Memory consumption went from 180.3 MB to 175.0 MB.
Total: 25.603200 ms (FindLiveObjects: 1.421200 ms CreateObjectMapping: 0.883700 ms MarkObjects: 13.387800 ms  DeleteObjects: 9.908700 ms)

Prepare: number of updated asset objects reloaded= 0
========================================================================
Received Import Request.
  Time since last request: 8.020357 seconds.
  path: Assets/Scripts/ButtonHoverScale.cs
  artifactKey: Guid(79b290ae03fe80243a71c0a1bb151862) Importer(2089858483,b0f066a214c2f5e87bad3c948f4d605d)
Start importing Assets/Scripts/ButtonHoverScale.cs using Guid(79b290ae03fe80243a71c0a1bb151862) Importer(2089858483,b0f066a214c2f5e87bad3c948f4d605d) (ScriptedImporter) -> (artifact id: '08c16586b74c90edead50bdbae0d819b') in 0.0171258 seconds
Number of updated asset objects reloaded before import = 0Number of asset objects unloaded after import = 0

========================================================================
Received Prepare
Begin MonoManager ReloadAssembly
[Licensing::Client] Successfully resolved entitlement details
- Loaded All Assemblies, in  0.608 seconds
Refreshing native plugins compatible for Editor in 0.58 ms, found 3 plugins.
Native extension for WindowsStandalone target not found
[Package Manager] Failed to launch server process. Reason: Unity was launched with the -noUpm command-line argument
[Package Manager] Unable to send message (not connected to server process).
[Package Manager] Cannot connect to Unity Package Manager local server
ScheduleIndexationOnStartup MainProcess:False IndexOnStartup:True
Mono: successfully reloaded assembly
- Finished resetting the current domain, in  0.646 seconds
Domain Reload Profiling: 1255ms
	BeginReloadAssembly (177ms)
		ExecutionOrderSort (0ms)
		DisableScriptedObjects (5ms)
		BackupInstance (0ms)
		ReleaseScriptingObjects (0ms)
		CreateAndSetChildDomain (38ms)
	RebuildCommonClasses (29ms)
	RebuildNativeTypeToScriptingClass (11ms)
	initialDomainReloadingComplete (26ms)
	LoadAllAssembliesAndSetupDomain (364ms)
		LoadAssemblies (294ms)
		RebuildTransferFunctionScriptingTraits (0ms)
		AnalyzeDomain (152ms)
			TypeCache.Refresh (8ms)
				TypeCache.ScanAssembly (0ms)
			BuildScriptInfoCaches (132ms)
			ResolveRequiredComponents (9ms)
	FinalizeReload (647ms)
		ReleaseScriptCaches (0ms)
		RebuildScriptCaches (0ms)
		SetupLoadedEditorAssemblies (512ms)
			LogAssemblyErrors (0ms)
			InitializePlatformSupportModulesInManaged (1ms)
			SetLoadedEditorAssemblies (4ms)
			BeforeProcessingInitializeOnLoad (108ms)
			ProcessInitializeOnLoadAttributes (346ms)
			ProcessInitializeOnLoadMethodAttributes (48ms)
			AfterProcessingInitializeOnLoad (5ms)
			EditorAssembliesLoaded (0ms)
		ExecutionOrderSort2 (0ms)
		AwakeInstancesAfterBackupRestoration (16ms)
Refreshing native plugins compatible for Editor in 0.67 ms, found 3 plugins.
Preloading 0 native plugins for Editor in 0.00 ms.
Unloading 30 Unused Serialized files (Serialized files now loaded: 0)
Unloading 6218 unused Assets / (5.7 MB). Loaded Objects now: 7898.
Memory consumption went from 180.1 MB to 174.4 MB.
Total: 6.857800 ms (FindLiveObjects: 0.524700 ms CreateObjectMapping: 0.416400 ms MarkObjects: 3.789500 ms  DeleteObjects: 2.126800 ms)

Prepare: number of updated asset objects reloaded= 0
========================================================================
Received Prepare
Begin MonoManager ReloadAssembly
- Loaded All Assemblies, in  0.600 seconds
Refreshing native plugins compatible for Editor in 0.59 ms, found 3 plugins.
Native extension for WindowsStandalone target not found
[Package Manager] Failed to launch server process. Reason: Unity was launched with the -noUpm command-line argument
[Package Manager] Unable to send message (not connected to server process).
[Package Manager] Cannot connect to Unity Package Manager local server
ScheduleIndexationOnStartup MainProcess:False IndexOnStartup:True
Mono: successfully reloaded assembly
- Finished resetting the current domain, in  0.637 seconds
Domain Reload Profiling: 1237ms
	BeginReloadAssembly (173ms)
		ExecutionOrderSort (0ms)
		DisableScriptedObjects (5ms)
		BackupInstance (0ms)
		ReleaseScriptingObjects (0ms)
		CreateAndSetChildDomain (41ms)
	RebuildCommonClasses (28ms)
	RebuildNativeTypeToScriptingClass (10ms)
	initialDomainReloadingComplete (23ms)
	LoadAllAssembliesAndSetupDomain (366ms)
		LoadAssemblies (290ms)
		RebuildTransferFunctionScriptingTraits (0ms)
		AnalyzeDomain (152ms)
			TypeCache.Refresh (6ms)
				TypeCache.ScanAssembly (0ms)
			BuildScriptInfoCaches (135ms)
			ResolveRequiredComponents (8ms)
	FinalizeReload (637ms)
		ReleaseScriptCaches (0ms)
		RebuildScriptCaches (0ms)
		SetupLoadedEditorAssemblies (507ms)
			LogAssemblyErrors (0ms)
			InitializePlatformSupportModulesInManaged (1ms)
			SetLoadedEditorAssemblies (4ms)
			BeforeProcessingInitializeOnLoad (107ms)
			ProcessInitializeOnLoadAttributes (344ms)
			ProcessInitializeOnLoadMethodAttributes (46ms)
			AfterProcessingInitializeOnLoad (4ms)
			EditorAssembliesLoaded (0ms)
		ExecutionOrderSort2 (0ms)
		AwakeInstancesAfterBackupRestoration (16ms)
Refreshing native plugins compatible for Editor in 0.73 ms, found 3 plugins.
Preloading 0 native plugins for Editor in 0.00 ms.
Unloading 30 Unused Serialized files (Serialized files now loaded: 0)
Unloading 6218 unused Assets / (5.6 MB). Loaded Objects now: 7901.
Memory consumption went from 180.1 MB to 174.5 MB.
Total: 6.900000 ms (FindLiveObjects: 0.536400 ms CreateObjectMapping: 0.417200 ms MarkObjects: 3.870800 ms  DeleteObjects: 2.074900 ms)

Prepare: number of updated asset objects reloaded= 0
========================================================================
Received Prepare
Refreshing native plugins compatible for Editor in 1.73 ms, found 3 plugins.
Preloading 0 native plugins for Editor in 0.00 ms.
Unloading 30 Unused Serialized files (Serialized files now loaded: 0)
Unloading 6212 unused Assets / (8.9 MB). Loaded Objects now: 7901.
Memory consumption went from 180.3 MB to 171.4 MB.
Total: 68.215900 ms (FindLiveObjects: 1.123000 ms CreateObjectMapping: 0.565200 ms MarkObjects: 8.761600 ms  DeleteObjects: 57.764600 ms)

Prepare: number of updated asset objects reloaded= 0
========================================================================
Received Prepare
Begin MonoManager ReloadAssembly
[Licensing::Client] Successfully resolved entitlement details
- Loaded All Assemblies, in  1.167 seconds
Refreshing native plugins compatible for Editor in 1.27 ms, found 3 plugins.
Native extension for WindowsStandalone target not found
[Package Manager] Failed to launch server process. Reason: Unity was launched with the -noUpm command-line argument
[Package Manager] Unable to send message (not connected to server process).
[Package Manager] Cannot connect to Unity Package Manager local server
ScheduleIndexationOnStartup MainProcess:False IndexOnStartup:True
Mono: successfully reloaded assembly
- Finished resetting the current domain, in  0.675 seconds
Domain Reload Profiling: 1835ms
	BeginReloadAssembly (298ms)
		ExecutionOrderSort (0ms)
		DisableScriptedObjects (8ms)
		BackupInstance (0ms)
		ReleaseScriptingObjects (0ms)
		CreateAndSetChildDomain (61ms)
	RebuildCommonClasses (43ms)
	RebuildNativeTypeToScriptingClass (17ms)
	initialDomainReloadingComplete (48ms)
	LoadAllAssembliesAndSetupDomain (753ms)
		LoadAssemblies (610ms)
		RebuildTransferFunctionScriptingTraits (0ms)
		AnalyzeDomain (286ms)
			TypeCache.Refresh (14ms)
				TypeCache.ScanAssembly (1ms)
			BuildScriptInfoCaches (252ms)
			ResolveRequiredComponents (15ms)
	FinalizeReload (676ms)
		ReleaseScriptCaches (0ms)
		RebuildScriptCaches (0ms)
		SetupLoadedEditorAssemblies (520ms)
			LogAssemblyErrors (0ms)
			InitializePlatformSupportModulesInManaged (2ms)
			SetLoadedEditorAssemblies (4ms)
			BeforeProcessingInitializeOnLoad (117ms)
			ProcessInitializeOnLoadAttributes (345ms)
			ProcessInitializeOnLoadMethodAttributes (48ms)
			AfterProcessingInitializeOnLoad (5ms)
			EditorAssembliesLoaded (0ms)
		ExecutionOrderSort2 (0ms)
		AwakeInstancesAfterBackupRestoration (16ms)
Refreshing native plugins compatible for Editor in 0.63 ms, found 3 plugins.
Preloading 0 native plugins for Editor in 0.00 ms.
Unloading 30 Unused Serialized files (Serialized files now loaded: 0)
Unloading 6218 unused Assets / (5.8 MB). Loaded Objects now: 7904.
Memory consumption went from 180.2 MB to 174.4 MB.
Total: 7.108700 ms (FindLiveObjects: 0.535400 ms CreateObjectMapping: 0.408600 ms MarkObjects: 3.926800 ms  DeleteObjects: 2.237300 ms)

Prepare: number of updated asset objects reloaded= 0
========================================================================
Received Prepare
Begin MonoManager ReloadAssembly
- Loaded All Assemblies, in  0.591 seconds
Refreshing native plugins compatible for Editor in 0.69 ms, found 3 plugins.
Native extension for WindowsStandalone target not found
[Package Manager] Failed to launch server process. Reason: Unity was launched with the -noUpm command-line argument
[Package Manager] Unable to send message (not connected to server process).
[Package Manager] Cannot connect to Unity Package Manager local server
ScheduleIndexationOnStartup MainProcess:False IndexOnStartup:True
Mono: successfully reloaded assembly
- Finished resetting the current domain, in  0.644 seconds
Domain Reload Profiling: 1235ms
	BeginReloadAssembly (171ms)
		ExecutionOrderSort (0ms)
		DisableScriptedObjects (6ms)
		BackupInstance (0ms)
		ReleaseScriptingObjects (0ms)
		CreateAndSetChildDomain (38ms)
	RebuildCommonClasses (28ms)
	RebuildNativeTypeToScriptingClass (10ms)
	initialDomainReloadingComplete (24ms)
	LoadAllAssembliesAndSetupDomain (357ms)
		LoadAssemblies (291ms)
		RebuildTransferFunctionScriptingTraits (0ms)
		AnalyzeDomain (144ms)
			TypeCache.Refresh (6ms)
				TypeCache.ScanAssembly (0ms)
			BuildScriptInfoCaches (126ms)
			ResolveRequiredComponents (8ms)
	FinalizeReload (645ms)
		ReleaseScriptCaches (0ms)
		RebuildScriptCaches (0ms)
		SetupLoadedEditorAssemblies (515ms)
			LogAssemblyErrors (0ms)
			InitializePlatformSupportModulesInManaged (2ms)
			SetLoadedEditorAssemblies (4ms)
			BeforeProcessingInitializeOnLoad (112ms)
			ProcessInitializeOnLoadAttributes (347ms)
			ProcessInitializeOnLoadMethodAttributes (47ms)
			AfterProcessingInitializeOnLoad (4ms)
			EditorAssembliesLoaded (0ms)
		ExecutionOrderSort2 (0ms)
		AwakeInstancesAfterBackupRestoration (15ms)
Refreshing native plugins compatible for Editor in 0.65 ms, found 3 plugins.
Preloading 0 native plugins for Editor in 0.00 ms.
Unloading 30 Unused Serialized files (Serialized files now loaded: 0)
Unloading 6218 unused Assets / (5.6 MB). Loaded Objects now: 7907.
Memory consumption went from 180.1 MB to 174.5 MB.
Total: 6.813900 ms (FindLiveObjects: 0.537000 ms CreateObjectMapping: 0.415700 ms MarkObjects: 3.767600 ms  DeleteObjects: 2.092600 ms)

Prepare: number of updated asset objects reloaded= 0
========================================================================
Received Prepare
Begin MonoManager ReloadAssembly
- Loaded All Assemblies, in  0.597 seconds
Refreshing native plugins compatible for Editor in 0.54 ms, found 3 plugins.
Native extension for WindowsStandalone target not found
[Package Manager] Failed to launch server process. Reason: Unity was launched with the -noUpm command-line argument
[Package Manager] Unable to send message (not connected to server process).
[Package Manager] Cannot connect to Unity Package Manager local server
ScheduleIndexationOnStartup MainProcess:False IndexOnStartup:True
Mono: successfully reloaded assembly
- Finished resetting the current domain, in  0.651 seconds
Domain Reload Profiling: 1248ms
	BeginReloadAssembly (177ms)
		ExecutionOrderSort (0ms)
		DisableScriptedObjects (5ms)
		BackupInstance (0ms)
		ReleaseScriptingObjects (0ms)
		CreateAndSetChildDomain (39ms)
	RebuildCommonClasses (28ms)
	RebuildNativeTypeToScriptingClass (10ms)
	initialDomainReloadingComplete (25ms)
	LoadAllAssembliesAndSetupDomain (357ms)
		LoadAssemblies (290ms)
		RebuildTransferFunctionScriptingTraits (0ms)
		AnalyzeDomain (149ms)
			TypeCache.Refresh (6ms)
				TypeCache.ScanAssembly (0ms)
			BuildScriptInfoCaches (131ms)
			ResolveRequiredComponents (8ms)
	FinalizeReload (651ms)
		ReleaseScriptCaches (0ms)
		RebuildScriptCaches (0ms)
		SetupLoadedEditorAssemblies (520ms)
			LogAssemblyErrors (0ms)
			InitializePlatformSupportModulesInManaged (1ms)
			SetLoadedEditorAssemblies (4ms)
			BeforeProcessingInitializeOnLoad (110ms)
			ProcessInitializeOnLoadAttributes (350ms)
			ProcessInitializeOnLoadMethodAttributes (51ms)
			AfterProcessingInitializeOnLoad (5ms)
			EditorAssembliesLoaded (0ms)
		ExecutionOrderSort2 (0ms)
		AwakeInstancesAfterBackupRestoration (17ms)
Refreshing native plugins compatible for Editor in 0.75 ms, found 3 plugins.
Preloading 0 native plugins for Editor in 0.00 ms.
Unloading 30 Unused Serialized files (Serialized files now loaded: 0)
Unloading 6218 unused Assets / (6.2 MB). Loaded Objects now: 7910.
Memory consumption went from 180.3 MB to 174.1 MB.
Total: 7.877400 ms (FindLiveObjects: 0.597400 ms CreateObjectMapping: 0.443400 ms MarkObjects: 4.149600 ms  DeleteObjects: 2.686200 ms)

Prepare: number of updated asset objects reloaded= 0
========================================================================
Received Import Request.
  Time since last request: 409.001448 seconds.
  path: Assets/imagenes y sonidos/caac7482-73fe-400e-af62-1573a18a4afe.png
  artifactKey: Guid(2f59369d90b48fc4886468b3691985c5) Importer(815301076,1909f56bfc062723c751e8b465ee728b)
Start importing Assets/imagenes y sonidos/caac7482-73fe-400e-af62-1573a18a4afe.png using Guid(2f59369d90b48fc4886468b3691985c5) Importer(815301076,1909f56bfc062723c751e8b465ee728b) (PreviewImporter) -> (artifact id: 'b989a0bd33dbdd495d6572c8cbc2e4c6') in 0.0693038 seconds
Number of updated asset objects reloaded before import = 0Number of asset objects unloaded after import = 2

========================================================================
Received Import Request.
  Time since last request: 5.594348 seconds.
  path: Assets/imagenes y sonidos/84294d05-99a5-4c3e-86b7-5e0159972f9f.png
  artifactKey: Guid(1f06530db4fd09241b8ae1d91eb90f89) Importer(815301076,1909f56bfc062723c751e8b465ee728b)
Start importing Assets/imagenes y sonidos/84294d05-99a5-4c3e-86b7-5e0159972f9f.png using Guid(1f06530db4fd09241b8ae1d91eb90f89) Importer(815301076,1909f56bfc062723c751e8b465ee728b) (PreviewImporter) -> (artifact id: 'd515118f1ec0017fd24d7027b7c4bccb') in 0.0082657 seconds
Number of updated asset objects reloaded before import = 0Number of asset objects unloaded after import = 2

========================================================================
Received Import Request.
  Time since last request: 13.635099 seconds.
  path: Assets/imagenes y sonidos/b19fc566-44e4-46ea-82fd-b45696fed9a5.png
  artifactKey: Guid(a0dffd49d22492f459b7c3dcc714d188) Importer(815301076,1909f56bfc062723c751e8b465ee728b)
Start importing Assets/imagenes y sonidos/b19fc566-44e4-46ea-82fd-b45696fed9a5.png using Guid(a0dffd49d22492f459b7c3dcc714d188) Importer(815301076,1909f56bfc062723c751e8b465ee728b) (PreviewImporter) -> (artifact id: '395370f2e5e14fabdeda1247e4d20630') in 0.0120004 seconds
Number of updated asset objects reloaded before import = 0Number of asset objects unloaded after import = 2

========================================================================
Received Prepare
Refreshing native plugins compatible for Editor in 3.39 ms, found 3 plugins.
Preloading 0 native plugins for Editor in 0.00 ms.
Unloading 30 Unused Serialized files (Serialized files now loaded: 0)
Unloading 6212 unused Assets / (3.8 MB). Loaded Objects now: 7910.
Memory consumption went from 180.5 MB to 176.7 MB.
Total: 75.091800 ms (FindLiveObjects: 1.423900 ms CreateObjectMapping: 0.603600 ms MarkObjects: 70.243300 ms  DeleteObjects: 2.819100 ms)

Prepare: number of updated asset objects reloaded= 0
========================================================================
Received Import Request.
  Time since last request: 54692.883121 seconds.
  path: Assets/Scripts/MainMenu.cs
  artifactKey: Guid(8b5db913487cba44897d75085cd1d238) Importer(2089858483,b0f066a214c2f5e87bad3c948f4d605d)
Start importing Assets/Scripts/MainMenu.cs using Guid(8b5db913487cba44897d75085cd1d238) Importer(2089858483,b0f066a214c2f5e87bad3c948f4d605d) (ScriptedImporter) -> (artifact id: 'dc2e7f1451326eb232bf229ad013e968') in 0.1441813 seconds
Number of updated asset objects reloaded before import = 0Number of asset objects unloaded after import = 0

========================================================================
Received Import Request.
  Time since last request: 0.000021 seconds.
  path: Assets/imagenes y sonidos/84294d05-99a5-4c3e-86b7-5e0159972f9f.png
  artifactKey: Guid(1f06530db4fd09241b8ae1d91eb90f89) Importer(2089858483,b0f066a214c2f5e87bad3c948f4d605d)
Start importing Assets/imagenes y sonidos/84294d05-99a5-4c3e-86b7-5e0159972f9f.png using Guid(1f06530db4fd09241b8ae1d91eb90f89) Importer(2089858483,b0f066a214c2f5e87bad3c948f4d605d) (ScriptedImporter) -> (artifact id: '47dd859446cada19e759b122b495b72c') in 0.0574052 seconds
Number of updated asset objects reloaded before import = 0Number of asset objects unloaded after import = 1

========================================================================
Received Import Request.
  Time since last request: 0.000023 seconds.
  path: Assets/imagenes y sonidos/caac7482-73fe-400e-af62-1573a18a4afe.png
  artifactKey: Guid(2f59369d90b48fc4886468b3691985c5) Importer(2089858483,b0f066a214c2f5e87bad3c948f4d605d)
Start importing Assets/imagenes y sonidos/caac7482-73fe-400e-af62-1573a18a4afe.png using Guid(2f59369d90b48fc4886468b3691985c5) Importer(2089858483,b0f066a214c2f5e87bad3c948f4d605d) (ScriptedImporter) -> (artifact id: 'b1b11308f1e986b94021c82ff3416852') in 0.0111787 seconds
Number of updated asset objects reloaded before import = 0Number of asset objects unloaded after import = 1

========================================================================
Received Import Request.
  Time since last request: 0.345616 seconds.
  path: Assets/Scripts/GameManager.cs
  artifactKey: Guid(6eb940374ceaeb543998c240481b886d) Importer(2089858483,b0f066a214c2f5e87bad3c948f4d605d)
Start importing Assets/Scripts/GameManager.cs using Guid(6eb940374ceaeb543998c240481b886d) Importer(2089858483,b0f066a214c2f5e87bad3c948f4d605d) (ScriptedImporter) -> (artifact id: '07ae84290a395c9515438a02f8dc24a9') in 0.0039804 seconds
Number of updated asset objects reloaded before import = 0Number of asset objects unloaded after import = 0

========================================================================
Received Prepare
Refreshing native plugins compatible for Editor in 0.85 ms, found 3 plugins.
Preloading 0 native plugins for Editor in 0.00 ms.
Unloading 30 Unused Serialized files (Serialized files now loaded: 0)
Unloading 6213 unused Assets / (5.6 MB). Loaded Objects now: 7911.
Memory consumption went from 180.6 MB to 174.9 MB.
Total: 10.257800 ms (FindLiveObjects: 0.914300 ms CreateObjectMapping: 0.452800 ms MarkObjects: 5.969900 ms  DeleteObjects: 2.919200 ms)

Prepare: number of updated asset objects reloaded= 0
========================================================================
Received Import Request.
  Time since last request: 1.116542 seconds.
  path: Assets/Scripts/GameOverUI.cs
  artifactKey: Guid(0ddfa152d473e8c41898b7f3cb2fb9d0) Importer(815301076,1909f56bfc062723c751e8b465ee728b)
Start importing Assets/Scripts/GameOverUI.cs using Guid(0ddfa152d473e8c41898b7f3cb2fb9d0) Importer(815301076,1909f56bfc062723c751e8b465ee728b) (PreviewImporter) -> (artifact id: '310442717238b959867838e94ce1c2b7') in 0.0059731 seconds
Number of updated asset objects reloaded before import = 0Number of asset objects unloaded after import = 0

========================================================================
Received Import Request.
  Time since last request: 0.184815 seconds.
  path: Assets/Scripts/GameOverUI.cs
  artifactKey: Guid(0ddfa152d473e8c41898b7f3cb2fb9d0) Importer(2089858483,b0f066a214c2f5e87bad3c948f4d605d)
Start importing Assets/Scripts/GameOverUI.cs using Guid(0ddfa152d473e8c41898b7f3cb2fb9d0) Importer(2089858483,b0f066a214c2f5e87bad3c948f4d605d) (ScriptedImporter) -> (artifact id: '4612e7692b9490c76c7daa0130a9b409') in 0.002924 seconds
Number of updated asset objects reloaded before import = 0Number of asset objects unloaded after import = 0

========================================================================
Received Prepare
Refreshing native plugins compatible for Editor in 2.00 ms, found 3 plugins.
Preloading 0 native plugins for Editor in 0.00 ms.
Unloading 30 Unused Serialized files (Serialized files now loaded: 0)
Unloading 6213 unused Assets / (6.0 MB). Loaded Objects now: 7911.
Memory consumption went from 180.6 MB to 174.6 MB.
Total: 15.384000 ms (FindLiveObjects: 1.398300 ms CreateObjectMapping: 0.884400 ms MarkObjects: 8.833600 ms  DeleteObjects: 4.266100 ms)

Prepare: number of updated asset objects reloaded= 0
========================================================================
Received Import Request.
  Time since last request: 10.046447 seconds.
  path: Assets/Scripts/GameOverUI.cs
  artifactKey: Guid(0ddfa152d473e8c41898b7f3cb2fb9d0) Importer(2089858483,b0f066a214c2f5e87bad3c948f4d605d)
Start importing Assets/Scripts/GameOverUI.cs using Guid(0ddfa152d473e8c41898b7f3cb2fb9d0) Importer(2089858483,b0f066a214c2f5e87bad3c948f4d605d) (ScriptedImporter) -> (artifact id: '6efffbaa54a56d0077647535efe2c0b3') in 0.0286158 seconds
Number of updated asset objects reloaded before import = 0Number of asset objects unloaded after import = 0

========================================================================
Received Prepare
Refreshing native plugins compatible for Editor in 0.87 ms, found 3 plugins.
Preloading 0 native plugins for Editor in 0.00 ms.
Unloading 30 Unused Serialized files (Serialized files now loaded: 0)
Unloading 6214 unused Assets / (5.6 MB). Loaded Objects now: 7912.
Memory consumption went from 180.6 MB to 175.0 MB.
Total: 7.767900 ms (FindLiveObjects: 0.578200 ms CreateObjectMapping: 0.430400 ms MarkObjects: 4.470500 ms  DeleteObjects: 2.288000 ms)

Prepare: number of updated asset objects reloaded= 0
========================================================================
Received Import Request.
  Time since last request: 8.373280 seconds.
  path: Assets/Scripts/VictoryUI.cs
  artifactKey: Guid(b23e7eca8f110564daea433944200fe1) Importer(815301076,1909f56bfc062723c751e8b465ee728b)
Start importing Assets/Scripts/VictoryUI.cs using Guid(b23e7eca8f110564daea433944200fe1) Importer(815301076,1909f56bfc062723c751e8b465ee728b) (PreviewImporter) -> (artifact id: '62a450ea5d4395a6deecb3971737d2ee') in 0.0044715 seconds
Number of updated asset objects reloaded before import = 0Number of asset objects unloaded after import = 0

========================================================================
Received Import Request.
  Time since last request: 0.614889 seconds.
  path: Assets/Scripts/VictoryUI.cs
  artifactKey: Guid(b23e7eca8f110564daea433944200fe1) Importer(2089858483,b0f066a214c2f5e87bad3c948f4d605d)
Start importing Assets/Scripts/VictoryUI.cs using Guid(b23e7eca8f110564daea433944200fe1) Importer(2089858483,b0f066a214c2f5e87bad3c948f4d605d) (ScriptedImporter) -> (artifact id: '477787d5601b080c8c694314cc5329e6') in 0.0061245 seconds
Number of updated asset objects reloaded before import = 0Number of asset objects unloaded after import = 0

========================================================================
Received Prepare
Refreshing native plugins compatible for Editor in 3.37 ms, found 3 plugins.
Preloading 0 native plugins for Editor in 0.00 ms.
Unloading 30 Unused Serialized files (Serialized files now loaded: 0)
Unloading 6214 unused Assets / (3.2 MB). Loaded Objects now: 7912.
Memory consumption went from 180.6 MB to 177.3 MB.
Total: 17.311100 ms (FindLiveObjects: 1.540300 ms CreateObjectMapping: 1.090400 ms MarkObjects: 10.042400 ms  DeleteObjects: 4.636500 ms)

Prepare: number of updated asset objects reloaded= 0
========================================================================
Received Import Request.
  Time since last request: 8.159069 seconds.
  path: Assets/Scripts/VictoryUI.cs
  artifactKey: Guid(b23e7eca8f110564daea433944200fe1) Importer(2089858483,b0f066a214c2f5e87bad3c948f4d605d)
Start importing Assets/Scripts/VictoryUI.cs using Guid(b23e7eca8f110564daea433944200fe1) Importer(2089858483,b0f066a214c2f5e87bad3c948f4d605d) (ScriptedImporter) -> (artifact id: '80d8958ece561ca96bf2f13f83f62d53') in 0.017638 seconds
Number of updated asset objects reloaded before import = 0Number of asset objects unloaded after import = 0

========================================================================
Received Prepare
Begin MonoManager ReloadAssembly
[Licensing::Client] Successfully resolved entitlement details
- Loaded All Assemblies, in  1.920 seconds
Refreshing native plugins compatible for Editor in 3.51 ms, found 3 plugins.
Native extension for WindowsStandalone target not found
[Package Manager] Failed to launch server process. Reason: Unity was launched with the -noUpm command-line argument
[Package Manager] Unable to send message (not connected to server process).
[Package Manager] Cannot connect to Unity Package Manager local server
ScheduleIndexationOnStartup MainProcess:False IndexOnStartup:True
Mono: successfully reloaded assembly
- Finished resetting the current domain, in  2.581 seconds
Domain Reload Profiling: 4488ms
	BeginReloadAssembly (529ms)
		ExecutionOrderSort (0ms)
		DisableScriptedObjects (20ms)
		BackupInstance (0ms)
		ReleaseScriptingObjects (0ms)
		CreateAndSetChildDomain (174ms)
	RebuildCommonClasses (65ms)
	RebuildNativeTypeToScriptingClass (24ms)
	initialDomainReloadingComplete (83ms)
	LoadAllAssembliesAndSetupDomain (1206ms)
		LoadAssemblies (1065ms)
		RebuildTransferFunctionScriptingTraits (0ms)
		AnalyzeDomain (357ms)
			TypeCache.Refresh (17ms)
				TypeCache.ScanAssembly (1ms)
			BuildScriptInfoCaches (310ms)
			ResolveRequiredComponents (23ms)
	FinalizeReload (2581ms)
		ReleaseScriptCaches (0ms)
		RebuildScriptCaches (0ms)
		SetupLoadedEditorAssemblies (2212ms)
			LogAssemblyErrors (0ms)
			InitializePlatformSupportModulesInManaged (5ms)
			SetLoadedEditorAssemblies (14ms)
			BeforeProcessingInitializeOnLoad (704ms)
			ProcessInitializeOnLoadAttributes (1321ms)
			ProcessInitializeOnLoadMethodAttributes (152ms)
			AfterProcessingInitializeOnLoad (14ms)
			EditorAssembliesLoaded (1ms)
		ExecutionOrderSort2 (0ms)
		AwakeInstancesAfterBackupRestoration (39ms)
Refreshing native plugins compatible for Editor in 2.98 ms, found 3 plugins.
Preloading 0 native plugins for Editor in 0.00 ms.
Unloading 30 Unused Serialized files (Serialized files now loaded: 0)
Unloading 6220 unused Assets / (5.3 MB). Loaded Objects now: 7915.
Memory consumption went from 180.3 MB to 175.0 MB.
Total: 11.616500 ms (FindLiveObjects: 1.272700 ms CreateObjectMapping: 0.528500 ms MarkObjects: 6.364600 ms  DeleteObjects: 3.448900 ms)

Prepare: number of updated asset objects reloaded= 0
========================================================================
Received Import Request.
  Time since last request: 54.090925 seconds.
  path: Assets/imagenes y sonidos/84294d05-99a5-4c3e-86b7-5e0159972f9f.png
  artifactKey: Guid(1f06530db4fd09241b8ae1d91eb90f89) Importer(815301076,1909f56bfc062723c751e8b465ee728b)
Start importing Assets/imagenes y sonidos/84294d05-99a5-4c3e-86b7-5e0159972f9f.png using Guid(1f06530db4fd09241b8ae1d91eb90f89) Importer(815301076,1909f56bfc062723c751e8b465ee728b) (PreviewImporter) -> (artifact id: '3395a652cf5ed021402ea724c71efadb') in 0.0718348 seconds
Number of updated asset objects reloaded before import = 0Number of asset objects unloaded after import = 3

========================================================================
Received Import Request.
  Time since last request: 4.219378 seconds.
  path: Assets/imagenes y sonidos/b19fc566-44e4-46ea-82fd-b45696fed9a5.png
  artifactKey: Guid(a0dffd49d22492f459b7c3dcc714d188) Importer(815301076,1909f56bfc062723c751e8b465ee728b)
Start importing Assets/imagenes y sonidos/b19fc566-44e4-46ea-82fd-b45696fed9a5.png using Guid(a0dffd49d22492f459b7c3dcc714d188) Importer(815301076,1909f56bfc062723c751e8b465ee728b) (PreviewImporter) -> (artifact id: '87333a56927b08fb7d5a07ebb036c346') in 0.0125442 seconds
Number of updated asset objects reloaded before import = 0Number of asset objects unloaded after import = 3

========================================================================
Received Import Request.
  Time since last request: 6.085405 seconds.
  path: Assets/imagenes y sonidos/caac7482-73fe-400e-af62-1573a18a4afe.png
  artifactKey: Guid(2f59369d90b48fc4886468b3691985c5) Importer(815301076,1909f56bfc062723c751e8b465ee728b)
Start importing Assets/imagenes y sonidos/caac7482-73fe-400e-af62-1573a18a4afe.png using Guid(2f59369d90b48fc4886468b3691985c5) Importer(815301076,1909f56bfc062723c751e8b465ee728b) (PreviewImporter) -> (artifact id: '9f17f8aece279f449957d4450057fb3e') in 0.0177243 seconds
Number of updated asset objects reloaded before import = 0Number of asset objects unloaded after import = 3

========================================================================
Received Import Request.
  Time since last request: 258.951378 seconds.
  path: Assets/Triangularity/ColorfulCity/Models/Colliders/Building1_a_Collider.FBX
  artifactKey: Guid(7d6d858bd7b79c847b97a1960b2ee1a9) Importer(815301076,1909f56bfc062723c751e8b465ee728b)
Start importing Assets/Triangularity/ColorfulCity/Models/Colliders/Building1_a_Collider.FBX using Guid(7d6d858bd7b79c847b97a1960b2ee1a9) Importer(815301076,1909f56bfc062723c751e8b465ee728b) (PreviewImporter) -> (artifact id: '2f056d990e8653f0b51277b0f596c6d2') in 0.4114031 seconds
Number of updated asset objects reloaded before import = 0Number of asset objects unloaded after import = 7

========================================================================
Received Import Request.
  Time since last request: 13.824808 seconds.
  path: Assets/Scripts/GameOverUI.cs
  artifactKey: Guid(0ddfa152d473e8c41898b7f3cb2fb9d0) Importer(815301076,1909f56bfc062723c751e8b465ee728b)
Start importing Assets/Scripts/GameOverUI.cs using Guid(0ddfa152d473e8c41898b7f3cb2fb9d0) Importer(815301076,1909f56bfc062723c751e8b465ee728b) (PreviewImporter) -> (artifact id: '6d9b808883ded229e921963531b589c2') in 0.0007221 seconds
Number of updated asset objects reloaded before import = 0Number of asset objects unloaded after import = 0

========================================================================
Received Prepare
Begin MonoManager ReloadAssembly
[Licensing::Client] Successfully resolved entitlement details
- Loaded All Assemblies, in  0.692 seconds
Refreshing native plugins compatible for Editor in 0.59 ms, found 3 plugins.
Native extension for WindowsStandalone target not found
[Package Manager] Failed to launch server process. Reason: Unity was launched with the -noUpm command-line argument
[Package Manager] Unable to send message (not connected to server process).
[Package Manager] Cannot connect to Unity Package Manager local server
ScheduleIndexationOnStartup MainProcess:False IndexOnStartup:True
Mono: successfully reloaded assembly
- Finished resetting the current domain, in  0.661 seconds
Domain Reload Profiling: 1353ms
	BeginReloadAssembly (220ms)
		ExecutionOrderSort (0ms)
		DisableScriptedObjects (21ms)
		BackupInstance (0ms)
		ReleaseScriptingObjects (0ms)
		CreateAndSetChildDomain (60ms)
	RebuildCommonClasses (28ms)
	RebuildNativeTypeToScriptingClass (10ms)
	initialDomainReloadingComplete (25ms)
	LoadAllAssembliesAndSetupDomain (409ms)
		LoadAssemblies (326ms)
		RebuildTransferFunctionScriptingTraits (0ms)
		AnalyzeDomain (170ms)
			TypeCache.Refresh (6ms)
				TypeCache.ScanAssembly (0ms)
			BuildScriptInfoCaches (151ms)
			ResolveRequiredComponents (9ms)
	FinalizeReload (661ms)
		ReleaseScriptCaches (0ms)
		RebuildScriptCaches (0ms)
		SetupLoadedEditorAssemblies (529ms)
			LogAssemblyErrors (0ms)
			InitializePlatformSupportModulesInManaged (2ms)
			SetLoadedEditorAssemblies (4ms)
			BeforeProcessingInitializeOnLoad (115ms)
			ProcessInitializeOnLoadAttributes (351ms)
			ProcessInitializeOnLoadMethodAttributes (52ms)
			AfterProcessingInitializeOnLoad (5ms)
			EditorAssembliesLoaded (0ms)
		ExecutionOrderSort2 (0ms)
		AwakeInstancesAfterBackupRestoration (16ms)
Refreshing native plugins compatible for Editor in 0.82 ms, found 3 plugins.
Preloading 0 native plugins for Editor in 0.00 ms.
Unloading 30 Unused Serialized files (Serialized files now loaded: 0)
Unloading 6221 unused Assets / (6.0 MB). Loaded Objects now: 7940.
Memory consumption went from 180.5 MB to 174.5 MB.
Total: 7.923400 ms (FindLiveObjects: 0.599300 ms CreateObjectMapping: 0.459000 ms MarkObjects: 4.306900 ms  DeleteObjects: 2.556900 ms)

Prepare: number of updated asset objects reloaded= 0
========================================================================
Received Prepare
Begin MonoManager ReloadAssembly
- Loaded All Assemblies, in  0.631 seconds
Refreshing native plugins compatible for Editor in 0.60 ms, found 3 plugins.
Native extension for WindowsStandalone target not found
[Package Manager] Failed to launch server process. Reason: Unity was launched with the -noUpm command-line argument
[Package Manager] Unable to send message (not connected to server process).
[Package Manager] Cannot connect to Unity Package Manager local server
ScheduleIndexationOnStartup MainProcess:False IndexOnStartup:True
Mono: successfully reloaded assembly
- Finished resetting the current domain, in  0.669 seconds
Domain Reload Profiling: 1300ms
	BeginReloadAssembly (181ms)
		ExecutionOrderSort (0ms)
		DisableScriptedObjects (5ms)
		BackupInstance (0ms)
		ReleaseScriptingObjects (0ms)
		CreateAndSetChildDomain (38ms)
	RebuildCommonClasses (33ms)
	RebuildNativeTypeToScriptingClass (11ms)
	initialDomainReloadingComplete (25ms)
	LoadAllAssembliesAndSetupDomain (381ms)
		LoadAssemblies (315ms)
		RebuildTransferFunctionScriptingTraits (0ms)
		AnalyzeDomain (154ms)
			TypeCache.Refresh (6ms)
				TypeCache.ScanAssembly (0ms)
			BuildScriptInfoCaches (134ms)
			ResolveRequiredComponents (9ms)
	FinalizeReload (669ms)
		ReleaseScriptCaches (0ms)
		RebuildScriptCaches (0ms)
		SetupLoadedEditorAssemblies (530ms)
			LogAssemblyErrors (0ms)
			InitializePlatformSupportModulesInManaged (1ms)
			SetLoadedEditorAssemblies (3ms)
			BeforeProcessingInitializeOnLoad (114ms)
			ProcessInitializeOnLoadAttributes (354ms)
			ProcessInitializeOnLoadMethodAttributes (52ms)
			AfterProcessingInitializeOnLoad (5ms)
			EditorAssembliesLoaded (0ms)
		ExecutionOrderSort2 (0ms)
		AwakeInstancesAfterBackupRestoration (16ms)
Refreshing native plugins compatible for Editor in 0.66 ms, found 3 plugins.
Preloading 0 native plugins for Editor in 0.00 ms.
Unloading 30 Unused Serialized files (Serialized files now loaded: 0)
Unloading 6220 unused Assets / (6.0 MB). Loaded Objects now: 7943.
Memory consumption went from 180.4 MB to 174.4 MB.
Total: 7.378300 ms (FindLiveObjects: 0.601500 ms CreateObjectMapping: 0.393100 ms MarkObjects: 4.007000 ms  DeleteObjects: 2.375800 ms)

Prepare: number of updated asset objects reloaded= 0
========================================================================
Received Import Request.
  Time since last request: 125.894497 seconds.
  path: Assets/Scenes/menu.unity
  artifactKey: Guid(1fcc11e8fd7c45f42b340a16e8a63ba3) Importer(815301076,1909f56bfc062723c751e8b465ee728b)
Start importing Assets/Scenes/menu.unity using Guid(1fcc11e8fd7c45f42b340a16e8a63ba3) Importer(815301076,1909f56bfc062723c751e8b465ee728b) (PreviewImporter) -> (artifact id: 'f5d228ed2be4cf5081a35c1abc6c7bfa') in 0.011758 seconds
Number of updated asset objects reloaded before import = 0Number of asset objects unloaded after import = 0

========================================================================
Received Import Request.
  Time since last request: 20.911480 seconds.
  path: Assets/Scenes/escena juego.unity
  artifactKey: Guid(0bee1050fb8504d409d92a6fc4b87d28) Importer(815301076,1909f56bfc062723c751e8b465ee728b)
Start importing Assets/Scenes/escena juego.unity using Guid(0bee1050fb8504d409d92a6fc4b87d28) Importer(815301076,1909f56bfc062723c751e8b465ee728b) (PreviewImporter) -> (artifact id: '2fbd160876a6470077c9e62511dde379') in 0.0006523 seconds
Number of updated asset objects reloaded before import = 0Number of asset objects unloaded after import = 0

========================================================================
Received Prepare
Begin MonoManager ReloadAssembly
[Licensing::Client] Successfully resolved entitlement details
- Loaded All Assemblies, in  0.627 seconds
Refreshing native plugins compatible for Editor in 0.98 ms, found 3 plugins.
Native extension for WindowsStandalone target not found
[Package Manager] Failed to launch server process. Reason: Unity was launched with the -noUpm command-line argument
[Package Manager] Unable to send message (not connected to server process).
[Package Manager] Cannot connect to Unity Package Manager local server
ScheduleIndexationOnStartup MainProcess:False IndexOnStartup:True
Mono: successfully reloaded assembly
- Finished resetting the current domain, in  0.685 seconds
Domain Reload Profiling: 1312ms
	BeginReloadAssembly (186ms)
		ExecutionOrderSort (0ms)
		DisableScriptedObjects (5ms)
		BackupInstance (0ms)
		ReleaseScriptingObjects (0ms)
		CreateAndSetChildDomain (43ms)
	RebuildCommonClasses (27ms)
	RebuildNativeTypeToScriptingClass (10ms)
	initialDomainReloadingComplete (24ms)
	LoadAllAssembliesAndSetupDomain (378ms)
		LoadAssemblies (312ms)
		RebuildTransferFunctionScriptingTraits (0ms)
		AnalyzeDomain (151ms)
			TypeCache.Refresh (6ms)
				TypeCache.ScanAssembly (0ms)
			BuildScriptInfoCaches (133ms)
			ResolveRequiredComponents (9ms)
	FinalizeReload (685ms)
		ReleaseScriptCaches (0ms)
		RebuildScriptCaches (0ms)
		SetupLoadedEditorAssemblies (546ms)
			LogAssemblyErrors (0ms)
			InitializePlatformSupportModulesInManaged (1ms)
			SetLoadedEditorAssemblies (3ms)
			BeforeProcessingInitializeOnLoad (112ms)
			ProcessInitializeOnLoadAttributes (372ms)
			ProcessInitializeOnLoadMethodAttributes (52ms)
			AfterProcessingInitializeOnLoad (5ms)
			EditorAssembliesLoaded (0ms)
		ExecutionOrderSort2 (0ms)
		AwakeInstancesAfterBackupRestoration (17ms)
Refreshing native plugins compatible for Editor in 0.67 ms, found 3 plugins.
Preloading 0 native plugins for Editor in 0.00 ms.
Unloading 30 Unused Serialized files (Serialized files now loaded: 0)
Unloading 6220 unused Assets / (5.7 MB). Loaded Objects now: 7946.
Memory consumption went from 180.4 MB to 174.7 MB.
Total: 7.141300 ms (FindLiveObjects: 0.546900 ms CreateObjectMapping: 0.441300 ms MarkObjects: 3.872600 ms  DeleteObjects: 2.279600 ms)

Prepare: number of updated asset objects reloaded= 0
========================================================================
Received Import Request.
  Time since last request: 140.603225 seconds.
  path: Assets/imagenes y sonidos/6b140e85-8a4e-4838-aed9-6e4bdf1460da.png
  artifactKey: Guid(60a63148aab0e6449a8d28c1c2a0f5d3) Importer(815301076,1909f56bfc062723c751e8b465ee728b)
Start importing Assets/imagenes y sonidos/6b140e85-8a4e-4838-aed9-6e4bdf1460da.png using Guid(60a63148aab0e6449a8d28c1c2a0f5d3) Importer(815301076,1909f56bfc062723c751e8b465ee728b) (PreviewImporter) -> (artifact id: 'd3bc14902a9f4a8195d091080798f4b1') in 0.0544871 seconds
Number of updated asset objects reloaded before import = 0Number of asset objects unloaded after import = 2

========================================================================
Received Import Request.
  Time since last request: 4.336556 seconds.
  path: Assets/imagenes y sonidos/84294d05-99a5-4c3e-86b7-5e0159972f9f.png
  artifactKey: Guid(1f06530db4fd09241b8ae1d91eb90f89) Importer(2089858483,b0f066a214c2f5e87bad3c948f4d605d)
Start importing Assets/imagenes y sonidos/84294d05-99a5-4c3e-86b7-5e0159972f9f.png using Guid(1f06530db4fd09241b8ae1d91eb90f89) Importer(2089858483,b0f066a214c2f5e87bad3c948f4d605d) (ScriptedImporter) -> (artifact id: 'd82a83e0c45deb6c1aba4ad853dff748') in 0.1013293 seconds
Number of updated asset objects reloaded before import = 0Number of asset objects unloaded after import = 3

========================================================================
Received Import Request.
  Time since last request: 0.000020 seconds.
  path: Assets/Scenes/escena juego.unity
  artifactKey: Guid(0bee1050fb8504d409d92a6fc4b87d28) Importer(2089858483,b0f066a214c2f5e87bad3c948f4d605d)
Start importing Assets/Scenes/escena juego.unity using Guid(0bee1050fb8504d409d92a6fc4b87d28) Importer(2089858483,b0f066a214c2f5e87bad3c948f4d605d) (ScriptedImporter) -> (artifact id: '41511c1500441cf1d1c98e08a9a1f447') in 0.1616604 seconds
Number of updated asset objects reloaded before import = 0Number of asset objects unloaded after import = 1

========================================================================
Received Import Request.
  Time since last request: 4.420812 seconds.
  path: Assets/imagenes y sonidos/478c0f6d-7acd-4b17-b0a7-f4f278c35a37.png
  artifactKey: Guid(6de4424592375964db6ce142442a1e9a) Importer(815301076,1909f56bfc062723c751e8b465ee728b)
Start importing Assets/imagenes y sonidos/478c0f6d-7acd-4b17-b0a7-f4f278c35a37.png using Guid(6de4424592375964db6ce142442a1e9a) Importer(815301076,1909f56bfc062723c751e8b465ee728b) (PreviewImporter) -> (artifact id: 'bda6fcf18ed3195a814df540cac3ee16') in 0.0117803 seconds
Number of updated asset objects reloaded before import = 0Number of asset objects unloaded after import = 2

========================================================================
Received Import Request.
  Time since last request: 0.950667 seconds.
  path: Assets/imagenes y sonidos/478c0f6d-7acd-4b17-b0a7-f4f278c35a37.png
  artifactKey: Guid(6de4424592375964db6ce142442a1e9a) Importer(2089858483,b0f066a214c2f5e87bad3c948f4d605d)
Start importing Assets/imagenes y sonidos/478c0f6d-7acd-4b17-b0a7-f4f278c35a37.png using Guid(6de4424592375964db6ce142442a1e9a) Importer(2089858483,b0f066a214c2f5e87bad3c948f4d605d) (ScriptedImporter) -> (artifact id: '4cf4bd008688b36ae73c0c015e42bb31') in 0.0066859 seconds
Number of updated asset objects reloaded before import = 0Number of asset objects unloaded after import = 1

========================================================================
Received Import Request.
  Time since last request: 4.042512 seconds.
  path: Assets/imagenes y sonidos/478c0f6d-7acd-4b17-b0a7-f4f278c35a37.png
  artifactKey: Guid(6de4424592375964db6ce142442a1e9a) Importer(815301076,1909f56bfc062723c751e8b465ee728b)
Start importing Assets/imagenes y sonidos/478c0f6d-7acd-4b17-b0a7-f4f278c35a37.png using Guid(6de4424592375964db6ce142442a1e9a) Importer(815301076,1909f56bfc062723c751e8b465ee728b) (PreviewImporter) -> (artifact id: 'a74fdd63784c51e57d04a6f87af8c96f') in 0.0231368 seconds
Number of updated asset objects reloaded before import = 0Number of asset objects unloaded after import = 3

========================================================================
Received Import Request.
  Time since last request: 0.929972 seconds.
  path: Assets/imagenes y sonidos/478c0f6d-7acd-4b17-b0a7-f4f278c35a37.png
  artifactKey: Guid(6de4424592375964db6ce142442a1e9a) Importer(2089858483,b0f066a214c2f5e87bad3c948f4d605d)
Start importing Assets/imagenes y sonidos/478c0f6d-7acd-4b17-b0a7-f4f278c35a37.png using Guid(6de4424592375964db6ce142442a1e9a) Importer(2089858483,b0f066a214c2f5e87bad3c948f4d605d) (ScriptedImporter) -> (artifact id: '4b7904af74979b9543fa19272f8b26f9') in 0.0091457 seconds
Number of updated asset objects reloaded before import = 0Number of asset objects unloaded after import = 3

========================================================================
Received Prepare
Begin MonoManager ReloadAssembly
[Licensing::Client] Successfully resolved entitlement details
- Loaded All Assemblies, in  0.661 seconds
Refreshing native plugins compatible for Editor in 0.79 ms, found 3 plugins.
Native extension for WindowsStandalone target not found
[Package Manager] Failed to launch server process. Reason: Unity was launched with the -noUpm command-line argument
[Package Manager] Unable to send message (not connected to server process).
[Package Manager] Cannot connect to Unity Package Manager local server
ScheduleIndexationOnStartup MainProcess:False IndexOnStartup:True
Mono: successfully reloaded assembly
- Finished resetting the current domain, in  0.673 seconds
Domain Reload Profiling: 1335ms
	BeginReloadAssembly (212ms)
		ExecutionOrderSort (0ms)
		DisableScriptedObjects (5ms)
		BackupInstance (0ms)
		ReleaseScriptingObjects (0ms)
		CreateAndSetChildDomain (53ms)
	RebuildCommonClasses (29ms)
	RebuildNativeTypeToScriptingClass (10ms)
	initialDomainReloadingComplete (25ms)
	LoadAllAssembliesAndSetupDomain (385ms)
		LoadAssemblies (328ms)
		RebuildTransferFunctionScriptingTraits (0ms)
		AnalyzeDomain (156ms)
			TypeCache.Refresh (6ms)
				TypeCache.ScanAssembly (0ms)
			BuildScriptInfoCaches (138ms)
			ResolveRequiredComponents (8ms)
	FinalizeReload (674ms)
		ReleaseScriptCaches (0ms)
		RebuildScriptCaches (0ms)
		SetupLoadedEditorAssemblies (543ms)
			LogAssemblyErrors (0ms)
			InitializePlatformSupportModulesInManaged (1ms)
			SetLoadedEditorAssemblies (3ms)
			BeforeProcessingInitializeOnLoad (113ms)
			ProcessInitializeOnLoadAttributes (370ms)
			ProcessInitializeOnLoadMethodAttributes (50ms)
			AfterProcessingInitializeOnLoad (5ms)
			EditorAssembliesLoaded (0ms)
		ExecutionOrderSort2 (0ms)
		AwakeInstancesAfterBackupRestoration (16ms)
Refreshing native plugins compatible for Editor in 0.64 ms, found 3 plugins.
Preloading 0 native plugins for Editor in 0.00 ms.
Unloading 30 Unused Serialized files (Serialized files now loaded: 0)
Unloading 6220 unused Assets / (5.8 MB). Loaded Objects now: 7951.
Memory consumption went from 180.5 MB to 174.8 MB.
Total: 7.235800 ms (FindLiveObjects: 0.530500 ms CreateObjectMapping: 0.465200 ms MarkObjects: 3.850200 ms  DeleteObjects: 2.389200 ms)

Prepare: number of updated asset objects reloaded= 0
========================================================================
Received Prepare
Begin MonoManager ReloadAssembly
- Loaded All Assemblies, in  0.627 seconds
Refreshing native plugins compatible for Editor in 0.57 ms, found 3 plugins.
Native extension for WindowsStandalone target not found
[Package Manager] Failed to launch server process. Reason: Unity was launched with the -noUpm command-line argument
[Package Manager] Unable to send message (not connected to server process).
[Package Manager] Cannot connect to Unity Package Manager local server
ScheduleIndexationOnStartup MainProcess:False IndexOnStartup:True
Mono: successfully reloaded assembly
- Finished resetting the current domain, in  0.679 seconds
Domain Reload Profiling: 1305ms
	BeginReloadAssembly (186ms)
		ExecutionOrderSort (0ms)
		DisableScriptedObjects (5ms)
		BackupInstance (0ms)
		ReleaseScriptingObjects (0ms)
		CreateAndSetChildDomain (44ms)
	RebuildCommonClasses (32ms)
	RebuildNativeTypeToScriptingClass (11ms)
	initialDomainReloadingComplete (24ms)
	LoadAllAssembliesAndSetupDomain (374ms)
		LoadAssemblies (298ms)
		RebuildTransferFunctionScriptingTraits (0ms)
		AnalyzeDomain (161ms)
			TypeCache.Refresh (6ms)
				TypeCache.ScanAssembly (0ms)
			BuildScriptInfoCaches (142ms)
			ResolveRequiredComponents (9ms)
	FinalizeReload (679ms)
		ReleaseScriptCaches (0ms)
		RebuildScriptCaches (0ms)
		SetupLoadedEditorAssemblies (540ms)
			LogAssemblyErrors (0ms)
			InitializePlatformSupportModulesInManaged (1ms)
			SetLoadedEditorAssemblies (4ms)
			BeforeProcessingInitializeOnLoad (116ms)
			ProcessInitializeOnLoadAttributes (362ms)
			ProcessInitializeOnLoadMethodAttributes (53ms)
			AfterProcessingInitializeOnLoad (5ms)
			EditorAssembliesLoaded (0ms)
		ExecutionOrderSort2 (0ms)
		AwakeInstancesAfterBackupRestoration (17ms)
Refreshing native plugins compatible for Editor in 0.64 ms, found 3 plugins.
Preloading 0 native plugins for Editor in 0.00 ms.
Unloading 30 Unused Serialized files (Serialized files now loaded: 0)
Unloading 6220 unused Assets / (5.6 MB). Loaded Objects now: 7954.
Memory consumption went from 180.6 MB to 175.0 MB.
Total: 6.838100 ms (FindLiveObjects: 0.527800 ms CreateObjectMapping: 0.410400 ms MarkObjects: 3.806600 ms  DeleteObjects: 2.092700 ms)

Prepare: number of updated asset objects reloaded= 0
========================================================================
Received Prepare
Refreshing native plugins compatible for Editor in 2.42 ms, found 3 plugins.
Preloading 0 native plugins for Editor in 0.00 ms.
Unloading 30 Unused Serialized files (Serialized files now loaded: 0)
Unloading 6214 unused Assets / (4.9 MB). Loaded Objects now: 7954.
Memory consumption went from 180.8 MB to 175.9 MB.
Total: 15.639500 ms (FindLiveObjects: 1.186500 ms CreateObjectMapping: 0.852800 ms MarkObjects: 9.249800 ms  DeleteObjects: 4.348900 ms)

Prepare: number of updated asset objects reloaded= 0
========================================================================
Received Prepare
Begin MonoManager ReloadAssembly
[Licensing::Client] Successfully resolved entitlement details
- Loaded All Assemblies, in  1.473 seconds
Refreshing native plugins compatible for Editor in 2.05 ms, found 3 plugins.
Native extension for WindowsStandalone target not found
[Package Manager] Failed to launch server process. Reason: Unity was launched with the -noUpm command-line argument
[Package Manager] Unable to send message (not connected to server process).
[Package Manager] Cannot connect to Unity Package Manager local server
ScheduleIndexationOnStartup MainProcess:False IndexOnStartup:True
Mono: successfully reloaded assembly
- Finished resetting the current domain, in  1.673 seconds
Domain Reload Profiling: 3137ms
	BeginReloadAssembly (345ms)
		ExecutionOrderSort (0ms)
		DisableScriptedObjects (11ms)
		BackupInstance (0ms)
		ReleaseScriptingObjects (0ms)
		CreateAndSetChildDomain (61ms)
	RebuildCommonClasses (65ms)
	RebuildNativeTypeToScriptingClass (25ms)
	initialDomainReloadingComplete (66ms)
	LoadAllAssembliesAndSetupDomain (962ms)
		LoadAssemblies (839ms)
		RebuildTransferFunctionScriptingTraits (0ms)
		AnalyzeDomain (301ms)
			TypeCache.Refresh (15ms)
				TypeCache.ScanAssembly (1ms)
			BuildScriptInfoCaches (263ms)
			ResolveRequiredComponents (18ms)
	FinalizeReload (1673ms)
		ReleaseScriptCaches (0ms)
		RebuildScriptCaches (0ms)
		SetupLoadedEditorAssemblies (1355ms)
			LogAssemblyErrors (0ms)
			InitializePlatformSupportModulesInManaged (3ms)
			SetLoadedEditorAssemblies (6ms)
			BeforeProcessingInitializeOnLoad (343ms)
			ProcessInitializeOnLoadAttributes (876ms)
			ProcessInitializeOnLoadMethodAttributes (112ms)
			AfterProcessingInitializeOnLoad (13ms)
			EditorAssembliesLoaded (0ms)
		ExecutionOrderSort2 (0ms)
		AwakeInstancesAfterBackupRestoration (37ms)
Refreshing native plugins compatible for Editor in 1.54 ms, found 3 plugins.
Preloading 0 native plugins for Editor in 0.00 ms.
Unloading 30 Unused Serialized files (Serialized files now loaded: 0)
Unloading 6220 unused Assets / (2.7 MB). Loaded Objects now: 7957.
Memory consumption went from 180.6 MB to 177.9 MB.
Total: 10.665400 ms (FindLiveObjects: 1.028000 ms CreateObjectMapping: 0.639800 ms MarkObjects: 6.740000 ms  DeleteObjects: 2.256000 ms)

Prepare: number of updated asset objects reloaded= 0
========================================================================
Received Prepare
Refreshing native plugins compatible for Editor in 1.94 ms, found 3 plugins.
Preloading 0 native plugins for Editor in 0.00 ms.
Unloading 30 Unused Serialized files (Serialized files now loaded: 0)
Unloading 6214 unused Assets / (5.7 MB). Loaded Objects now: 7957.
Memory consumption went from 180.8 MB to 175.1 MB.
Total: 18.663200 ms (FindLiveObjects: 1.540000 ms CreateObjectMapping: 0.964200 ms MarkObjects: 10.297600 ms  DeleteObjects: 5.859500 ms)

Prepare: number of updated asset objects reloaded= 0
========================================================================
Received Prepare
Begin MonoManager ReloadAssembly
- Loaded All Assemblies, in  1.476 seconds
Refreshing native plugins compatible for Editor in 1.53 ms, found 3 plugins.
Native extension for WindowsStandalone target not found
[Package Manager] Failed to launch server process. Reason: Unity was launched with the -noUpm command-line argument
[Package Manager] Unable to send message (not connected to server process).
[Package Manager] Cannot connect to Unity Package Manager local server
ScheduleIndexationOnStartup MainProcess:False IndexOnStartup:True
Mono: successfully reloaded assembly
- Finished resetting the current domain, in  1.803 seconds
Domain Reload Profiling: 3271ms
	BeginReloadAssembly (328ms)
		ExecutionOrderSort (0ms)
		DisableScriptedObjects (11ms)
		BackupInstance (0ms)
		ReleaseScriptingObjects (0ms)
		CreateAndSetChildDomain (59ms)
	RebuildCommonClasses (62ms)
	RebuildNativeTypeToScriptingClass (23ms)
	initialDomainReloadingComplete (65ms)
	LoadAllAssembliesAndSetupDomain (990ms)
		LoadAssemblies (826ms)
		RebuildTransferFunctionScriptingTraits (0ms)
		AnalyzeDomain (329ms)
			TypeCache.Refresh (15ms)
				TypeCache.ScanAssembly (1ms)
			BuildScriptInfoCaches (294ms)
			ResolveRequiredComponents (14ms)
	FinalizeReload (1803ms)
		ReleaseScriptCaches (0ms)
		RebuildScriptCaches (0ms)
		SetupLoadedEditorAssemblies (1369ms)
			LogAssemblyErrors (0ms)
			InitializePlatformSupportModulesInManaged (7ms)
			SetLoadedEditorAssemblies (12ms)
			BeforeProcessingInitializeOnLoad (363ms)
			ProcessInitializeOnLoadAttributes (858ms)
			ProcessInitializeOnLoadMethodAttributes (115ms)
			AfterProcessingInitializeOnLoad (13ms)
			EditorAssembliesLoaded (1ms)
		ExecutionOrderSort2 (0ms)
		AwakeInstancesAfterBackupRestoration (37ms)
Refreshing native plugins compatible for Editor in 1.69 ms, found 3 plugins.
Preloading 0 native plugins for Editor in 0.00 ms.
Unloading 30 Unused Serialized files (Serialized files now loaded: 0)
Unloading 6220 unused Assets / (5.0 MB). Loaded Objects now: 7960.
Memory consumption went from 180.7 MB to 175.7 MB.
Total: 15.386200 ms (FindLiveObjects: 1.437200 ms CreateObjectMapping: 1.065000 ms MarkObjects: 8.401000 ms  DeleteObjects: 4.480900 ms)

Prepare: number of updated asset objects reloaded= 0
========================================================================
Received Prepare
Refreshing native plugins compatible for Editor in 2.28 ms, found 3 plugins.
Preloading 0 native plugins for Editor in 0.00 ms.
Unloading 30 Unused Serialized files (Serialized files now loaded: 0)
Unloading 6214 unused Assets / (5.2 MB). Loaded Objects now: 7960.
Memory consumption went from 180.9 MB to 175.6 MB.
Total: 13.108000 ms (FindLiveObjects: 1.257400 ms CreateObjectMapping: 0.685600 ms MarkObjects: 7.470100 ms  DeleteObjects: 3.693500 ms)

Prepare: number of updated asset objects reloaded= 0
========================================================================
Received Prepare
Begin MonoManager ReloadAssembly
- Loaded All Assemblies, in  1.460 seconds
Refreshing native plugins compatible for Editor in 2.09 ms, found 3 plugins.
Native extension for WindowsStandalone target not found
[Package Manager] Failed to launch server process. Reason: Unity was launched with the -noUpm command-line argument
[Package Manager] Unable to send message (not connected to server process).
[Package Manager] Cannot connect to Unity Package Manager local server
ScheduleIndexationOnStartup MainProcess:False IndexOnStartup:True
Mono: successfully reloaded assembly
- Finished resetting the current domain, in  1.971 seconds
Domain Reload Profiling: 3421ms
	BeginReloadAssembly (322ms)
		ExecutionOrderSort (0ms)
		DisableScriptedObjects (10ms)
		BackupInstance (0ms)
		ReleaseScriptingObjects (0ms)
		CreateAndSetChildDomain (60ms)
	RebuildCommonClasses (53ms)
	RebuildNativeTypeToScriptingClass (26ms)
	initialDomainReloadingComplete (66ms)
	LoadAllAssembliesAndSetupDomain (983ms)
		LoadAssemblies (800ms)
		RebuildTransferFunctionScriptingTraits (0ms)
		AnalyzeDomain (343ms)
			TypeCache.Refresh (15ms)
				TypeCache.ScanAssembly (1ms)
			BuildScriptInfoCaches (303ms)
			ResolveRequiredComponents (18ms)
	FinalizeReload (1972ms)
		ReleaseScriptCaches (0ms)
		RebuildScriptCaches (0ms)
		SetupLoadedEditorAssemblies (1543ms)
			LogAssemblyErrors (0ms)
			InitializePlatformSupportModulesInManaged (3ms)
			SetLoadedEditorAssemblies (10ms)
			BeforeProcessingInitializeOnLoad (392ms)
			ProcessInitializeOnLoadAttributes (1009ms)
			ProcessInitializeOnLoadMethodAttributes (115ms)
			AfterProcessingInitializeOnLoad (13ms)
			EditorAssembliesLoaded (0ms)
		ExecutionOrderSort2 (0ms)
		AwakeInstancesAfterBackupRestoration (45ms)
Refreshing native plugins compatible for Editor in 1.99 ms, found 3 plugins.
Preloading 0 native plugins for Editor in 0.00 ms.
Unloading 30 Unused Serialized files (Serialized files now loaded: 0)
Unloading 6220 unused Assets / (4.4 MB). Loaded Objects now: 7963.
Memory consumption went from 180.7 MB to 176.2 MB.
Total: 13.391100 ms (FindLiveObjects: 1.294700 ms CreateObjectMapping: 0.642300 ms MarkObjects: 7.558600 ms  DeleteObjects: 3.893800 ms)

Prepare: number of updated asset objects reloaded= 0
========================================================================
Received Import Request.
  Time since last request: 1716.613700 seconds.
  path: Assets/enemigo Variant.prefab
  artifactKey: Guid(5e5e6b87cc9d67547af15e0d1a5f6473) Importer(815301076,1909f56bfc062723c751e8b465ee728b)
Start importing Assets/enemigo Variant.prefab using Guid(5e5e6b87cc9d67547af15e0d1a5f6473) Importer(815301076,1909f56bfc062723c751e8b465ee728b) (PreviewImporter) -> (artifact id: '3d7c6940c8c5aac8c6c80b70b91683af') in 0.4729646 seconds
Number of updated asset objects reloaded before import = 0Number of asset objects unloaded after import = 289

========================================================================
Received Import Request.
  Time since last request: 6.789221 seconds.
  path: Assets/enemigos/ENEMIGO 2.prefab
  artifactKey: Guid(329a7bca0ee8cad42974423f94c5c71d) Importer(815301076,1909f56bfc062723c751e8b465ee728b)
Start importing Assets/enemigos/ENEMIGO 2.prefab using Guid(329a7bca0ee8cad42974423f94c5c71d) Importer(815301076,1909f56bfc062723c751e8b465ee728b) (PreviewImporter) -> (artifact id: 'b04e941964053ff7e1b4b3c440d07a90') in 0.0341397 seconds
Number of updated asset objects reloaded before import = 0Number of asset objects unloaded after import = 414

========================================================================
Received Import Request.
  Time since last request: 0.000021 seconds.
  path: Assets/enemigos/personaje.prefab
  artifactKey: Guid(d4013d3037be46f4e95a23aca39c3308) Importer(815301076,1909f56bfc062723c751e8b465ee728b)
Start importing Assets/enemigos/personaje.prefab using Guid(d4013d3037be46f4e95a23aca39c3308) Importer(815301076,1909f56bfc062723c751e8b465ee728b) (PreviewImporter) -> (artifact id: 'fb57be0494373374817ce49da2657d2f') in 0.0231604 seconds
Number of updated asset objects reloaded before import = 0Number of asset objects unloaded after import = 179

========================================================================
Received Import Request.
  Time since last request: 0.000022 seconds.
  path: Assets/enemigos/SKM_ArachnidAlienHead_Lite Variant.prefab
  artifactKey: Guid(45558ddef0032d94ca70d3dbbfd64bbc) Importer(815301076,1909f56bfc062723c751e8b465ee728b)
Start importing Assets/enemigos/SKM_ArachnidAlienHead_Lite Variant.prefab using Guid(45558ddef0032d94ca70d3dbbfd64bbc) Importer(815301076,1909f56bfc062723c751e8b465ee728b) (PreviewImporter) -> (artifact id: '43d0ba1cdfad6af4d211387ff991e312') in 0.0366357 seconds
Number of updated asset objects reloaded before import = 0Number of asset objects unloaded after import = 184

========================================================================
Received Import Request.
  Time since last request: 7.413962 seconds.
  path: Assets/Scenes/escena juego.unity
  artifactKey: Guid(0bee1050fb8504d409d92a6fc4b87d28) Importer(2089858483,b0f066a214c2f5e87bad3c948f4d605d)
Start importing Assets/Scenes/escena juego.unity using Guid(0bee1050fb8504d409d92a6fc4b87d28) Importer(2089858483,b0f066a214c2f5e87bad3c948f4d605d) (ScriptedImporter) -> (artifact id: 'a5b39957cfdd9d48d69882e84f3b341c') in 0.2048985 seconds
Number of updated asset objects reloaded before import = 0Number of asset objects unloaded after import = 1

========================================================================
Received Import Request.
  Time since last request: 89.243980 seconds.
  path: Assets/imagenes y sonidos/POWER-UP.mp3
  artifactKey: Guid(b06cdc3b6de879849a473f24390b8fd9) Importer(815301076,1909f56bfc062723c751e8b465ee728b)
Start importing Assets/imagenes y sonidos/POWER-UP.mp3 using Guid(b06cdc3b6de879849a473f24390b8fd9) Importer(815301076,1909f56bfc062723c751e8b465ee728b) (PreviewImporter) -> (artifact id: '57a25ce476242e8b7e0836426bcc911b') in 0.0373919 seconds
Number of updated asset objects reloaded before import = 0Number of asset objects unloaded after import = 2

========================================================================
Received Import Request.
  Time since last request: 0.940735 seconds.
  path: Assets/imagenes y sonidos/POWER-UP.mp3
  artifactKey: Guid(b06cdc3b6de879849a473f24390b8fd9) Importer(2089858483,b0f066a214c2f5e87bad3c948f4d605d)
Start importing Assets/imagenes y sonidos/POWER-UP.mp3 using Guid(b06cdc3b6de879849a473f24390b8fd9) Importer(2089858483,b0f066a214c2f5e87bad3c948f4d605d) (ScriptedImporter) -> (artifact id: 'fe91b36ca126f66bd52e740b67c5cd16') in 0.0394676 seconds
Number of updated asset objects reloaded before import = 0Number of asset objects unloaded after import = 1

========================================================================
Received Import Request.
  Time since last request: 9.872203 seconds.
  path: Assets/imagenes y sonidos/Plants vs Zombies Soundtrack. [Pool Stage].mp3
  artifactKey: Guid(5d0546fb5eaaea746b6d6f5ed6df506f) Importer(815301076,1909f56bfc062723c751e8b465ee728b)
Start importing Assets/imagenes y sonidos/Plants vs Zombies Soundtrack. [Pool Stage].mp3 using Guid(5d0546fb5eaaea746b6d6f5ed6df506f) Importer(815301076,1909f56bfc062723c751e8b465ee728b) (PreviewImporter) -> (artifact id: 'a0a89a38b6a13b0faf6a86243dcc090c') in 0.0066845 seconds
Number of updated asset objects reloaded before import = 0Number of asset objects unloaded after import = 2

========================================================================
Received Import Request.
  Time since last request: 0.978917 seconds.
  path: Assets/imagenes y sonidos/Plants vs Zombies Soundtrack. [Pool Stage].mp3
  artifactKey: Guid(5d0546fb5eaaea746b6d6f5ed6df506f) Importer(2089858483,b0f066a214c2f5e87bad3c948f4d605d)
Start importing Assets/imagenes y sonidos/Plants vs Zombies Soundtrack. [Pool Stage].mp3 using Guid(5d0546fb5eaaea746b6d6f5ed6df506f) Importer(2089858483,b0f066a214c2f5e87bad3c948f4d605d) (ScriptedImporter) -> (artifact id: '3aa4d5a181760ea50219bcdcade124df') in 0.0168356 seconds
Number of updated asset objects reloaded before import = 0Number of asset objects unloaded after import = 1

========================================================================
Received Import Request.
  Time since last request: 2.756369 seconds.
  path: Assets/imagenes y sonidos/Plants vs Zombies Soundtrack. [Mini Games].mp3
  artifactKey: Guid(24d5bc0127e305e45902ebfda4ff3674) Importer(815301076,1909f56bfc062723c751e8b465ee728b)
Start importing Assets/imagenes y sonidos/Plants vs Zombies Soundtrack. [Mini Games].mp3 using Guid(24d5bc0127e305e45902ebfda4ff3674) Importer(815301076,1909f56bfc062723c751e8b465ee728b) (PreviewImporter) -> (artifact id: '843ea69d0baa3f25c3da3498d39f95bc') in 0.0092926 seconds
Number of updated asset objects reloaded before import = 0Number of asset objects unloaded after import = 2

========================================================================
Received Import Request.
  Time since last request: 0.995110 seconds.
  path: Assets/imagenes y sonidos/Plants vs Zombies Soundtrack. [Mini Games].mp3
  artifactKey: Guid(24d5bc0127e305e45902ebfda4ff3674) Importer(2089858483,b0f066a214c2f5e87bad3c948f4d605d)
Start importing Assets/imagenes y sonidos/Plants vs Zombies Soundtrack. [Mini Games].mp3 using Guid(24d5bc0127e305e45902ebfda4ff3674) Importer(2089858483,b0f066a214c2f5e87bad3c948f4d605d) (ScriptedImporter) -> (artifact id: '08bb4b139114866335cd296c3363a868') in 0.0154878 seconds
Number of updated asset objects reloaded before import = 0Number of asset objects unloaded after import = 1

========================================================================
Received Import Request.
  Time since last request: 35.896355 seconds.
  path: Assets/imagenes y sonidos/DISPARO.mp3
  artifactKey: Guid(2a7f1e420749ced45bcf1bcbda7706e6) Importer(815301076,1909f56bfc062723c751e8b465ee728b)
Start importing Assets/imagenes y sonidos/DISPARO.mp3 using Guid(2a7f1e420749ced45bcf1bcbda7706e6) Importer(815301076,1909f56bfc062723c751e8b465ee728b) (PreviewImporter) -> (artifact id: 'acdf48effe73e63b0d7b6ad8c6ccc3fb') in 0.0069967 seconds
Number of updated asset objects reloaded before import = 0Number of asset objects unloaded after import = 2

========================================================================
Received Import Request.
  Time since last request: 1.024733 seconds.
  path: Assets/imagenes y sonidos/DISPARO.mp3
  artifactKey: Guid(2a7f1e420749ced45bcf1bcbda7706e6) Importer(2089858483,b0f066a214c2f5e87bad3c948f4d605d)
Start importing Assets/imagenes y sonidos/DISPARO.mp3 using Guid(2a7f1e420749ced45bcf1bcbda7706e6) Importer(2089858483,b0f066a214c2f5e87bad3c948f4d605d) (ScriptedImporter) -> (artifact id: '912717c9937ac4accd66e7c966edd20e') in 0.0203902 seconds
Number of updated asset objects reloaded before import = 0Number of asset objects unloaded after import = 1

========================================================================
Received Import Request.
  Time since last request: 971.223910 seconds.
  path: Assets/enemigos/enemigo Variant.prefab
  artifactKey: Guid(f051ed3317931a2498339d192c4b9024) Importer(815301076,1909f56bfc062723c751e8b465ee728b)
Start importing Assets/enemigos/enemigo Variant.prefab using Guid(f051ed3317931a2498339d192c4b9024) Importer(815301076,1909f56bfc062723c751e8b465ee728b) (PreviewImporter) -> (artifact id: '76c46f56361ae1e0e2c7e34e3b12e240') in 0.0468446 seconds
Number of updated asset objects reloaded before import = 0Number of asset objects unloaded after import = 429

========================================================================
Received Import Request.
  Time since last request: 0.903009 seconds.
  path: Assets/enemigos/enemigo Variant.prefab
  artifactKey: Guid(f051ed3317931a2498339d192c4b9024) Importer(2089858483,b0f066a214c2f5e87bad3c948f4d605d)
Start importing Assets/enemigos/enemigo Variant.prefab using Guid(f051ed3317931a2498339d192c4b9024) Importer(2089858483,b0f066a214c2f5e87bad3c948f4d605d) (ScriptedImporter) -> (artifact id: '9b3334c3ea627d40a8c42b6727bb1117') in 0.0913062 seconds
Number of updated asset objects reloaded before import = 0Number of asset objects unloaded after import = 422

========================================================================
Received Import Request.
  Time since last request: 34.461899 seconds.
  path: Assets/enemigos/ENEMIGO 2.prefab
  artifactKey: Guid(329a7bca0ee8cad42974423f94c5c71d) Importer(815301076,1909f56bfc062723c751e8b465ee728b)
Start importing Assets/enemigos/ENEMIGO 2.prefab using Guid(329a7bca0ee8cad42974423f94c5c71d) Importer(815301076,1909f56bfc062723c751e8b465ee728b) (PreviewImporter) -> (artifact id: '732d4298e832bb25b336d5b5ea57012d') in 0.0302457 seconds
Number of updated asset objects reloaded before import = 0Number of asset objects unloaded after import = 415

========================================================================
Received Import Request.
  Time since last request: 0.912065 seconds.
  path: Assets/enemigos/ENEMIGO 2.prefab
  artifactKey: Guid(329a7bca0ee8cad42974423f94c5c71d) Importer(2089858483,b0f066a214c2f5e87bad3c948f4d605d)
Start importing Assets/enemigos/ENEMIGO 2.prefab using Guid(329a7bca0ee8cad42974423f94c5c71d) Importer(2089858483,b0f066a214c2f5e87bad3c948f4d605d) (ScriptedImporter) -> (artifact id: '3846f31944608416879730ebe6f4310d') in 0.0181694 seconds
Number of updated asset objects reloaded before import = 0Number of asset objects unloaded after import = 406

========================================================================
Received Import Request.
  Time since last request: 35.069452 seconds.
  path: Assets/imagenes y sonidos/Muerte de Minecraft - Sonido.mp3
  artifactKey: Guid(3db1240f0d0de1c48beed65edd17b15e) Importer(815301076,1909f56bfc062723c751e8b465ee728b)
Start importing Assets/imagenes y sonidos/Muerte de Minecraft - Sonido.mp3 using Guid(3db1240f0d0de1c48beed65edd17b15e) Importer(815301076,1909f56bfc062723c751e8b465ee728b) (PreviewImporter) -> (artifact id: 'bb8b7e19db05adbf831e4d2077773c88') in 0.0090396 seconds
Number of updated asset objects reloaded before import = 0Number of asset objects unloaded after import = 2

========================================================================
Received Import Request.
  Time since last request: 1.047755 seconds.
  path: Assets/imagenes y sonidos/Muerte de Minecraft - Sonido.mp3
  artifactKey: Guid(3db1240f0d0de1c48beed65edd17b15e) Importer(2089858483,b0f066a214c2f5e87bad3c948f4d605d)
Start importing Assets/imagenes y sonidos/Muerte de Minecraft - Sonido.mp3 using Guid(3db1240f0d0de1c48beed65edd17b15e) Importer(2089858483,b0f066a214c2f5e87bad3c948f4d605d) (ScriptedImporter) -> (artifact id: '4f4db7386577dac143abd1fce194211b') in 0.0143215 seconds
Number of updated asset objects reloaded before import = 0Number of asset objects unloaded after import = 1

========================================================================
Received Import Request.
  Time since last request: 157.562183 seconds.
  path: Assets/Scenes/escena juego.unity
  artifactKey: Guid(0bee1050fb8504d409d92a6fc4b87d28) Importer(2089858483,b0f066a214c2f5e87bad3c948f4d605d)
Start importing Assets/Scenes/escena juego.unity using Guid(0bee1050fb8504d409d92a6fc4b87d28) Importer(2089858483,b0f066a214c2f5e87bad3c948f4d605d) (ScriptedImporter) -> (artifact id: 'daa17d929850ed11cf85a92714fd4607') in 0.153514 seconds
Number of updated asset objects reloaded before import = 0Number of asset objects unloaded after import = 1

========================================================================
Received Prepare
Begin MonoManager ReloadAssembly
[Licensing::Client] Successfully resolved entitlement details
- Loaded All Assemblies, in  0.686 seconds
Refreshing native plugins compatible for Editor in 0.67 ms, found 3 plugins.
Native extension for WindowsStandalone target not found
[Package Manager] Failed to launch server process. Reason: Unity was launched with the -noUpm command-line argument
[Package Manager] Unable to send message (not connected to server process).
[Package Manager] Cannot connect to Unity Package Manager local server
ScheduleIndexationOnStartup MainProcess:False IndexOnStartup:True
Mono: successfully reloaded assembly
- Finished resetting the current domain, in  0.683 seconds
Domain Reload Profiling: 1369ms
	BeginReloadAssembly (226ms)
		ExecutionOrderSort (0ms)
		DisableScriptedObjects (24ms)
		BackupInstance (0ms)
		ReleaseScriptingObjects (0ms)
		CreateAndSetChildDomain (66ms)
	RebuildCommonClasses (29ms)
	RebuildNativeTypeToScriptingClass (11ms)
	initialDomainReloadingComplete (28ms)
	LoadAllAssembliesAndSetupDomain (392ms)
		LoadAssemblies (315ms)
		RebuildTransferFunctionScriptingTraits (0ms)
		AnalyzeDomain (159ms)
			TypeCache.Refresh (6ms)
				TypeCache.ScanAssembly (0ms)
			BuildScriptInfoCaches (141ms)
			ResolveRequiredComponents (8ms)
	FinalizeReload (684ms)
		ReleaseScriptCaches (0ms)
		RebuildScriptCaches (0ms)
		SetupLoadedEditorAssemblies (546ms)
			LogAssemblyErrors (0ms)
			InitializePlatformSupportModulesInManaged (1ms)
			SetLoadedEditorAssemblies (3ms)
			BeforeProcessingInitializeOnLoad (116ms)
			ProcessInitializeOnLoadAttributes (364ms)
			ProcessInitializeOnLoadMethodAttributes (56ms)
			AfterProcessingInitializeOnLoad (4ms)
			EditorAssembliesLoaded (0ms)
		ExecutionOrderSort2 (0ms)
		AwakeInstancesAfterBackupRestoration (19ms)
Refreshing native plugins compatible for Editor in 0.66 ms, found 3 plugins.
Preloading 0 native plugins for Editor in 0.00 ms.
Unloading 30 Unused Serialized files (Serialized files now loaded: 0)
Unloading 6220 unused Assets / (5.4 MB). Loaded Objects now: 7988.
Memory consumption went from 181.0 MB to 175.5 MB.
Total: 7.054100 ms (FindLiveObjects: 0.608600 ms CreateObjectMapping: 0.412300 ms MarkObjects: 3.826000 ms  DeleteObjects: 2.206600 ms)

Prepare: number of updated asset objects reloaded= 0
========================================================================
Received Prepare
Begin MonoManager ReloadAssembly
[Licensing::Client] Successfully resolved entitlement details
- Loaded All Assemblies, in  0.613 seconds
Refreshing native plugins compatible for Editor in 0.60 ms, found 3 plugins.
Native extension for WindowsStandalone target not found
[Package Manager] Failed to launch server process. Reason: Unity was launched with the -noUpm command-line argument
[Package Manager] Unable to send message (not connected to server process).
[Package Manager] Cannot connect to Unity Package Manager local server
ScheduleIndexationOnStartup MainProcess:False IndexOnStartup:True
Mono: successfully reloaded assembly
- Finished resetting the current domain, in  0.662 seconds
Domain Reload Profiling: 1275ms
	BeginReloadAssembly (181ms)
		ExecutionOrderSort (0ms)
		DisableScriptedObjects (5ms)
		BackupInstance (0ms)
		ReleaseScriptingObjects (0ms)
		CreateAndSetChildDomain (42ms)
	RebuildCommonClasses (28ms)
	RebuildNativeTypeToScriptingClass (10ms)
	initialDomainReloadingComplete (25ms)
	LoadAllAssembliesAndSetupDomain (368ms)
		LoadAssemblies (297ms)
		RebuildTransferFunctionScriptingTraits (0ms)
		AnalyzeDomain (152ms)
			TypeCache.Refresh (6ms)
				TypeCache.ScanAssembly (0ms)
			BuildScriptInfoCaches (134ms)
			ResolveRequiredComponents (8ms)
	FinalizeReload (662ms)
		ReleaseScriptCaches (0ms)
		RebuildScriptCaches (0ms)
		SetupLoadedEditorAssemblies (530ms)
			LogAssemblyErrors (0ms)
			InitializePlatformSupportModulesInManaged (1ms)
			SetLoadedEditorAssemblies (3ms)
			BeforeProcessingInitializeOnLoad (112ms)
			ProcessInitializeOnLoadAttributes (357ms)
			ProcessInitializeOnLoadMethodAttributes (51ms)
			AfterProcessingInitializeOnLoad (5ms)
			EditorAssembliesLoaded (0ms)
		ExecutionOrderSort2 (0ms)
		AwakeInstancesAfterBackupRestoration (17ms)
Refreshing native plugins compatible for Editor in 0.70 ms, found 3 plugins.
Preloading 0 native plugins for Editor in 0.00 ms.
Unloading 30 Unused Serialized files (Serialized files now loaded: 0)
Unloading 6220 unused Assets / (5.6 MB). Loaded Objects now: 7991.
Memory consumption went from 180.9 MB to 175.3 MB.
Total: 6.851100 ms (FindLiveObjects: 0.547500 ms CreateObjectMapping: 0.434700 ms MarkObjects: 3.813500 ms  DeleteObjects: 2.054900 ms)

Prepare: number of updated asset objects reloaded= 0
========================================================================
Received Import Request.
  Time since last request: 236.429552 seconds.
  path: Assets/Scenes/escena juego.unity
  artifactKey: Guid(0bee1050fb8504d409d92a6fc4b87d28) Importer(815301076,1909f56bfc062723c751e8b465ee728b)
Start importing Assets/Scenes/escena juego.unity using Guid(0bee1050fb8504d409d92a6fc4b87d28) Importer(815301076,1909f56bfc062723c751e8b465ee728b) (PreviewImporter) -> (artifact id: '022b50320876b6a1f4e47f783dd6d334') in 0.0109537 seconds
Number of updated asset objects reloaded before import = 0Number of asset objects unloaded after import = 0

========================================================================
Received Prepare
Begin MonoManager ReloadAssembly
[Licensing::Client] Successfully resolved entitlement details
- Loaded All Assemblies, in  0.622 seconds
Refreshing native plugins compatible for Editor in 0.92 ms, found 3 plugins.
Native extension for WindowsStandalone target not found
[Package Manager] Failed to launch server process. Reason: Unity was launched with the -noUpm command-line argument
[Package Manager] Unable to send message (not connected to server process).
[Package Manager] Cannot connect to Unity Package Manager local server
ScheduleIndexationOnStartup MainProcess:False IndexOnStartup:True
Mono: successfully reloaded assembly
- Finished resetting the current domain, in  0.670 seconds
Domain Reload Profiling: 1292ms
	BeginReloadAssembly (194ms)
		ExecutionOrderSort (0ms)
		DisableScriptedObjects (5ms)
		BackupInstance (0ms)
		ReleaseScriptingObjects (0ms)
		CreateAndSetChildDomain (48ms)
	RebuildCommonClasses (29ms)
	RebuildNativeTypeToScriptingClass (11ms)
	initialDomainReloadingComplete (25ms)
	LoadAllAssembliesAndSetupDomain (363ms)
		LoadAssemblies (304ms)
		RebuildTransferFunctionScriptingTraits (0ms)
		AnalyzeDomain (147ms)
			TypeCache.Refresh (6ms)
				TypeCache.ScanAssembly (0ms)
			BuildScriptInfoCaches (129ms)
			ResolveRequiredComponents (9ms)
	FinalizeReload (671ms)
		ReleaseScriptCaches (0ms)
		RebuildScriptCaches (0ms)
		SetupLoadedEditorAssemblies (532ms)
			LogAssemblyErrors (0ms)
			InitializePlatformSupportModulesInManaged (2ms)
			SetLoadedEditorAssemblies (3ms)
			BeforeProcessingInitializeOnLoad (112ms)
			ProcessInitializeOnLoadAttributes (356ms)
			ProcessInitializeOnLoadMethodAttributes (54ms)
			AfterProcessingInitializeOnLoad (5ms)
			EditorAssembliesLoaded (0ms)
		ExecutionOrderSort2 (0ms)
		AwakeInstancesAfterBackupRestoration (17ms)
Refreshing native plugins compatible for Editor in 0.65 ms, found 3 plugins.
Preloading 0 native plugins for Editor in 0.00 ms.
Unloading 30 Unused Serialized files (Serialized files now loaded: 0)
Unloading 6220 unused Assets / (5.5 MB). Loaded Objects now: 7994.
Memory consumption went from 180.9 MB to 175.5 MB.
Total: 6.860900 ms (FindLiveObjects: 0.560700 ms CreateObjectMapping: 0.404700 ms MarkObjects: 3.847900 ms  DeleteObjects: 2.047300 ms)

Prepare: number of updated asset objects reloaded= 0
========================================================================
Received Prepare
Begin MonoManager ReloadAssembly
[Licensing::Client] Successfully resolved entitlement details
- Loaded All Assemblies, in  0.629 seconds
Refreshing native plugins compatible for Editor in 0.61 ms, found 3 plugins.
Native extension for WindowsStandalone target not found
[Package Manager] Failed to launch server process. Reason: Unity was launched with the -noUpm command-line argument
[Package Manager] Unable to send message (not connected to server process).
[Package Manager] Cannot connect to Unity Package Manager local server
ScheduleIndexationOnStartup MainProcess:False IndexOnStartup:True
Mono: successfully reloaded assembly
- Finished resetting the current domain, in  0.680 seconds
Domain Reload Profiling: 1309ms
	BeginReloadAssembly (194ms)
		ExecutionOrderSort (0ms)
		DisableScriptedObjects (5ms)
		BackupInstance (0ms)
		ReleaseScriptingObjects (0ms)
		CreateAndSetChildDomain (46ms)
	RebuildCommonClasses (28ms)
	RebuildNativeTypeToScriptingClass (10ms)
	initialDomainReloadingComplete (25ms)
	LoadAllAssembliesAndSetupDomain (372ms)
		LoadAssemblies (309ms)
		RebuildTransferFunctionScriptingTraits (0ms)
		AnalyzeDomain (151ms)
			TypeCache.Refresh (6ms)
				TypeCache.ScanAssembly (0ms)
			BuildScriptInfoCaches (131ms)
			ResolveRequiredComponents (9ms)
	FinalizeReload (681ms)
		ReleaseScriptCaches (0ms)
		RebuildScriptCaches (0ms)
		SetupLoadedEditorAssemblies (545ms)
			LogAssemblyErrors (0ms)
			InitializePlatformSupportModulesInManaged (1ms)
			SetLoadedEditorAssemblies (3ms)
			BeforeProcessingInitializeOnLoad (113ms)
			ProcessInitializeOnLoadAttributes (372ms)
			ProcessInitializeOnLoadMethodAttributes (51ms)
			AfterProcessingInitializeOnLoad (5ms)
			EditorAssembliesLoaded (0ms)
		ExecutionOrderSort2 (0ms)
		AwakeInstancesAfterBackupRestoration (17ms)
Refreshing native plugins compatible for Editor in 0.78 ms, found 3 plugins.
Preloading 0 native plugins for Editor in 0.00 ms.
Unloading 30 Unused Serialized files (Serialized files now loaded: 0)
Unloading 6220 unused Assets / (5.7 MB). Loaded Objects now: 7997.
Memory consumption went from 181.0 MB to 175.3 MB.
Total: 6.997100 ms (FindLiveObjects: 0.548000 ms CreateObjectMapping: 0.424200 ms MarkObjects: 3.901800 ms  DeleteObjects: 2.122500 ms)

Prepare: number of updated asset objects reloaded= 0
========================================================================
Received Prepare
Begin MonoManager ReloadAssembly
- Loaded All Assemblies, in  0.625 seconds
Refreshing native plugins compatible for Editor in 0.81 ms, found 3 plugins.
Native extension for WindowsStandalone target not found
[Package Manager] Failed to launch server process. Reason: Unity was launched with the -noUpm command-line argument
[Package Manager] Unable to send message (not connected to server process).
[Package Manager] Cannot connect to Unity Package Manager local server
ScheduleIndexationOnStartup MainProcess:False IndexOnStartup:True
Mono: successfully reloaded assembly
- Finished resetting the current domain, in  0.681 seconds
Domain Reload Profiling: 1306ms
	BeginReloadAssembly (182ms)
		ExecutionOrderSort (0ms)
		DisableScriptedObjects (5ms)
		BackupInstance (0ms)
		ReleaseScriptingObjects (0ms)
		CreateAndSetChildDomain (43ms)
	RebuildCommonClasses (28ms)
	RebuildNativeTypeToScriptingClass (10ms)
	initialDomainReloadingComplete (26ms)
	LoadAllAssembliesAndSetupDomain (379ms)
		LoadAssemblies (312ms)
		RebuildTransferFunctionScriptingTraits (0ms)
		AnalyzeDomain (149ms)
			TypeCache.Refresh (6ms)
				TypeCache.ScanAssembly (0ms)
			BuildScriptInfoCaches (128ms)
			ResolveRequiredComponents (10ms)
	FinalizeReload (681ms)
		ReleaseScriptCaches (0ms)
		RebuildScriptCaches (0ms)
		SetupLoadedEditorAssemblies (542ms)
			LogAssemblyErrors (0ms)
			InitializePlatformSupportModulesInManaged (1ms)
			SetLoadedEditorAssemblies (3ms)
			BeforeProcessingInitializeOnLoad (115ms)
			ProcessInitializeOnLoadAttributes (360ms)
			ProcessInitializeOnLoadMethodAttributes (58ms)
			AfterProcessingInitializeOnLoad (5ms)
			EditorAssembliesLoaded (0ms)
		ExecutionOrderSort2 (0ms)
		AwakeInstancesAfterBackupRestoration (19ms)
Refreshing native plugins compatible for Editor in 0.71 ms, found 3 plugins.
Preloading 0 native plugins for Editor in 0.00 ms.
Unloading 30 Unused Serialized files (Serialized files now loaded: 0)
Unloading 6220 unused Assets / (5.7 MB). Loaded Objects now: 8000.
Memory consumption went from 180.9 MB to 175.2 MB.
Total: 6.957500 ms (FindLiveObjects: 0.550400 ms CreateObjectMapping: 0.441800 ms MarkObjects: 3.834200 ms  DeleteObjects: 2.130500 ms)

Prepare: number of updated asset objects reloaded= 0
========================================================================
Received Import Request.
  Time since last request: 476.032458 seconds.
  path: Assets/Scenes/menu.unity
  artifactKey: Guid(1fcc11e8fd7c45f42b340a16e8a63ba3) Importer(815301076,1909f56bfc062723c751e8b465ee728b)
Start importing Assets/Scenes/menu.unity using Guid(1fcc11e8fd7c45f42b340a16e8a63ba3) Importer(815301076,1909f56bfc062723c751e8b465ee728b) (PreviewImporter) -> (artifact id: '159454636d6278ee6696e0d08fc60013') in 0.0169751 seconds
Number of updated asset objects reloaded before import = 0Number of asset objects unloaded after import = 0

========================================================================
Received Import Request.
  Time since last request: 4.713241 seconds.
  path: Assets/Scenes/escena juego.unity
  artifactKey: Guid(0bee1050fb8504d409d92a6fc4b87d28) Importer(815301076,1909f56bfc062723c751e8b465ee728b)
Start importing Assets/Scenes/escena juego.unity using Guid(0bee1050fb8504d409d92a6fc4b87d28) Importer(815301076,1909f56bfc062723c751e8b465ee728b) (PreviewImporter) -> (artifact id: '653f4e229ab080615f67ce03c4ce9bfb') in 0.0006655 seconds
Number of updated asset objects reloaded before import = 0Number of asset objects unloaded after import = 0

