[Licensing::Module] Trying to connect to existing licensing client channel...
Built from '6000.3/staging' branch; Version is '6000.3.10f1 (e35f0c77bd8e) revision 14901004'; Using compiler version '194234433'; Build Type 'Release'
OS: 'Windows 11  (10.0.26200) Professional' Language: 'es' Physical Memory: 32538 MB
BatchMode: 1, IsHumanControllingUs: 0, StartBugReporterOnCrash: 0, Is64bit: 1
System  architecture: x64
[Licensing::IpcConnector] Successfully connected to: "LicenseClient-PC" at "2026-07-28T03:33:00.1125905Z"
Process architecture: x64
Date: 2026-07-28T03:33:00Z

COMMAND LINE ARGUMENTS:
C:\Program Files\Unity\Hub\Editor\6000.3.10f1\Editor\Unity.exe
-adb2
-batchMode
-noUpm
-name
AssetImportWorker15
-projectPath
C:/Users/PC/Desktop/FPS FINAL PROGRAMACION
-logFile
Logs/AssetImportWorker15.log
-srvPort
60744
-licensingIpc
LicenseClient-PC
-job-worker-count
9
-background-job-worker-count
8
-gc-helper-count
1
-name
AssetImport
Successfully changed project path to: C:/Users/PC/Desktop/FPS FINAL PROGRAMACION
C:/Users/PC/Desktop/FPS FINAL PROGRAMACION
[UnityMemory] Configuration Parameters - Can be set up in boot.config
    "memorysetup-temp-allocator-size-nav-mesh-worker=65536"
    "memorysetup-temp-allocator-size-audio-worker=65536"
    "memorysetup-temp-allocator-size-gfx=262144"
    "memorysetup-allocator-temp-initial-block-size-main=262144"
    "memorysetup-allocator-temp-initial-block-size-worker=262144"
    "memorysetup-temp-allocator-size-background-worker=32768"
    "memorysetup-temp-allocator-size-job-worker=262144"
    "memorysetup-temp-allocator-size-preload-manager=33554432"
    "memorysetup-temp-allocator-size-gi-baking-worker=262144"
    "memorysetup-temp-allocator-size-gi-baking-worker=262144"
    "memorysetup-temp-allocator-size-gi-baking-worker=262144"
    "memorysetup-temp-allocator-size-gi-baking-worker=262144"
    "memorysetup-temp-allocator-size-gi-baking-worker=262144"
    "memorysetup-bucket-allocator-granularity=16"
    "memorysetup-bucket-allocator-bucket-count=8"
    "memorysetup-bucket-allocator-block-size=33554432"
    "memorysetup-bucket-allocator-block-count=8"
    "memorysetup-main-allocator-block-size=16777216"
    "memorysetup-thread-allocator-block-size=16777216"
    "memorysetup-gfx-main-allocator-block-size=16777216"
    "memorysetup-gfx-thread-allocator-block-size=16777216"
    "memorysetup-cache-allocator-block-size=4194304"
    "memorysetup-typetree-allocator-block-size=2097152"
    "memorysetup-profiler-bucket-allocator-granularity=16"
    "memorysetup-profiler-bucket-allocator-bucket-count=8"
    "memorysetup-profiler-bucket-allocator-block-size=33554432"
    "memorysetup-profiler-bucket-allocator-block-count=8"
    "memorysetup-profiler-allocator-block-size=16777216"
    "memorysetup-profiler-editor-allocator-block-size=1048576"
    "memorysetup-temp-allocator-size-main=16777216"
    "memorysetup-job-temp-allocator-block-size=2097152"
    "memorysetup-job-temp-allocator-block-size-background=1048576"
    "memorysetup-job-temp-allocator-reduction-small-platforms=262144"
    "memorysetup-temp-allocator-size-cloud-worker=32768"
Player connection [31956]  Target information:

Player connection [31956]  * "[IP] 192.168.0.12 [Port] 0 [Flags] 2 [Guid] 769917344 [EditorId] 769917344 [Version] 1048832 [Id] WindowsEditor(7,PcGero) [Debug] 1 [PackageName] WindowsEditor [ProjectName] Editor" 

Player connection [31956] Host joined multi-casting on [225.0.0.222:54997]...
Player connection [31956] Host joined alternative multi-casting on [225.0.0.222:34997]...
JobSystem: Creating JobQueue using job-worker-count value 9
Input System module state changed to: Initialized.
[Physics::Module] Initialized fallback backend.
[Physics::Module] Id: 0xdecafbad
Library Redirect Path: Library/
[Physics::Module] Selected backend.
[Physics::Module] Name: PhysX
[Physics::Module] Id: 0xf2b8ea05
[Physics::Module] SDK Version: 4.1.2
[Physics::Module] Integration Version: 1.0.0
[Physics::Module] Threading Mode: Multi-Threaded
Refreshing native plugins compatible for Editor in 2.23 ms, found 3 plugins.
Preloading 0 native plugins for Editor in 0.00 ms.
Initialize engine version: 6000.3.10f1 (e35f0c77bd8e)
[Subsystems] Discovering subsystems at path C:/Program Files/Unity/Hub/Editor/6000.3.10f1/Editor/Data/Resources/UnitySubsystems
[Subsystems] Discovering subsystems at path C:/Users/PC/Desktop/FPS FINAL PROGRAMACION/Assets
GfxDevice: creating device client; kGfxThreadingModeNonThreaded
Direct3D:
    Version:  Direct3D 11.0 [level 11.1]
    Renderer: NVIDIA GeForce RTX 3080 Ti (ID=0x2208)
    Vendor:   NVIDIA
    VRAM:     12086 MB
    Driver:   32.0.16.1074
Initialize mono
Mono path[0] = 'C:/Program Files/Unity/Hub/Editor/6000.3.10f1/Editor/Data/Managed'
Mono path[1] = 'C:/Program Files/Unity/Hub/Editor/6000.3.10f1/Editor/Data/MonoBleedingEdge/lib/mono/unityjit-win32'
Mono config path = 'C:/Program Files/Unity/Hub/Editor/6000.3.10f1/Editor/Data/MonoBleedingEdge/etc'
Using monoOptions --debugger-agent=transport=dt_socket,embedding=1,server=y,suspend=n,address=127.0.0.1:56812
Begin MonoManager ReloadAssembly
Registering precompiled unity dll's ...
Register platform support module: C:/Program Files/Unity/Hub/Editor/6000.3.10f1/Editor/Data/PlaybackEngines/WindowsStandaloneSupport/UnityEditor.WindowsStandalone.Extensions.dll
Registered in 0.001274 seconds.
- Loaded All Assemblies, in  0.333 seconds
Native extension for WindowsStandalone target not found
[Licensing::Client] Handshaking with LicensingClient:
  Version:                 1.17.4+4293ba1
  Session Id:              ac4b3ca26fb44ddcb81a3a62d6af2454
  Correlation Id:          03c3303d3d83162ad75a4804f46aa8b4
  External correlation Id: 8935416121943321058
  Machine Id:              HszR+TC4f9GrCr485VK9zudsoGM=
[Licensing::Module] Successfully connected to LicensingClient on channel: "LicenseClient-PC" (connect: 0.00s, validation: 0.00s, handshake: 1.00s)
[Licensing::IpcConnector] Successfully connected to: "LicenseClient-PC-notifications" at "2026-07-28T03:33:01.1189965Z"
[Licensing::Module] Licensing Background thread has ended after 1.01s
ScheduleIndexationOnStartup MainProcess:False IndexOnStartup:True
Mono: successfully reloaded assembly
- Finished resetting the current domain, in  0.315 seconds
Domain Reload Profiling: 646ms
	BeginReloadAssembly (106ms)
		ExecutionOrderSort (0ms)
		DisableScriptedObjects (0ms)
		BackupInstance (0ms)
		ReleaseScriptingObjects (0ms)
		CreateAndSetChildDomain (1ms)
	RebuildCommonClasses (35ms)
	RebuildNativeTypeToScriptingClass (10ms)
	initialDomainReloadingComplete (35ms)
	LoadAllAssembliesAndSetupDomain (145ms)
		LoadAssemblies (103ms)
		RebuildTransferFunctionScriptingTraits (0ms)
		AnalyzeDomain (143ms)
			TypeCache.Refresh (141ms)
				TypeCache.ScanAssembly (129ms)
			BuildScriptInfoCaches (0ms)
			ResolveRequiredComponents (0ms)
	FinalizeReload (315ms)
		ReleaseScriptCaches (0ms)
		RebuildScriptCaches (0ms)
		SetupLoadedEditorAssemblies (276ms)
			LogAssemblyErrors (0ms)
			InitializePlatformSupportModulesInManaged (36ms)
			SetLoadedEditorAssemblies (3ms)
			BeforeProcessingInitializeOnLoad (65ms)
			ProcessInitializeOnLoadAttributes (116ms)
			ProcessInitializeOnLoadMethodAttributes (57ms)
			AfterProcessingInitializeOnLoad (0ms)
			EditorAssembliesLoaded (0ms)
		ExecutionOrderSort2 (0ms)
		AwakeInstancesAfterBackupRestoration (0ms)
========================================================================
Worker process is ready to serve import requests
Import Worker Mode flag is 0x00
Begin MonoManager ReloadAssembly
[Licensing::Client] Successfully resolved entitlement details
[Licensing::Module] License group:
  Id: 4674120564184-UnityPersXXXX
  Product: Unity Personal
  Type: Assigned
  Expiration: Unlimited
- Loaded All Assemblies, in  0.656 seconds
Refreshing native plugins compatible for Editor in 0.54 ms, found 3 plugins.
Native extension for WindowsStandalone target not found
Package Manager log level set to [2]
[Package Manager] Failed to launch server process. Reason: Unity was launched with the -noUpm command-line argument
[Package Manager] Unable to send message (not connected to server process).
[Package Manager] Cannot connect to Unity Package Manager local server
ScheduleIndexationOnStartup MainProcess:False IndexOnStartup:True
Mono: successfully reloaded assembly
- Finished resetting the current domain, in  0.693 seconds
Domain Reload Profiling: 1347ms
	BeginReloadAssembly (146ms)
		ExecutionOrderSort (0ms)
		DisableScriptedObjects (4ms)
		BackupInstance (0ms)
		ReleaseScriptingObjects (0ms)
		CreateAndSetChildDomain (26ms)
	RebuildCommonClasses (29ms)
	RebuildNativeTypeToScriptingClass (9ms)
	initialDomainReloadingComplete (30ms)
	LoadAllAssembliesAndSetupDomain (439ms)
		LoadAssemblies (310ms)
		RebuildTransferFunctionScriptingTraits (0ms)
		AnalyzeDomain (210ms)
			TypeCache.Refresh (152ms)
				TypeCache.ScanAssembly (140ms)
			BuildScriptInfoCaches (47ms)
			ResolveRequiredComponents (8ms)
	FinalizeReload (694ms)
		ReleaseScriptCaches (0ms)
		RebuildScriptCaches (0ms)
		SetupLoadedEditorAssemblies (539ms)
			LogAssemblyErrors (0ms)
			InitializePlatformSupportModulesInManaged (1ms)
			SetLoadedEditorAssemblies (3ms)
			BeforeProcessingInitializeOnLoad (102ms)
			ProcessInitializeOnLoadAttributes (371ms)
			ProcessInitializeOnLoadMethodAttributes (55ms)
			AfterProcessingInitializeOnLoad (6ms)
			EditorAssembliesLoaded (0ms)
		ExecutionOrderSort2 (0ms)
		AwakeInstancesAfterBackupRestoration (8ms)
Launched and connected shader compiler UnityShaderCompiler.exe after 0.01 seconds
Refreshing native plugins compatible for Editor in 0.82 ms, found 3 plugins.
Preloading 0 native plugins for Editor in 0.00 ms.
Unloading 16 Unused Serialized files (Serialized files now loaded: 0)
Unloading 6205 unused Assets / (4.4 MB). Loaded Objects now: 7009.
Memory consumption went from 145.6 MB to 141.2 MB.
Total: 7.094300 ms (FindLiveObjects: 0.474700 ms CreateObjectMapping: 0.433400 ms MarkObjects: 4.356900 ms  DeleteObjects: 1.828300 ms)

========================================================================
Received Prepare
Refreshing native plugins compatible for Editor in 3.42 ms, found 3 plugins.
Preloading 0 native plugins for Editor in 0.00 ms.
Unloading 16 Unused Serialized files (Serialized files now loaded: 0)
Unloading 6195 unused Assets / (4.9 MB). Loaded Objects now: 7009.
Memory consumption went from 143.6 MB to 138.7 MB.
Total: 17.398900 ms (FindLiveObjects: 1.138300 ms CreateObjectMapping: 0.900500 ms MarkObjects: 9.998500 ms  DeleteObjects: 5.359800 ms)

Prepare: number of updated asset objects reloaded= 0
========================================================================
Received Prepare
Begin MonoManager ReloadAssembly
[Licensing::Client] Successfully resolved entitlement details
- Loaded All Assemblies, in  0.595 seconds
Refreshing native plugins compatible for Editor in 0.61 ms, found 3 plugins.
Native extension for WindowsStandalone target not found
[Package Manager] Failed to launch server process. Reason: Unity was launched with the -noUpm command-line argument
[Package Manager] Unable to send message (not connected to server process).
[Package Manager] Cannot connect to Unity Package Manager local server
ScheduleIndexationOnStartup MainProcess:False IndexOnStartup:True
Mono: successfully reloaded assembly
- Finished resetting the current domain, in  0.646 seconds
Domain Reload Profiling: 1241ms
	BeginReloadAssembly (176ms)
		ExecutionOrderSort (0ms)
		DisableScriptedObjects (4ms)
		BackupInstance (0ms)
		ReleaseScriptingObjects (0ms)
		CreateAndSetChildDomain (45ms)
	RebuildCommonClasses (31ms)
	RebuildNativeTypeToScriptingClass (10ms)
	initialDomainReloadingComplete (22ms)
	LoadAllAssembliesAndSetupDomain (355ms)
		LoadAssemblies (288ms)
		RebuildTransferFunctionScriptingTraits (0ms)
		AnalyzeDomain (144ms)
			TypeCache.Refresh (8ms)
				TypeCache.ScanAssembly (0ms)
			BuildScriptInfoCaches (123ms)
			ResolveRequiredComponents (9ms)
	FinalizeReload (647ms)
		ReleaseScriptCaches (0ms)
		RebuildScriptCaches (0ms)
		SetupLoadedEditorAssemblies (522ms)
			LogAssemblyErrors (0ms)
			InitializePlatformSupportModulesInManaged (1ms)
			SetLoadedEditorAssemblies (3ms)
			BeforeProcessingInitializeOnLoad (103ms)
			ProcessInitializeOnLoadAttributes (358ms)
			ProcessInitializeOnLoadMethodAttributes (53ms)
			AfterProcessingInitializeOnLoad (4ms)
			EditorAssembliesLoaded (0ms)
		ExecutionOrderSort2 (0ms)
		AwakeInstancesAfterBackupRestoration (11ms)
Refreshing native plugins compatible for Editor in 0.74 ms, found 3 plugins.
Preloading 0 native plugins for Editor in 0.00 ms.
Unloading 16 Unused Serialized files (Serialized files now loaded: 0)
Unloading 6201 unused Assets / (4.1 MB). Loaded Objects now: 7025.
Memory consumption went from 154.2 MB to 150.2 MB.
Total: 6.308700 ms (FindLiveObjects: 0.450200 ms CreateObjectMapping: 0.413300 ms MarkObjects: 3.966500 ms  DeleteObjects: 1.477800 ms)

Prepare: number of updated asset objects reloaded= 0
========================================================================
Received Prepare
Refreshing native plugins compatible for Editor in 1.76 ms, found 3 plugins.
Preloading 0 native plugins for Editor in 0.00 ms.
Unloading 16 Unused Serialized files (Serialized files now loaded: 0)
Unloading 6195 unused Assets / (5.3 MB). Loaded Objects now: 7025.
Memory consumption went from 154.4 MB to 149.1 MB.
Total: 15.224900 ms (FindLiveObjects: 0.957700 ms CreateObjectMapping: 0.572000 ms MarkObjects: 8.272700 ms  DeleteObjects: 5.420700 ms)

Prepare: number of updated asset objects reloaded= 0
========================================================================
Received Prepare
Begin MonoManager ReloadAssembly
- Loaded All Assemblies, in  1.149 seconds
Refreshing native plugins compatible for Editor in 0.61 ms, found 3 plugins.
Native extension for WindowsStandalone target not found
[Package Manager] Failed to launch server process. Reason: Unity was launched with the -noUpm command-line argument
[Package Manager] Unable to send message (not connected to server process).
[Package Manager] Cannot connect to Unity Package Manager local server
ScheduleIndexationOnStartup MainProcess:False IndexOnStartup:True
Mono: successfully reloaded assembly
- Finished resetting the current domain, in  0.611 seconds
Domain Reload Profiling: 1749ms
	BeginReloadAssembly (258ms)
		ExecutionOrderSort (0ms)
		DisableScriptedObjects (10ms)
		BackupInstance (0ms)
		ReleaseScriptingObjects (0ms)
		CreateAndSetChildDomain (48ms)
	RebuildCommonClasses (61ms)
	RebuildNativeTypeToScriptingClass (22ms)
	initialDomainReloadingComplete (41ms)
	LoadAllAssembliesAndSetupDomain (755ms)
		LoadAssemblies (508ms)
		RebuildTransferFunctionScriptingTraits (0ms)
		AnalyzeDomain (376ms)
			TypeCache.Refresh (11ms)
				TypeCache.ScanAssembly (0ms)
			BuildScriptInfoCaches (351ms)
			ResolveRequiredComponents (9ms)
	FinalizeReload (612ms)
		ReleaseScriptCaches (0ms)
		RebuildScriptCaches (0ms)
		SetupLoadedEditorAssemblies (482ms)
			LogAssemblyErrors (0ms)
			InitializePlatformSupportModulesInManaged (1ms)
			SetLoadedEditorAssemblies (3ms)
			BeforeProcessingInitializeOnLoad (99ms)
			ProcessInitializeOnLoadAttributes (327ms)
			ProcessInitializeOnLoadMethodAttributes (46ms)
			AfterProcessingInitializeOnLoad (4ms)
			EditorAssembliesLoaded (0ms)
		ExecutionOrderSort2 (0ms)
		AwakeInstancesAfterBackupRestoration (11ms)
Refreshing native plugins compatible for Editor in 0.83 ms, found 3 plugins.
Preloading 0 native plugins for Editor in 0.00 ms.
Unloading 16 Unused Serialized files (Serialized files now loaded: 0)
Unloading 6201 unused Assets / (4.2 MB). Loaded Objects now: 7028.
Memory consumption went from 154.1 MB to 149.9 MB.
Total: 6.726900 ms (FindLiveObjects: 0.485000 ms CreateObjectMapping: 0.444100 ms MarkObjects: 4.104400 ms  DeleteObjects: 1.692600 ms)

Prepare: number of updated asset objects reloaded= 0
========================================================================
Received Prepare
Refreshing native plugins compatible for Editor in 0.72 ms, found 3 plugins.
Preloading 0 native plugins for Editor in 0.00 ms.
Unloading 16 Unused Serialized files (Serialized files now loaded: 0)
Unloading 6196 unused Assets / (4.0 MB). Loaded Objects now: 7029.
Memory consumption went from 154.2 MB to 150.2 MB.
Total: 6.581300 ms (FindLiveObjects: 0.479200 ms CreateObjectMapping: 0.434700 ms MarkObjects: 4.148800 ms  DeleteObjects: 1.517500 ms)

Prepare: number of updated asset objects reloaded= 0
========================================================================
Received Prepare
Refreshing native plugins compatible for Editor in 2.39 ms, found 3 plugins.
Preloading 0 native plugins for Editor in 0.00 ms.
Unloading 16 Unused Serialized files (Serialized files now loaded: 0)
Unloading 6196 unused Assets / (6.2 MB). Loaded Objects now: 7029.
Memory consumption went from 154.2 MB to 148.1 MB.
Total: 15.303200 ms (FindLiveObjects: 1.038800 ms CreateObjectMapping: 0.654100 ms MarkObjects: 8.495200 ms  DeleteObjects: 5.113500 ms)

Prepare: number of updated asset objects reloaded= 0
========================================================================
Received Import Request.
  Time since last request: 120803.437817 seconds.
  path: Assets/Scripts/HealthPickup.cs
  artifactKey: Guid(14d2150f0a278b642877ed9316c6d53f) Importer(815301076,1909f56bfc062723c751e8b465ee728b)
Start importing Assets/Scripts/HealthPickup.cs using Guid(14d2150f0a278b642877ed9316c6d53f) Importer(815301076,1909f56bfc062723c751e8b465ee728b) (PreviewImporter) -> (artifact id: 'b124dd8b05e3af949fca18aa8c6e8f20') in 0.0653484 seconds
Number of updated asset objects reloaded before import = 0Number of asset objects unloaded after import = 0

========================================================================
Received Prepare
Begin MonoManager ReloadAssembly
[Licensing::Client] Successfully resolved entitlement details
- Loaded All Assemblies, in  0.609 seconds
Refreshing native plugins compatible for Editor in 0.58 ms, found 3 plugins.
Native extension for WindowsStandalone target not found
[Package Manager] Failed to launch server process. Reason: Unity was launched with the -noUpm command-line argument
[Package Manager] Unable to send message (not connected to server process).
[Package Manager] Cannot connect to Unity Package Manager local server
ScheduleIndexationOnStartup MainProcess:False IndexOnStartup:True
Mono: successfully reloaded assembly
- Finished resetting the current domain, in  0.614 seconds
Domain Reload Profiling: 1223ms
	BeginReloadAssembly (179ms)
		ExecutionOrderSort (0ms)
		DisableScriptedObjects (4ms)
		BackupInstance (0ms)
		ReleaseScriptingObjects (0ms)
		CreateAndSetChildDomain (40ms)
	RebuildCommonClasses (29ms)
	RebuildNativeTypeToScriptingClass (10ms)
	initialDomainReloadingComplete (25ms)
	LoadAllAssembliesAndSetupDomain (365ms)
		LoadAssemblies (304ms)
		RebuildTransferFunctionScriptingTraits (0ms)
		AnalyzeDomain (148ms)
			TypeCache.Refresh (8ms)
				TypeCache.ScanAssembly (0ms)
			BuildScriptInfoCaches (128ms)
			ResolveRequiredComponents (8ms)
	FinalizeReload (614ms)
		ReleaseScriptCaches (0ms)
		RebuildScriptCaches (0ms)
		SetupLoadedEditorAssemblies (492ms)
			LogAssemblyErrors (0ms)
			InitializePlatformSupportModulesInManaged (1ms)
			SetLoadedEditorAssemblies (2ms)
			BeforeProcessingInitializeOnLoad (99ms)
			ProcessInitializeOnLoadAttributes (339ms)
			ProcessInitializeOnLoadMethodAttributes (46ms)
			AfterProcessingInitializeOnLoad (4ms)
			EditorAssembliesLoaded (0ms)
		ExecutionOrderSort2 (0ms)
		AwakeInstancesAfterBackupRestoration (13ms)
Refreshing native plugins compatible for Editor in 0.68 ms, found 3 plugins.
Preloading 0 native plugins for Editor in 0.00 ms.
Unloading 16 Unused Serialized files (Serialized files now loaded: 0)
Unloading 6202 unused Assets / (3.8 MB). Loaded Objects now: 7034.
Memory consumption went from 154.9 MB to 151.1 MB.
Total: 6.291400 ms (FindLiveObjects: 0.441600 ms CreateObjectMapping: 0.400100 ms MarkObjects: 3.907700 ms  DeleteObjects: 1.541300 ms)

Prepare: number of updated asset objects reloaded= 0
========================================================================
Received Import Request.
  Time since last request: 22.152984 seconds.
  path: Assets/Scripts/HealthPickup.cs
  artifactKey: Guid(14d2150f0a278b642877ed9316c6d53f) Importer(815301076,1909f56bfc062723c751e8b465ee728b)
Start importing Assets/Scripts/HealthPickup.cs using Guid(14d2150f0a278b642877ed9316c6d53f) Importer(815301076,1909f56bfc062723c751e8b465ee728b) (PreviewImporter) -> (artifact id: 'f186b276e0208160a80d6597a7fa0734') in 0.0063568 seconds
Number of updated asset objects reloaded before import = 0Number of asset objects unloaded after import = 0

========================================================================
Received Prepare
Begin MonoManager ReloadAssembly
[Licensing::Client] Successfully resolved entitlement details
- Loaded All Assemblies, in  0.600 seconds
Refreshing native plugins compatible for Editor in 0.63 ms, found 3 plugins.
Native extension for WindowsStandalone target not found
[Package Manager] Failed to launch server process. Reason: Unity was launched with the -noUpm command-line argument
[Package Manager] Unable to send message (not connected to server process).
[Package Manager] Cannot connect to Unity Package Manager local server
ScheduleIndexationOnStartup MainProcess:False IndexOnStartup:True
Mono: successfully reloaded assembly
- Finished resetting the current domain, in  0.598 seconds
Domain Reload Profiling: 1198ms
	BeginReloadAssembly (175ms)
		ExecutionOrderSort (0ms)
		DisableScriptedObjects (4ms)
		BackupInstance (0ms)
		ReleaseScriptingObjects (0ms)
		CreateAndSetChildDomain (41ms)
	RebuildCommonClasses (28ms)
	RebuildNativeTypeToScriptingClass (10ms)
	initialDomainReloadingComplete (24ms)
	LoadAllAssembliesAndSetupDomain (363ms)
		LoadAssemblies (291ms)
		RebuildTransferFunctionScriptingTraits (0ms)
		AnalyzeDomain (152ms)
			TypeCache.Refresh (6ms)
				TypeCache.ScanAssembly (0ms)
			BuildScriptInfoCaches (134ms)
			ResolveRequiredComponents (8ms)
	FinalizeReload (598ms)
		ReleaseScriptCaches (0ms)
		RebuildScriptCaches (0ms)
		SetupLoadedEditorAssemblies (482ms)
			LogAssemblyErrors (0ms)
			InitializePlatformSupportModulesInManaged (1ms)
			SetLoadedEditorAssemblies (4ms)
			BeforeProcessingInitializeOnLoad (104ms)
			ProcessInitializeOnLoadAttributes (322ms)
			ProcessInitializeOnLoadMethodAttributes (45ms)
			AfterProcessingInitializeOnLoad (5ms)
			EditorAssembliesLoaded (0ms)
		ExecutionOrderSort2 (0ms)
		AwakeInstancesAfterBackupRestoration (12ms)
Refreshing native plugins compatible for Editor in 0.77 ms, found 3 plugins.
Preloading 0 native plugins for Editor in 0.00 ms.
Unloading 16 Unused Serialized files (Serialized files now loaded: 0)
Unloading 6202 unused Assets / (4.0 MB). Loaded Objects now: 7037.
Memory consumption went from 155.0 MB to 150.9 MB.
Total: 6.523400 ms (FindLiveObjects: 0.476700 ms CreateObjectMapping: 0.403200 ms MarkObjects: 4.006500 ms  DeleteObjects: 1.636300 ms)

Prepare: number of updated asset objects reloaded= 0
========================================================================
Received Prepare
Begin MonoManager ReloadAssembly
[Licensing::Client] Successfully resolved entitlement details
- Loaded All Assemblies, in  0.610 seconds
Refreshing native plugins compatible for Editor in 0.61 ms, found 3 plugins.
Native extension for WindowsStandalone target not found
[Package Manager] Failed to launch server process. Reason: Unity was launched with the -noUpm command-line argument
[Package Manager] Unable to send message (not connected to server process).
[Package Manager] Cannot connect to Unity Package Manager local server
ScheduleIndexationOnStartup MainProcess:False IndexOnStartup:True
Mono: successfully reloaded assembly
- Finished resetting the current domain, in  0.599 seconds
Domain Reload Profiling: 1209ms
	BeginReloadAssembly (177ms)
		ExecutionOrderSort (0ms)
		DisableScriptedObjects (4ms)
		BackupInstance (0ms)
		ReleaseScriptingObjects (0ms)
		CreateAndSetChildDomain (44ms)
	RebuildCommonClasses (29ms)
	RebuildNativeTypeToScriptingClass (13ms)
	initialDomainReloadingComplete (24ms)
	LoadAllAssembliesAndSetupDomain (367ms)
		LoadAssemblies (295ms)
		RebuildTransferFunctionScriptingTraits (0ms)
		AnalyzeDomain (150ms)
			TypeCache.Refresh (6ms)
				TypeCache.ScanAssembly (0ms)
			BuildScriptInfoCaches (130ms)
			ResolveRequiredComponents (9ms)
	FinalizeReload (599ms)
		ReleaseScriptCaches (0ms)
		RebuildScriptCaches (0ms)
		SetupLoadedEditorAssemblies (482ms)
			LogAssemblyErrors (0ms)
			InitializePlatformSupportModulesInManaged (1ms)
			SetLoadedEditorAssemblies (3ms)
			BeforeProcessingInitializeOnLoad (99ms)
			ProcessInitializeOnLoadAttributes (330ms)
			ProcessInitializeOnLoadMethodAttributes (45ms)
			AfterProcessingInitializeOnLoad (4ms)
			EditorAssembliesLoaded (0ms)
		ExecutionOrderSort2 (0ms)
		AwakeInstancesAfterBackupRestoration (11ms)
Refreshing native plugins compatible for Editor in 0.98 ms, found 3 plugins.
Preloading 0 native plugins for Editor in 0.00 ms.
Unloading 16 Unused Serialized files (Serialized files now loaded: 0)
Unloading 6202 unused Assets / (4.0 MB). Loaded Objects now: 7040.
Memory consumption went from 155.0 MB to 151.0 MB.
Total: 6.339700 ms (FindLiveObjects: 0.444200 ms CreateObjectMapping: 0.408300 ms MarkObjects: 3.946300 ms  DeleteObjects: 1.540100 ms)

Prepare: number of updated asset objects reloaded= 0
========================================================================
Received Prepare
Begin MonoManager ReloadAssembly
[Licensing::Client] Successfully resolved entitlement details
- Loaded All Assemblies, in  0.607 seconds
Refreshing native plugins compatible for Editor in 0.66 ms, found 3 plugins.
Native extension for WindowsStandalone target not found
[Package Manager] Failed to launch server process. Reason: Unity was launched with the -noUpm command-line argument
[Package Manager] Unable to send message (not connected to server process).
[Package Manager] Cannot connect to Unity Package Manager local server
ScheduleIndexationOnStartup MainProcess:False IndexOnStartup:True
Mono: successfully reloaded assembly
- Finished resetting the current domain, in  0.615 seconds
Domain Reload Profiling: 1221ms
	BeginReloadAssembly (184ms)
		ExecutionOrderSort (0ms)
		DisableScriptedObjects (4ms)
		BackupInstance (0ms)
		ReleaseScriptingObjects (0ms)
		CreateAndSetChildDomain (49ms)
	RebuildCommonClasses (29ms)
	RebuildNativeTypeToScriptingClass (11ms)
	initialDomainReloadingComplete (22ms)
	LoadAllAssembliesAndSetupDomain (361ms)
		LoadAssemblies (290ms)
		RebuildTransferFunctionScriptingTraits (0ms)
		AnalyzeDomain (148ms)
			TypeCache.Refresh (6ms)
				TypeCache.ScanAssembly (0ms)
			BuildScriptInfoCaches (130ms)
			ResolveRequiredComponents (8ms)
	FinalizeReload (615ms)
		ReleaseScriptCaches (0ms)
		RebuildScriptCaches (0ms)
		SetupLoadedEditorAssemblies (499ms)
			LogAssemblyErrors (0ms)
			InitializePlatformSupportModulesInManaged (1ms)
			SetLoadedEditorAssemblies (3ms)
			BeforeProcessingInitializeOnLoad (101ms)
			ProcessInitializeOnLoadAttributes (344ms)
			ProcessInitializeOnLoadMethodAttributes (45ms)
			AfterProcessingInitializeOnLoad (5ms)
			EditorAssembliesLoaded (0ms)
		ExecutionOrderSort2 (0ms)
		AwakeInstancesAfterBackupRestoration (12ms)
Refreshing native plugins compatible for Editor in 0.89 ms, found 3 plugins.
Preloading 0 native plugins for Editor in 0.00 ms.
Unloading 16 Unused Serialized files (Serialized files now loaded: 0)
Unloading 6202 unused Assets / (4.4 MB). Loaded Objects now: 7043.
Memory consumption went from 155.1 MB to 150.6 MB.
Total: 8.741400 ms (FindLiveObjects: 0.553600 ms CreateObjectMapping: 0.611000 ms MarkObjects: 5.391400 ms  DeleteObjects: 2.184400 ms)

Prepare: number of updated asset objects reloaded= 0
========================================================================
Received Prepare
Begin MonoManager ReloadAssembly
[Licensing::Client] Successfully resolved entitlement details
- Loaded All Assemblies, in  0.591 seconds
Refreshing native plugins compatible for Editor in 0.71 ms, found 3 plugins.
Native extension for WindowsStandalone target not found
[Package Manager] Failed to launch server process. Reason: Unity was launched with the -noUpm command-line argument
[Package Manager] Unable to send message (not connected to server process).
[Package Manager] Cannot connect to Unity Package Manager local server
ScheduleIndexationOnStartup MainProcess:False IndexOnStartup:True
Mono: successfully reloaded assembly
- Finished resetting the current domain, in  0.622 seconds
Domain Reload Profiling: 1213ms
	BeginReloadAssembly (182ms)
		ExecutionOrderSort (0ms)
		DisableScriptedObjects (4ms)
		BackupInstance (0ms)
		ReleaseScriptingObjects (0ms)
		CreateAndSetChildDomain (41ms)
	RebuildCommonClasses (28ms)
	RebuildNativeTypeToScriptingClass (10ms)
	initialDomainReloadingComplete (23ms)
	LoadAllAssembliesAndSetupDomain (348ms)
		LoadAssemblies (287ms)
		RebuildTransferFunctionScriptingTraits (0ms)
		AnalyzeDomain (145ms)
			TypeCache.Refresh (6ms)
				TypeCache.ScanAssembly (0ms)
			BuildScriptInfoCaches (128ms)
			ResolveRequiredComponents (8ms)
	FinalizeReload (623ms)
		ReleaseScriptCaches (0ms)
		RebuildScriptCaches (0ms)
		SetupLoadedEditorAssemblies (501ms)
			LogAssemblyErrors (0ms)
			InitializePlatformSupportModulesInManaged (1ms)
			SetLoadedEditorAssemblies (4ms)
			BeforeProcessingInitializeOnLoad (105ms)
			ProcessInitializeOnLoadAttributes (342ms)
			ProcessInitializeOnLoadMethodAttributes (44ms)
			AfterProcessingInitializeOnLoad (5ms)
			EditorAssembliesLoaded (0ms)
		ExecutionOrderSort2 (0ms)
		AwakeInstancesAfterBackupRestoration (13ms)
Refreshing native plugins compatible for Editor in 0.90 ms, found 3 plugins.
Preloading 0 native plugins for Editor in 0.00 ms.
Unloading 16 Unused Serialized files (Serialized files now loaded: 0)
Unloading 6202 unused Assets / (4.0 MB). Loaded Objects now: 7046.
Memory consumption went from 155.1 MB to 151.1 MB.
Total: 6.387500 ms (FindLiveObjects: 0.483500 ms CreateObjectMapping: 0.420000 ms MarkObjects: 3.984400 ms  DeleteObjects: 1.498800 ms)

Prepare: number of updated asset objects reloaded= 0
========================================================================
Received Prepare
Begin MonoManager ReloadAssembly
[Licensing::Client] Successfully resolved entitlement details
- Loaded All Assemblies, in  0.604 seconds
Refreshing native plugins compatible for Editor in 0.59 ms, found 3 plugins.
Native extension for WindowsStandalone target not found
[Package Manager] Failed to launch server process. Reason: Unity was launched with the -noUpm command-line argument
[Package Manager] Unable to send message (not connected to server process).
[Package Manager] Cannot connect to Unity Package Manager local server
ScheduleIndexationOnStartup MainProcess:False IndexOnStartup:True
Mono: successfully reloaded assembly
- Finished resetting the current domain, in  0.605 seconds
Domain Reload Profiling: 1209ms
	BeginReloadAssembly (177ms)
		ExecutionOrderSort (0ms)
		DisableScriptedObjects (4ms)
		BackupInstance (0ms)
		ReleaseScriptingObjects (0ms)
		CreateAndSetChildDomain (44ms)
	RebuildCommonClasses (31ms)
	RebuildNativeTypeToScriptingClass (12ms)
	initialDomainReloadingComplete (24ms)
	LoadAllAssembliesAndSetupDomain (360ms)
		LoadAssemblies (294ms)
		RebuildTransferFunctionScriptingTraits (0ms)
		AnalyzeDomain (145ms)
			TypeCache.Refresh (6ms)
				TypeCache.ScanAssembly (0ms)
			BuildScriptInfoCaches (127ms)
			ResolveRequiredComponents (8ms)
	FinalizeReload (605ms)
		ReleaseScriptCaches (0ms)
		RebuildScriptCaches (0ms)
		SetupLoadedEditorAssemblies (490ms)
			LogAssemblyErrors (0ms)
			InitializePlatformSupportModulesInManaged (1ms)
			SetLoadedEditorAssemblies (5ms)
			BeforeProcessingInitializeOnLoad (105ms)
			ProcessInitializeOnLoadAttributes (329ms)
			ProcessInitializeOnLoadMethodAttributes (45ms)
			AfterProcessingInitializeOnLoad (4ms)
			EditorAssembliesLoaded (0ms)
		ExecutionOrderSort2 (0ms)
		AwakeInstancesAfterBackupRestoration (12ms)
Refreshing native plugins compatible for Editor in 0.84 ms, found 3 plugins.
Preloading 0 native plugins for Editor in 0.00 ms.
Unloading 16 Unused Serialized files (Serialized files now loaded: 0)
Unloading 6202 unused Assets / (4.2 MB). Loaded Objects now: 7049.
Memory consumption went from 155.1 MB to 150.9 MB.
Total: 6.445100 ms (FindLiveObjects: 0.452400 ms CreateObjectMapping: 0.407600 ms MarkObjects: 4.002900 ms  DeleteObjects: 1.581500 ms)

Prepare: number of updated asset objects reloaded= 0
========================================================================
Received Prepare
Begin MonoManager ReloadAssembly
- Loaded All Assemblies, in  0.582 seconds
Refreshing native plugins compatible for Editor in 0.60 ms, found 3 plugins.
Native extension for WindowsStandalone target not found
[Package Manager] Failed to launch server process. Reason: Unity was launched with the -noUpm command-line argument
[Package Manager] Unable to send message (not connected to server process).
[Package Manager] Cannot connect to Unity Package Manager local server
ScheduleIndexationOnStartup MainProcess:False IndexOnStartup:True
Mono: successfully reloaded assembly
- Finished resetting the current domain, in  0.616 seconds
Domain Reload Profiling: 1198ms
	BeginReloadAssembly (166ms)
		ExecutionOrderSort (0ms)
		DisableScriptedObjects (4ms)
		BackupInstance (0ms)
		ReleaseScriptingObjects (0ms)
		CreateAndSetChildDomain (38ms)
	RebuildCommonClasses (28ms)
	RebuildNativeTypeToScriptingClass (10ms)
	initialDomainReloadingComplete (22ms)
	LoadAllAssembliesAndSetupDomain (355ms)
		LoadAssemblies (286ms)
		RebuildTransferFunctionScriptingTraits (0ms)
		AnalyzeDomain (145ms)
			TypeCache.Refresh (6ms)
				TypeCache.ScanAssembly (0ms)
			BuildScriptInfoCaches (127ms)
			ResolveRequiredComponents (8ms)
	FinalizeReload (616ms)
		ReleaseScriptCaches (0ms)
		RebuildScriptCaches (0ms)
		SetupLoadedEditorAssemblies (500ms)
			LogAssemblyErrors (0ms)
			InitializePlatformSupportModulesInManaged (1ms)
			SetLoadedEditorAssemblies (5ms)
			BeforeProcessingInitializeOnLoad (103ms)
			ProcessInitializeOnLoadAttributes (340ms)
			ProcessInitializeOnLoadMethodAttributes (46ms)
			AfterProcessingInitializeOnLoad (5ms)
			EditorAssembliesLoaded (0ms)
		ExecutionOrderSort2 (0ms)
		AwakeInstancesAfterBackupRestoration (11ms)
Refreshing native plugins compatible for Editor in 0.78 ms, found 3 plugins.
Preloading 0 native plugins for Editor in 0.00 ms.
Unloading 16 Unused Serialized files (Serialized files now loaded: 0)
Unloading 6202 unused Assets / (4.1 MB). Loaded Objects now: 7052.
Memory consumption went from 155.1 MB to 151.0 MB.
Total: 6.496700 ms (FindLiveObjects: 0.460800 ms CreateObjectMapping: 0.405500 ms MarkObjects: 3.974000 ms  DeleteObjects: 1.655800 ms)

Prepare: number of updated asset objects reloaded= 0
========================================================================
Received Prepare
Begin MonoManager ReloadAssembly
- Loaded All Assemblies, in  0.584 seconds
Refreshing native plugins compatible for Editor in 0.61 ms, found 3 plugins.
Native extension for WindowsStandalone target not found
[Package Manager] Failed to launch server process. Reason: Unity was launched with the -noUpm command-line argument
[Package Manager] Unable to send message (not connected to server process).
[Package Manager] Cannot connect to Unity Package Manager local server
ScheduleIndexationOnStartup MainProcess:False IndexOnStartup:True
Mono: successfully reloaded assembly
- Finished resetting the current domain, in  0.626 seconds
Domain Reload Profiling: 1211ms
	BeginReloadAssembly (166ms)
		ExecutionOrderSort (0ms)
		DisableScriptedObjects (5ms)
		BackupInstance (0ms)
		ReleaseScriptingObjects (0ms)
		CreateAndSetChildDomain (38ms)
	RebuildCommonClasses (27ms)
	RebuildNativeTypeToScriptingClass (10ms)
	initialDomainReloadingComplete (22ms)
	LoadAllAssembliesAndSetupDomain (359ms)
		LoadAssemblies (289ms)
		RebuildTransferFunctionScriptingTraits (0ms)
		AnalyzeDomain (147ms)
			TypeCache.Refresh (7ms)
				TypeCache.ScanAssembly (0ms)
			BuildScriptInfoCaches (129ms)
			ResolveRequiredComponents (7ms)
	FinalizeReload (627ms)
		ReleaseScriptCaches (0ms)
		RebuildScriptCaches (0ms)
		SetupLoadedEditorAssemblies (511ms)
			LogAssemblyErrors (0ms)
			InitializePlatformSupportModulesInManaged (1ms)
			SetLoadedEditorAssemblies (5ms)
			BeforeProcessingInitializeOnLoad (103ms)
			ProcessInitializeOnLoadAttributes (345ms)
			ProcessInitializeOnLoadMethodAttributes (52ms)
			AfterProcessingInitializeOnLoad (5ms)
			EditorAssembliesLoaded (0ms)
		ExecutionOrderSort2 (0ms)
		AwakeInstancesAfterBackupRestoration (12ms)
Refreshing native plugins compatible for Editor in 1.27 ms, found 3 plugins.
Preloading 0 native plugins for Editor in 0.00 ms.
Unloading 16 Unused Serialized files (Serialized files now loaded: 0)
Unloading 6202 unused Assets / (4.4 MB). Loaded Objects now: 7055.
Memory consumption went from 155.2 MB to 150.8 MB.
Total: 9.158000 ms (FindLiveObjects: 0.598900 ms CreateObjectMapping: 0.587100 ms MarkObjects: 5.559700 ms  DeleteObjects: 2.411200 ms)

Prepare: number of updated asset objects reloaded= 0
========================================================================
Received Import Request.
  Time since last request: 1064.262586 seconds.
  path: Assets/salud.prefab
  artifactKey: Guid(16b2f427ed3d7704ab6b89197d43f7cc) Importer(815301076,1909f56bfc062723c751e8b465ee728b)
Start importing Assets/salud.prefab using Guid(16b2f427ed3d7704ab6b89197d43f7cc) Importer(815301076,1909f56bfc062723c751e8b465ee728b) (PreviewImporter) -> (artifact id: 'ab8632fcb5b984fe243fdfd39ddcdf0c') in 0.46241 seconds
Number of updated asset objects reloaded before import = 0Number of asset objects unloaded after import = 15

========================================================================
Received Prepare
Begin MonoManager ReloadAssembly
[Licensing::Client] Successfully resolved entitlement details
- Loaded All Assemblies, in  0.698 seconds
Refreshing native plugins compatible for Editor in 0.78 ms, found 3 plugins.
Native extension for WindowsStandalone target not found
[Package Manager] Failed to launch server process. Reason: Unity was launched with the -noUpm command-line argument
[Package Manager] Unable to send message (not connected to server process).
[Package Manager] Cannot connect to Unity Package Manager local server
ScheduleIndexationOnStartup MainProcess:False IndexOnStartup:True
Mono: successfully reloaded assembly
- Finished resetting the current domain, in  0.631 seconds
Domain Reload Profiling: 1329ms
	BeginReloadAssembly (202ms)
		ExecutionOrderSort (0ms)
		DisableScriptedObjects (17ms)
		BackupInstance (0ms)
		ReleaseScriptingObjects (0ms)
		CreateAndSetChildDomain (47ms)
	RebuildCommonClasses (34ms)
	RebuildNativeTypeToScriptingClass (10ms)
	initialDomainReloadingComplete (27ms)
	LoadAllAssembliesAndSetupDomain (424ms)
		LoadAssemblies (331ms)
		RebuildTransferFunctionScriptingTraits (0ms)
		AnalyzeDomain (182ms)
			TypeCache.Refresh (78ms)
				TypeCache.ScanAssembly (67ms)
			BuildScriptInfoCaches (93ms)
			ResolveRequiredComponents (8ms)
	FinalizeReload (632ms)
		ReleaseScriptCaches (0ms)
		RebuildScriptCaches (0ms)
		SetupLoadedEditorAssemblies (500ms)
			LogAssemblyErrors (0ms)
			InitializePlatformSupportModulesInManaged (1ms)
			SetLoadedEditorAssemblies (4ms)
			BeforeProcessingInitializeOnLoad (105ms)
			ProcessInitializeOnLoadAttributes (337ms)
			ProcessInitializeOnLoadMethodAttributes (48ms)
			AfterProcessingInitializeOnLoad (5ms)
			EditorAssembliesLoaded (0ms)
		ExecutionOrderSort2 (0ms)
		AwakeInstancesAfterBackupRestoration (12ms)
Refreshing native plugins compatible for Editor in 1.29 ms, found 3 plugins.
Preloading 0 native plugins for Editor in 0.00 ms.
Unloading 17 Unused Serialized files (Serialized files now loaded: 0)
Unloading 6212 unused Assets / (5.6 MB). Loaded Objects now: 7096.
Memory consumption went from 163.7 MB to 158.0 MB.
Total: 10.659300 ms (FindLiveObjects: 0.911800 ms CreateObjectMapping: 0.538600 ms MarkObjects: 5.896100 ms  DeleteObjects: 3.311900 ms)

Prepare: number of updated asset objects reloaded= 0
========================================================================
Received Import Request.
  Time since last request: 45.992411 seconds.
  path: Assets/EffectExamples/Misc Effects/Prefabs/ElectricalSparksEffect.prefab
  artifactKey: Guid(96b2ec0239d11fa4b9792311efceb8ed) Importer(815301076,1909f56bfc062723c751e8b465ee728b)
Start importing Assets/EffectExamples/Misc Effects/Prefabs/ElectricalSparksEffect.prefab using Guid(96b2ec0239d11fa4b9792311efceb8ed) Importer(815301076,1909f56bfc062723c751e8b465ee728b) (PreviewImporter) -> (artifact id: '2cebd03d268929e03d3fa9a52f6966e1') in 0.4049984 seconds
Number of updated asset objects reloaded before import = 0Number of asset objects unloaded after import = 13

========================================================================
Received Import Request.
  Time since last request: 0.000029 seconds.
  path: Assets/EffectExamples/Misc Effects/Prefabs/SandSwirlsEffect.prefab
  artifactKey: Guid(14d81e2c407975245973a11cdfbeb902) Importer(815301076,1909f56bfc062723c751e8b465ee728b)
Start importing Assets/EffectExamples/Misc Effects/Prefabs/SandSwirlsEffect.prefab using Guid(14d81e2c407975245973a11cdfbeb902) Importer(815301076,1909f56bfc062723c751e8b465ee728b) (PreviewImporter) -> (artifact id: '03e39799be82878911809762d1699b51') in 0.0261281 seconds
Number of updated asset objects reloaded before import = 0Number of asset objects unloaded after import = 12

========================================================================
Received Prepare
Refreshing native plugins compatible for Editor in 1.08 ms, found 3 plugins.
Preloading 0 native plugins for Editor in 0.00 ms.
Unloading 54 Unused Serialized files (Serialized files now loaded: 0)
Unloading 6334 unused Assets / (9.2 MB). Loaded Objects now: 7301.
Memory consumption went from 178.6 MB to 169.4 MB.
Total: 10.345700 ms (FindLiveObjects: 0.580300 ms CreateObjectMapping: 0.490700 ms MarkObjects: 5.578600 ms  DeleteObjects: 3.694800 ms)

Prepare: number of updated asset objects reloaded= 0
========================================================================
Received Import Request.
  Time since last request: 22.304057 seconds.
  path: Assets/EffectExamples/Misc Effects/Materials/SparkParticle.mat
  artifactKey: Guid(19a1e36bbcb5b4c429a5dfdc8fb914de) Importer(815301076,1909f56bfc062723c751e8b465ee728b)
Start importing Assets/EffectExamples/Misc Effects/Materials/SparkParticle.mat using Guid(19a1e36bbcb5b4c429a5dfdc8fb914de) Importer(815301076,1909f56bfc062723c751e8b465ee728b) (PreviewImporter) -> (artifact id: '8f415592bf00f8019df0c609188fc67e') in 0.0302079 seconds
Number of updated asset objects reloaded before import = 0Number of asset objects unloaded after import = 2

========================================================================
Received Import Request.
  Time since last request: 15.912805 seconds.
  path: Assets/rojo.mat
  artifactKey: Guid(6c191317fd941bd41b525d449e216aea) Importer(2089858483,b0f066a214c2f5e87bad3c948f4d605d)
Start importing Assets/rojo.mat using Guid(6c191317fd941bd41b525d449e216aea) Importer(2089858483,b0f066a214c2f5e87bad3c948f4d605d) (ScriptedImporter) -> (artifact id: '0f6292b0f6e5a46eaaa14246ee609016') in 0.0668451 seconds
Number of updated asset objects reloaded before import = 0Number of asset objects unloaded after import = 1

========================================================================
Received Import Request.
  Time since last request: 0.000021 seconds.
  path: Assets/EffectExamples/Misc Effects/Materials/SparkParticle.mat
  artifactKey: Guid(19a1e36bbcb5b4c429a5dfdc8fb914de) Importer(2089858483,b0f066a214c2f5e87bad3c948f4d605d)
Start importing Assets/EffectExamples/Misc Effects/Materials/SparkParticle.mat using Guid(19a1e36bbcb5b4c429a5dfdc8fb914de) Importer(2089858483,b0f066a214c2f5e87bad3c948f4d605d) (ScriptedImporter) -> (artifact id: 'c47a8c9e3d3254767039cfbbc182817c') in 0.0054793 seconds
Number of updated asset objects reloaded before import = 0Number of asset objects unloaded after import = 2

========================================================================
Received Import Request.
  Time since last request: 0.000036 seconds.
  path: Assets/EffectExamples/Scenes/Menu/ReflectionProbe-1.exr
  artifactKey: Guid(169a8370c9af86f46bac118280da2234) Importer(2089858483,b0f066a214c2f5e87bad3c948f4d605d)
Start importing Assets/EffectExamples/Scenes/Menu/ReflectionProbe-1.exr using Guid(169a8370c9af86f46bac118280da2234) Importer(2089858483,b0f066a214c2f5e87bad3c948f4d605d) (ScriptedImporter) -> (artifact id: 'fbff8283ea123ef90603b238aad97035') in 0.0275741 seconds
Number of updated asset objects reloaded before import = 0Number of asset objects unloaded after import = 1

========================================================================
Received Import Request.
  Time since last request: 0.000036 seconds.
  path: Assets/EffectExamples/TutorialInfo/Icons
  artifactKey: Guid(81c2aae2374540644b1faf7c395ef0db) Importer(2089858483,b0f066a214c2f5e87bad3c948f4d605d)
Start importing Assets/EffectExamples/TutorialInfo/Icons using Guid(81c2aae2374540644b1faf7c395ef0db) Importer(2089858483,b0f066a214c2f5e87bad3c948f4d605d) (ScriptedImporter) -> (artifact id: '2af0936443591ed7e92bc03b57a5fd99') in 0.0029276 seconds
Number of updated asset objects reloaded before import = 0Number of asset objects unloaded after import = 1

========================================================================
Received Import Request.
  Time since last request: 0.000031 seconds.
  path: Assets/EffectExamples/WeaponEffects/Materials/BulletDecalStone.mat
  artifactKey: Guid(a29767879f97b364393df3a772628180) Importer(2089858483,b0f066a214c2f5e87bad3c948f4d605d)
Start importing Assets/EffectExamples/WeaponEffects/Materials/BulletDecalStone.mat using Guid(a29767879f97b364393df3a772628180) Importer(2089858483,b0f066a214c2f5e87bad3c948f4d605d) (ScriptedImporter) -> (artifact id: 'cf4d8d7d6f46033268aa58dd608c1c49') in 0.0335812 seconds
Number of updated asset objects reloaded before import = 0Number of asset objects unloaded after import = 4

========================================================================
Received Import Request.
  Time since last request: 0.000023 seconds.
  path: Assets/EffectExamples/WeaponEffects/Textures/BloodStreakNormals.tif
  artifactKey: Guid(4b403858fefaded4bb58c22aa41b8769) Importer(2089858483,b0f066a214c2f5e87bad3c948f4d605d)
Start importing Assets/EffectExamples/WeaponEffects/Textures/BloodStreakNormals.tif using Guid(4b403858fefaded4bb58c22aa41b8769) Importer(2089858483,b0f066a214c2f5e87bad3c948f4d605d) (ScriptedImporter) -> (artifact id: '81f0e5a6c010705a24f9b7388dd62eb0') in 0.0175756 seconds
Number of updated asset objects reloaded before import = 0Number of asset objects unloaded after import = 1

========================================================================
Received Import Request.
  Time since last request: 0.000032 seconds.
  path: Assets/EffectExamples/FireExplosionEffects/Materials/IgnitionFlameParticle.mat
  artifactKey: Guid(f53f1a24bb4ef8f4d879ea7b3a5197e5) Importer(2089858483,b0f066a214c2f5e87bad3c948f4d605d)
Start importing Assets/EffectExamples/FireExplosionEffects/Materials/IgnitionFlameParticle.mat using Guid(f53f1a24bb4ef8f4d879ea7b3a5197e5) Importer(2089858483,b0f066a214c2f5e87bad3c948f4d605d) (ScriptedImporter) -> (artifact id: '35650dfa5ee268874230cb584dbb6a7a') in 0.0053807 seconds
Number of updated asset objects reloaded before import = 0Number of asset objects unloaded after import = 2

========================================================================
Received Import Request.
  Time since last request: 0.000034 seconds.
  path: Assets/EffectExamples/WeaponEffects/Materials/WoodSplintersParticle.mat
  artifactKey: Guid(fd8ebe3c7242d364bae68f1548ae70bf) Importer(2089858483,b0f066a214c2f5e87bad3c948f4d605d)
Start importing Assets/EffectExamples/WeaponEffects/Materials/WoodSplintersParticle.mat using Guid(fd8ebe3c7242d364bae68f1548ae70bf) Importer(2089858483,b0f066a214c2f5e87bad3c948f4d605d) (ScriptedImporter) -> (artifact id: '80d81f0041d3d91f82e3b9f11862a4cc') in 0.0324968 seconds
Number of updated asset objects reloaded before import = 0Number of asset objects unloaded after import = 3

========================================================================
Received Import Request.
  Time since last request: 0.000023 seconds.
  path: Assets/EffectExamples/WaterEffects/Textures/WaterRipplesParticle.tif
  artifactKey: Guid(8b12f103a80e77a4286dc286688b0228) Importer(2089858483,b0f066a214c2f5e87bad3c948f4d605d)
Start importing Assets/EffectExamples/WaterEffects/Textures/WaterRipplesParticle.tif using Guid(8b12f103a80e77a4286dc286688b0228) Importer(2089858483,b0f066a214c2f5e87bad3c948f4d605d) (ScriptedImporter) -> (artifact id: 'f43af42c53745158e0b48a8ec0e02a44') in 0.0059567 seconds
Number of updated asset objects reloaded before import = 0Number of asset objects unloaded after import = 1

========================================================================
Received Import Request.
  Time since last request: 0.000027 seconds.
  path: Assets/EffectExamples/WeaponEffects/Textures/BloodSprayAlbedo.tif
  artifactKey: Guid(3f4abfb4beaba874db09889251c0f146) Importer(2089858483,b0f066a214c2f5e87bad3c948f4d605d)
Start importing Assets/EffectExamples/WeaponEffects/Textures/BloodSprayAlbedo.tif using Guid(3f4abfb4beaba874db09889251c0f146) Importer(2089858483,b0f066a214c2f5e87bad3c948f4d605d) (ScriptedImporter) -> (artifact id: '9c3d05342b4d045a0cffcd9dc0c2c60e') in 0.00766 seconds
Number of updated asset objects reloaded before import = 0Number of asset objects unloaded after import = 1

========================================================================
Received Import Request.
  Time since last request: 0.000023 seconds.
  path: Assets/EffectExamples/WeaponEffects/Materials
  artifactKey: Guid(13808f1c5b84b9b46a1f8a7022c20c35) Importer(2089858483,b0f066a214c2f5e87bad3c948f4d605d)
Start importing Assets/EffectExamples/WeaponEffects/Materials using Guid(13808f1c5b84b9b46a1f8a7022c20c35) Importer(2089858483,b0f066a214c2f5e87bad3c948f4d605d) (ScriptedImporter) -> (artifact id: '648b547e646596d5cf8576f7a2a07fdb') in 0.0039265 seconds
Number of updated asset objects reloaded before import = 0Number of asset objects unloaded after import = 1

========================================================================
Received Import Request.
  Time since last request: 0.000026 seconds.
  path: Assets/EffectExamples/Shared/Textures/wood_tiled_02_o.tif
  artifactKey: Guid(3f61242b237377e4590f4e6d1c869079) Importer(2089858483,b0f066a214c2f5e87bad3c948f4d605d)
Start importing Assets/EffectExamples/Shared/Textures/wood_tiled_02_o.tif using Guid(3f61242b237377e4590f4e6d1c869079) Importer(2089858483,b0f066a214c2f5e87bad3c948f4d605d) (ScriptedImporter) -> (artifact id: '437804da8f756fc0762a03e285c4bcb3') in 0.0232346 seconds
Number of updated asset objects reloaded before import = 0Number of asset objects unloaded after import = 1

========================================================================
Received Import Request.
  Time since last request: 0.000030 seconds.
  path: Assets/EffectExamples/WaterEffects/Models
  artifactKey: Guid(cec83d74b89687b41904bc30bf34b266) Importer(2089858483,b0f066a214c2f5e87bad3c948f4d605d)
Start importing Assets/EffectExamples/WaterEffects/Models using Guid(cec83d74b89687b41904bc30bf34b266) Importer(2089858483,b0f066a214c2f5e87bad3c948f4d605d) (ScriptedImporter) -> (artifact id: '22333c5f5fda21f43201b5bf30515a35') in 0.0035514 seconds
Number of updated asset objects reloaded before import = 0Number of asset objects unloaded after import = 1

========================================================================
Received Import Request.
  Time since last request: 0.000048 seconds.
  path: Assets/EffectExamples/WeaponEffects/Textures/BloodMist.mat
  artifactKey: Guid(22bd383795fb6f34b93b51a4caa75781) Importer(2089858483,b0f066a214c2f5e87bad3c948f4d605d)
Start importing Assets/EffectExamples/WeaponEffects/Textures/BloodMist.mat using Guid(22bd383795fb6f34b93b51a4caa75781) Importer(2089858483,b0f066a214c2f5e87bad3c948f4d605d) (ScriptedImporter) -> (artifact id: '53add57a4c91a723084b7214c9edc1c2') in 0.004343 seconds
Number of updated asset objects reloaded before import = 0Number of asset objects unloaded after import = 2

========================================================================
Received Import Request.
  Time since last request: 0.000028 seconds.
  path: Assets/EffectExamples/WeaponEffects/Prefabs/BulletImpactWoodEffect.prefab
  artifactKey: Guid(beb3acff7ab73944fb8f470f24d74ed3) Importer(2089858483,b0f066a214c2f5e87bad3c948f4d605d)
Start importing Assets/EffectExamples/WeaponEffects/Prefabs/BulletImpactWoodEffect.prefab using Guid(beb3acff7ab73944fb8f470f24d74ed3) Importer(2089858483,b0f066a214c2f5e87bad3c948f4d605d) (ScriptedImporter) -> (artifact id: '127111c9143c71cce6b0a72aba355c08') in 0.0984452 seconds
Number of updated asset objects reloaded before import = 0Number of asset objects unloaded after import = 15

========================================================================
Received Import Request.
  Time since last request: 0.000037 seconds.
  path: Assets/EffectExamples/Shared/Animation/Controllers/Gun.controller
  artifactKey: Guid(2be2206e6d3865742a99fd2f946e6378) Importer(2089858483,b0f066a214c2f5e87bad3c948f4d605d)
Start importing Assets/EffectExamples/Shared/Animation/Controllers/Gun.controller using Guid(2be2206e6d3865742a99fd2f946e6378) Importer(2089858483,b0f066a214c2f5e87bad3c948f4d605d) (ScriptedImporter) -> (artifact id: '8be029b979b7fb1b073074876b158ee6') in 0.0070605 seconds
Number of updated asset objects reloaded before import = 0Number of asset objects unloaded after import = 8

========================================================================
Received Import Request.
  Time since last request: 0.000024 seconds.
  path: Assets/EffectExamples/Editor
  artifactKey: Guid(865a9979c64e5da448aeed5e6d8b3de6) Importer(2089858483,b0f066a214c2f5e87bad3c948f4d605d)
Start importing Assets/EffectExamples/Editor using Guid(865a9979c64e5da448aeed5e6d8b3de6) Importer(2089858483,b0f066a214c2f5e87bad3c948f4d605d) (ScriptedImporter) -> (artifact id: '7a158cf87abaa0fb152a6eec6069e0be') in 0.0035808 seconds
Number of updated asset objects reloaded before import = 0Number of asset objects unloaded after import = 1

========================================================================
Received Import Request.
  Time since last request: 0.000040 seconds.
  path: Assets/EffectExamples/Blood/Textures/BloodStreamAlbedo.tif
  artifactKey: Guid(1a55072e908ebe74e962a97efbc17416) Importer(2089858483,b0f066a214c2f5e87bad3c948f4d605d)
Start importing Assets/EffectExamples/Blood/Textures/BloodStreamAlbedo.tif using Guid(1a55072e908ebe74e962a97efbc17416) Importer(2089858483,b0f066a214c2f5e87bad3c948f4d605d) (ScriptedImporter) -> (artifact id: '8cf7ae03aa3118299ce52002fa0c3ce3') in 0.0070366 seconds
Number of updated asset objects reloaded before import = 0Number of asset objects unloaded after import = 1

========================================================================
Received Import Request.
  Time since last request: 0.000022 seconds.
  path: Assets/EffectExamples/WeaponEffects/Prefabs/BulletImpactWaterContainerEffect.prefab
  artifactKey: Guid(a60a75fdadab5de428529a5b8ef0426a) Importer(2089858483,b0f066a214c2f5e87bad3c948f4d605d)
Start importing Assets/EffectExamples/WeaponEffects/Prefabs/BulletImpactWaterContainerEffect.prefab using Guid(a60a75fdadab5de428529a5b8ef0426a) Importer(2089858483,b0f066a214c2f5e87bad3c948f4d605d) (ScriptedImporter) -> (artifact id: 'c301e65a03e98557e469024ca7714755') in 0.005165 seconds
Number of updated asset objects reloaded before import = 0Number of asset objects unloaded after import = 13

========================================================================
Received Import Request.
  Time since last request: 0.000022 seconds.
  path: Assets/EffectExamples/WaterEffects/Textures/WaterMistParticle.tif
  artifactKey: Guid(9d5aa5ea4e0631a4bb7518c3cb434858) Importer(2089858483,b0f066a214c2f5e87bad3c948f4d605d)
Start importing Assets/EffectExamples/WaterEffects/Textures/WaterMistParticle.tif using Guid(9d5aa5ea4e0631a4bb7518c3cb434858) Importer(2089858483,b0f066a214c2f5e87bad3c948f4d605d) (ScriptedImporter) -> (artifact id: '5bba6552683a59816f03e3f7145ec387') in 0.0096517 seconds
Number of updated asset objects reloaded before import = 0Number of asset objects unloaded after import = 1

========================================================================
Received Import Request.
  Time since last request: 0.000027 seconds.
  path: Assets/EffectExamples/WaterEffects/Textures/CloudsParticleSheet.tif
  artifactKey: Guid(f0f137a9e20dd82448c39df561615d24) Importer(2089858483,b0f066a214c2f5e87bad3c948f4d605d)
Start importing Assets/EffectExamples/WaterEffects/Textures/CloudsParticleSheet.tif using Guid(f0f137a9e20dd82448c39df561615d24) Importer(2089858483,b0f066a214c2f5e87bad3c948f4d605d) (ScriptedImporter) -> (artifact id: 'd452feb9fd05253d24d0b16976fcf0ac') in 0.0057118 seconds
Number of updated asset objects reloaded before import = 0Number of asset objects unloaded after import = 1

========================================================================
Received Import Request.
  Time since last request: 0.000026 seconds.
  path: Assets/EffectExamples/Shared/Prefabs/WaterFilled.prefab
  artifactKey: Guid(b3310980331fa134d82770127f640471) Importer(2089858483,b0f066a214c2f5e87bad3c948f4d605d)
Start importing Assets/EffectExamples/Shared/Prefabs/WaterFilled.prefab using Guid(b3310980331fa134d82770127f640471) Importer(2089858483,b0f066a214c2f5e87bad3c948f4d605d) (ScriptedImporter) -> (artifact id: 'dbcca748d216e5f9ba10350b95f45cdf') in 0.0104666 seconds
Number of updated asset objects reloaded before import = 0Number of asset objects unloaded after import = 14

========================================================================
Received Import Request.
  Time since last request: 0.000031 seconds.
  path: Assets/EffectExamples/WeaponEffects/Materials/BulletFleshDecal.mat
  artifactKey: Guid(d771645f9ac10d241b18277409d02a55) Importer(2089858483,b0f066a214c2f5e87bad3c948f4d605d)
Start importing Assets/EffectExamples/WeaponEffects/Materials/BulletFleshDecal.mat using Guid(d771645f9ac10d241b18277409d02a55) Importer(2089858483,b0f066a214c2f5e87bad3c948f4d605d) (ScriptedImporter) -> (artifact id: '0099b33aa01ad12ee5c0dcad487f88b7') in 0.0314242 seconds
Number of updated asset objects reloaded before import = 0Number of asset objects unloaded after import = 4

========================================================================
Received Import Request.
  Time since last request: 0.000039 seconds.
  path: Assets/EffectExamples/FireExplosionEffects/Prefabs/BigExplosionEffect.prefab
  artifactKey: Guid(acf39d9f4addf294d93fa56fa373961b) Importer(2089858483,b0f066a214c2f5e87bad3c948f4d605d)
Start importing Assets/EffectExamples/FireExplosionEffects/Prefabs/BigExplosionEffect.prefab using Guid(acf39d9f4addf294d93fa56fa373961b) Importer(2089858483,b0f066a214c2f5e87bad3c948f4d605d) (ScriptedImporter) -> (artifact id: '2b8edc6b7cf96977997a56b0ee3862bd') in 0.019887 seconds
Number of updated asset objects reloaded before import = 0Number of asset objects unloaded after import = 34

========================================================================
Received Import Request.
  Time since last request: 0.000023 seconds.
  path: Assets/EffectExamples/Shared/Models/Materials/No Name.mat
  artifactKey: Guid(451ddf5f145f097438c920eb68fc6397) Importer(2089858483,b0f066a214c2f5e87bad3c948f4d605d)
Start importing Assets/EffectExamples/Shared/Models/Materials/No Name.mat using Guid(451ddf5f145f097438c920eb68fc6397) Importer(2089858483,b0f066a214c2f5e87bad3c948f4d605d) (ScriptedImporter) -> (artifact id: '676d0ff6ba8cf7afbeffc1755dd3443e') in 0.0043664 seconds
Number of updated asset objects reloaded before import = 0Number of asset objects unloaded after import = 1

========================================================================
Received Import Request.
  Time since last request: 0.000021 seconds.
  path: Assets/EffectExamples/WeaponEffects/Materials/RocketTrailParticle.mat
  artifactKey: Guid(87220c434b13e684f84b32a5a04cf4be) Importer(2089858483,b0f066a214c2f5e87bad3c948f4d605d)
Start importing Assets/EffectExamples/WeaponEffects/Materials/RocketTrailParticle.mat using Guid(87220c434b13e684f84b32a5a04cf4be) Importer(2089858483,b0f066a214c2f5e87bad3c948f4d605d) (ScriptedImporter) -> (artifact id: '5b55f5fae9babbb70f4be94d7092f14f') in 0.0170897 seconds
Number of updated asset objects reloaded before import = 0Number of asset objects unloaded after import = 4

========================================================================
Received Import Request.
  Time since last request: 0.000029 seconds.
  path: Assets/EffectExamples/Misc Effects/Textures
  artifactKey: Guid(572e6a76a1523424cafec32557e2631e) Importer(2089858483,b0f066a214c2f5e87bad3c948f4d605d)
Start importing Assets/EffectExamples/Misc Effects/Textures using Guid(572e6a76a1523424cafec32557e2631e) Importer(2089858483,b0f066a214c2f5e87bad3c948f4d605d) (ScriptedImporter) -> (artifact id: '16cad60fc9d9c3b9a929af11a17773a4') in 0.0030391 seconds
Number of updated asset objects reloaded before import = 0Number of asset objects unloaded after import = 1

========================================================================
Received Import Request.
  Time since last request: 0.000031 seconds.
  path: Assets/EffectExamples/FireExplosionEffects/Prefabs
  artifactKey: Guid(af557a47dae08a94cb2839384fe7ac98) Importer(2089858483,b0f066a214c2f5e87bad3c948f4d605d)
Start importing Assets/EffectExamples/FireExplosionEffects/Prefabs using Guid(af557a47dae08a94cb2839384fe7ac98) Importer(2089858483,b0f066a214c2f5e87bad3c948f4d605d) (ScriptedImporter) -> (artifact id: '89897b918d1094638cfb49679e23cc5f') in 0.0030012 seconds
Number of updated asset objects reloaded before import = 0Number of asset objects unloaded after import = 1

========================================================================
Received Import Request.
  Time since last request: 0.000024 seconds.
  path: Assets/EffectExamples/Shared/Prefabs/Sand.prefab
  artifactKey: Guid(ba43211ecc156be458125732de23ddb6) Importer(2089858483,b0f066a214c2f5e87bad3c948f4d605d)
Start importing Assets/EffectExamples/Shared/Prefabs/Sand.prefab using Guid(ba43211ecc156be458125732de23ddb6) Importer(2089858483,b0f066a214c2f5e87bad3c948f4d605d) (ScriptedImporter) -> (artifact id: 'eeb11f2efd5e71cef6cc6721f3f8b0be') in 0.0054405 seconds
Number of updated asset objects reloaded before import = 0Number of asset objects unloaded after import = 14

========================================================================
Received Import Request.
  Time since last request: 0.000033 seconds.
  path: Assets/EffectExamples/FireExplosionEffects/Materials/SmokeLightParticle.mat
  artifactKey: Guid(f06455b167e1b0b428c9af62d7aa6832) Importer(2089858483,b0f066a214c2f5e87bad3c948f4d605d)
Start importing Assets/EffectExamples/FireExplosionEffects/Materials/SmokeLightParticle.mat using Guid(f06455b167e1b0b428c9af62d7aa6832) Importer(2089858483,b0f066a214c2f5e87bad3c948f4d605d) (ScriptedImporter) -> (artifact id: 'b836af0a59bc42249991f89d769b376f') in 0.0107248 seconds
Number of updated asset objects reloaded before import = 0Number of asset objects unloaded after import = 4

========================================================================
Received Import Request.
  Time since last request: 0.000024 seconds.
  path: Assets/EffectExamples/FireExplosionEffects/Materials/LightningParticle.mat
  artifactKey: Guid(123ac6dc79004e54b8b352a7e64acdca) Importer(2089858483,b0f066a214c2f5e87bad3c948f4d605d)
Start importing Assets/EffectExamples/FireExplosionEffects/Materials/LightningParticle.mat using Guid(123ac6dc79004e54b8b352a7e64acdca) Importer(2089858483,b0f066a214c2f5e87bad3c948f4d605d) (ScriptedImporter) -> (artifact id: '1ffbbeed0e575243d23d677a2f24b060') in 0.0038329 seconds
Number of updated asset objects reloaded before import = 0Number of asset objects unloaded after import = 2

========================================================================
Received Import Request.
  Time since last request: 0.000020 seconds.
  path: Assets/EffectExamples/WeaponEffects/Materials/BulletDecalWood.mat
  artifactKey: Guid(39babc0a61c17df41bca722640cfc289) Importer(2089858483,b0f066a214c2f5e87bad3c948f4d605d)
Start importing Assets/EffectExamples/WeaponEffects/Materials/BulletDecalWood.mat using Guid(39babc0a61c17df41bca722640cfc289) Importer(2089858483,b0f066a214c2f5e87bad3c948f4d605d) (ScriptedImporter) -> (artifact id: '0b6e8d86da49c642d9faf4073e0730be') in 0.0048196 seconds
Number of updated asset objects reloaded before import = 0Number of asset objects unloaded after import = 4

========================================================================
Received Import Request.
  Time since last request: 0.000037 seconds.
  path: Assets/EffectExamples/Misc Effects/Prefabs
  artifactKey: Guid(fca85df12e535493183bed364873ede7) Importer(2089858483,b0f066a214c2f5e87bad3c948f4d605d)
Start importing Assets/EffectExamples/Misc Effects/Prefabs using Guid(fca85df12e535493183bed364873ede7) Importer(2089858483,b0f066a214c2f5e87bad3c948f4d605d) (ScriptedImporter) -> (artifact id: '57a0f6708f9e8c524e5a319975ed19e5') in 0.0030448 seconds
Number of updated asset objects reloaded before import = 0Number of asset objects unloaded after import = 1

========================================================================
Received Import Request.
  Time since last request: 0.000020 seconds.
  path: Assets/EffectExamples/WaterEffects/Prefabs/RainEffect.prefab
  artifactKey: Guid(d0c0b49979d372942ae5a964d9364111) Importer(2089858483,b0f066a214c2f5e87bad3c948f4d605d)
Start importing Assets/EffectExamples/WaterEffects/Prefabs/RainEffect.prefab using Guid(d0c0b49979d372942ae5a964d9364111) Importer(2089858483,b0f066a214c2f5e87bad3c948f4d605d) (ScriptedImporter) -> (artifact id: 'f6c8dd987cb8653bc843edd7c935864e') in 0.0056549 seconds
Number of updated asset objects reloaded before import = 0Number of asset objects unloaded after import = 24

========================================================================
Received Import Request.
  Time since last request: 0.000021 seconds.
  path: Assets/EffectExamples/Blood/Textures/BloodSprayNormals.tif
  artifactKey: Guid(d3d3954ad53568b49b1fda6366f2b5ee) Importer(2089858483,b0f066a214c2f5e87bad3c948f4d605d)
Start importing Assets/EffectExamples/Blood/Textures/BloodSprayNormals.tif using Guid(d3d3954ad53568b49b1fda6366f2b5ee) Importer(2089858483,b0f066a214c2f5e87bad3c948f4d605d) (ScriptedImporter) -> (artifact id: 'b57752714606492fba2814fd3d3b106b') in 0.005283 seconds
Number of updated asset objects reloaded before import = 0Number of asset objects unloaded after import = 1

========================================================================
Received Import Request.
  Time since last request: 0.000023 seconds.
  path: Assets/EffectExamples/WaterEffects/Prefabs/WaterfallEffect.prefab
  artifactKey: Guid(8edb62778d3ea1e489bc191b81b2fc46) Importer(2089858483,b0f066a214c2f5e87bad3c948f4d605d)
Start importing Assets/EffectExamples/WaterEffects/Prefabs/WaterfallEffect.prefab using Guid(8edb62778d3ea1e489bc191b81b2fc46) Importer(2089858483,b0f066a214c2f5e87bad3c948f4d605d) (ScriptedImporter) -> (artifact id: '1cd6c8c517004d97467f586e300d6e6b') in 0.0185216 seconds
Number of updated asset objects reloaded before import = 0Number of asset objects unloaded after import = 38

========================================================================
Received Import Request.
  Time since last request: 0.000029 seconds.
  path: Assets/EffectExamples/WaterEffects/Prefabs/WaterfallSmallEffect.prefab
  artifactKey: Guid(e0ea35e989dfcd043b42d7053b546abc) Importer(2089858483,b0f066a214c2f5e87bad3c948f4d605d)
Start importing Assets/EffectExamples/WaterEffects/Prefabs/WaterfallSmallEffect.prefab using Guid(e0ea35e989dfcd043b42d7053b546abc) Importer(2089858483,b0f066a214c2f5e87bad3c948f4d605d) (ScriptedImporter) -> (artifact id: 'b561ab394505ee7364324b617f03043c') in 0.0210126 seconds
Number of updated asset objects reloaded before import = 0Number of asset objects unloaded after import = 34

========================================================================
Received Import Request.
  Time since last request: 0.000024 seconds.
  path: Assets/EffectExamples/WeaponEffects/Textures/TinyStonesNormalsSheet.tif
  artifactKey: Guid(a00b2df6dc199854ba60af0c001a51b2) Importer(2089858483,b0f066a214c2f5e87bad3c948f4d605d)
Start importing Assets/EffectExamples/WeaponEffects/Textures/TinyStonesNormalsSheet.tif using Guid(a00b2df6dc199854ba60af0c001a51b2) Importer(2089858483,b0f066a214c2f5e87bad3c948f4d605d) (ScriptedImporter) -> (artifact id: '072eff8a79ffc8d2b5abe22bc4b565fe') in 0.005523 seconds
Number of updated asset objects reloaded before import = 0Number of asset objects unloaded after import = 1

========================================================================
Received Import Request.
  Time since last request: 0.000019 seconds.
  path: Assets/EffectExamples/FireExplosionEffects/Prefabs/SmokeEffect.prefab
  artifactKey: Guid(85a8865d1bf4a63478038fae23776de8) Importer(2089858483,b0f066a214c2f5e87bad3c948f4d605d)
Start importing Assets/EffectExamples/FireExplosionEffects/Prefabs/SmokeEffect.prefab using Guid(85a8865d1bf4a63478038fae23776de8) Importer(2089858483,b0f066a214c2f5e87bad3c948f4d605d) (ScriptedImporter) -> (artifact id: '0058495ed778f90b7632f8c0c7d2ee4d') in 0.0186535 seconds
Number of updated asset objects reloaded before import = 0Number of asset objects unloaded after import = 13

========================================================================
Received Import Request.
  Time since last request: 0.000023 seconds.
  path: Assets/EffectExamples/Shared/Prefabs/Flesh.prefab
  artifactKey: Guid(a7034287e2bd6a141ab896f71d0b1357) Importer(2089858483,b0f066a214c2f5e87bad3c948f4d605d)
Start importing Assets/EffectExamples/Shared/Prefabs/Flesh.prefab using Guid(a7034287e2bd6a141ab896f71d0b1357) Importer(2089858483,b0f066a214c2f5e87bad3c948f4d605d) (ScriptedImporter) -> (artifact id: '14c2803ce25d5c49c5b46ff1ec40be75') in 0.0074197 seconds
Number of updated asset objects reloaded before import = 0Number of asset objects unloaded after import = 14

========================================================================
Received Import Request.
  Time since last request: 0.000033 seconds.
  path: Assets/EffectExamples/Shared/Prefabs/Extinguish.prefab
  artifactKey: Guid(ec68cf3d27ad1bf48a4b4d3af84e4ded) Importer(2089858483,b0f066a214c2f5e87bad3c948f4d605d)
Start importing Assets/EffectExamples/Shared/Prefabs/Extinguish.prefab using Guid(ec68cf3d27ad1bf48a4b4d3af84e4ded) Importer(2089858483,b0f066a214c2f5e87bad3c948f4d605d) (ScriptedImporter) -> (artifact id: 'eba6a00d8e92076590777ebb8f55afc6') in 0.0073548 seconds
Number of updated asset objects reloaded before import = 0Number of asset objects unloaded after import = 35

========================================================================
Received Import Request.
  Time since last request: 0.000030 seconds.
  path: Assets/EffectExamples/Editor/PackageManagerAssembly
  artifactKey: Guid(d899c3023b28a9b4c9ea94e5ca4d892d) Importer(2089858483,b0f066a214c2f5e87bad3c948f4d605d)
Start importing Assets/EffectExamples/Editor/PackageManagerAssembly using Guid(d899c3023b28a9b4c9ea94e5ca4d892d) Importer(2089858483,b0f066a214c2f5e87bad3c948f4d605d) (ScriptedImporter) -> (artifact id: '8b14c96721fca1ffc4ed67341d029466') in 0.0030858 seconds
Number of updated asset objects reloaded before import = 0Number of asset objects unloaded after import = 1

========================================================================
Received Import Request.
  Time since last request: 0.000039 seconds.
  path: Assets/EffectExamples/FireExplosionEffects/Textures
  artifactKey: Guid(b570582a843ea1143a2446d355eda99b) Importer(2089858483,b0f066a214c2f5e87bad3c948f4d605d)
Start importing Assets/EffectExamples/FireExplosionEffects/Textures using Guid(b570582a843ea1143a2446d355eda99b) Importer(2089858483,b0f066a214c2f5e87bad3c948f4d605d) (ScriptedImporter) -> (artifact id: '69d93b4f3093f147054e5fa00e35c2d6') in 0.003414 seconds
Number of updated asset objects reloaded before import = 0Number of asset objects unloaded after import = 1

========================================================================
Received Import Request.
  Time since last request: 0.000028 seconds.
  path: Assets/EffectExamples/Shared/Animation
  artifactKey: Guid(8407a20867569fd49bddda21a451f43c) Importer(2089858483,b0f066a214c2f5e87bad3c948f4d605d)
Start importing Assets/EffectExamples/Shared/Animation using Guid(8407a20867569fd49bddda21a451f43c) Importer(2089858483,b0f066a214c2f5e87bad3c948f4d605d) (ScriptedImporter) -> (artifact id: '82cd6cd68b686e7e34ef03f100136eb1') in 0.0029723 seconds
Number of updated asset objects reloaded before import = 0Number of asset objects unloaded after import = 1

========================================================================
Received Import Request.
  Time since last request: 0.000033 seconds.
  path: Assets/EffectExamples/WeaponEffects/Textures/BloodStreak.mat
  artifactKey: Guid(2f03a6f5f76f67c45ae05e606f7ca2da) Importer(2089858483,b0f066a214c2f5e87bad3c948f4d605d)
Start importing Assets/EffectExamples/WeaponEffects/Textures/BloodStreak.mat using Guid(2f03a6f5f76f67c45ae05e606f7ca2da) Importer(2089858483,b0f066a214c2f5e87bad3c948f4d605d) (ScriptedImporter) -> (artifact id: '1098bc12ea5fdbfb97f103c004b254ee') in 0.0072677 seconds
Number of updated asset objects reloaded before import = 0Number of asset objects unloaded after import = 2

========================================================================
Received Import Request.
  Time since last request: 0.000034 seconds.
  path: Assets/EffectExamples/WaterEffects/Materials/StormCloudParticle.mat
  artifactKey: Guid(6ed8795ca1a3b714ea3f3d7a204afb7a) Importer(2089858483,b0f066a214c2f5e87bad3c948f4d605d)
Start importing Assets/EffectExamples/WaterEffects/Materials/StormCloudParticle.mat using Guid(6ed8795ca1a3b714ea3f3d7a204afb7a) Importer(2089858483,b0f066a214c2f5e87bad3c948f4d605d) (ScriptedImporter) -> (artifact id: 'e2adf4d5858c98db9cd6f43cc64cc75d') in 0.0140752 seconds
Number of updated asset objects reloaded before import = 0Number of asset objects unloaded after import = 4

========================================================================
Received Import Request.
  Time since last request: 0.000030 seconds.
  path: Assets/EffectExamples/Shared/Prefabs
  artifactKey: Guid(40699bdce656c484c9aa24320556cf4f) Importer(2089858483,b0f066a214c2f5e87bad3c948f4d605d)
Start importing Assets/EffectExamples/Shared/Prefabs using Guid(40699bdce656c484c9aa24320556cf4f) Importer(2089858483,b0f066a214c2f5e87bad3c948f4d605d) (ScriptedImporter) -> (artifact id: 'ad3f8457dcee10c78b43449ce5cb6111') in 0.0046688 seconds
Number of updated asset objects reloaded before import = 0Number of asset objects unloaded after import = 1

========================================================================
Received Import Request.
  Time since last request: 0.000028 seconds.
  path: Assets/EffectExamples/TutorialInfo/Icons/Help_Icon.png
  artifactKey: Guid(a186f8a87ca4f4d3aa864638ad5dfb65) Importer(2089858483,b0f066a214c2f5e87bad3c948f4d605d)
Start importing Assets/EffectExamples/TutorialInfo/Icons/Help_Icon.png using Guid(a186f8a87ca4f4d3aa864638ad5dfb65) Importer(2089858483,b0f066a214c2f5e87bad3c948f4d605d) (ScriptedImporter) -> (artifact id: '8ff617736c7571f55dd9131b283106ef') in 0.0071059 seconds
Number of updated asset objects reloaded before import = 0Number of asset objects unloaded after import = 1

========================================================================
Received Import Request.
  Time since last request: 0.000107 seconds.
  path: Assets/EffectExamples/WaterEffects/Textures/CloudsParticleNormals.tif
  artifactKey: Guid(aa748bb25f802de4fb3622d6963a538e) Importer(2089858483,b0f066a214c2f5e87bad3c948f4d605d)
Start importing Assets/EffectExamples/WaterEffects/Textures/CloudsParticleNormals.tif using Guid(aa748bb25f802de4fb3622d6963a538e) Importer(2089858483,b0f066a214c2f5e87bad3c948f4d605d) (ScriptedImporter) -> (artifact id: '7a9984dc1d0c86fb64bd154a82174978') in 0.0064177 seconds
Number of updated asset objects reloaded before import = 0Number of asset objects unloaded after import = 1

========================================================================
Received Import Request.
  Time since last request: 0.000025 seconds.
  path: Assets/EffectExamples/Blood/Materials/BloodSplatParticle.mat
  artifactKey: Guid(3ea2e59d181ffce4e97d5d1d07a22c05) Importer(2089858483,b0f066a214c2f5e87bad3c948f4d605d)
Start importing Assets/EffectExamples/Blood/Materials/BloodSplatParticle.mat using Guid(3ea2e59d181ffce4e97d5d1d07a22c05) Importer(2089858483,b0f066a214c2f5e87bad3c948f4d605d) (ScriptedImporter) -> (artifact id: 'e7e081313e7af380150d119334c6a97f') in 0.0296728 seconds
Number of updated asset objects reloaded before import = 0Number of asset objects unloaded after import = 3

========================================================================
Received Import Request.
  Time since last request: 0.000034 seconds.
  path: Assets/EffectExamples/Shared/Scripts/GunShoot.cs
  artifactKey: Guid(422d8644426474cfd8b793ce3c107314) Importer(2089858483,b0f066a214c2f5e87bad3c948f4d605d)
Start importing Assets/EffectExamples/Shared/Scripts/GunShoot.cs using Guid(422d8644426474cfd8b793ce3c107314) Importer(2089858483,b0f066a214c2f5e87bad3c948f4d605d) (ScriptedImporter) -> (artifact id: 'cb3b7e29ce8330216af9bf12e44bfaf4') in 0.0038354 seconds
Number of updated asset objects reloaded before import = 0Number of asset objects unloaded after import = 0

========================================================================
Received Import Request.
  Time since last request: 0.000046 seconds.
  path: Assets/EffectExamples/WaterEffects/Prefabs
  artifactKey: Guid(527a225033593d040b9de296117f335e) Importer(2089858483,b0f066a214c2f5e87bad3c948f4d605d)
Start importing Assets/EffectExamples/WaterEffects/Prefabs using Guid(527a225033593d040b9de296117f335e) Importer(2089858483,b0f066a214c2f5e87bad3c948f4d605d) (ScriptedImporter) -> (artifact id: '44dfb784b583400cf443423b33906772') in 0.0029502 seconds
Number of updated asset objects reloaded before import = 0Number of asset objects unloaded after import = 1

========================================================================
Received Import Request.
  Time since last request: 0.000020 seconds.
  path: Assets/EffectExamples
  artifactKey: Guid(6c0b056137d972f46a0312ba21b6263f) Importer(2089858483,b0f066a214c2f5e87bad3c948f4d605d)
Start importing Assets/EffectExamples using Guid(6c0b056137d972f46a0312ba21b6263f) Importer(2089858483,b0f066a214c2f5e87bad3c948f4d605d) (ScriptedImporter) -> (artifact id: '2c0d671b17c9bd3e74e099e8724b8d00') in 0.0030659 seconds
Number of updated asset objects reloaded before import = 0Number of asset objects unloaded after import = 1

========================================================================
Received Import Request.
  Time since last request: 0.000046 seconds.
  path: Assets/EffectExamples/Shared/Prefabs/Wood.prefab
  artifactKey: Guid(b6d38b5165f9b6e49a8402118b5237a1) Importer(2089858483,b0f066a214c2f5e87bad3c948f4d605d)
Start importing Assets/EffectExamples/Shared/Prefabs/Wood.prefab using Guid(b6d38b5165f9b6e49a8402118b5237a1) Importer(2089858483,b0f066a214c2f5e87bad3c948f4d605d) (ScriptedImporter) -> (artifact id: '89c248a5adadc3210bf15e6d0055fc48') in 0.0053267 seconds
Number of updated asset objects reloaded before import = 0Number of asset objects unloaded after import = 14

========================================================================
Received Import Request.
  Time since last request: 0.000038 seconds.
  path: Assets/EffectExamples/WeaponEffects/Models/ShellCasing.FBX
  artifactKey: Guid(39af8eb310699cb4dac88a1ce9577c85) Importer(2089858483,b0f066a214c2f5e87bad3c948f4d605d)
Start importing Assets/EffectExamples/WeaponEffects/Models/ShellCasing.FBX using Guid(39af8eb310699cb4dac88a1ce9577c85) Importer(2089858483,b0f066a214c2f5e87bad3c948f4d605d) (ScriptedImporter) -> (artifact id: '65bda26ea37cb3e448b4c6dc3a3b6083') in 0.0230013 seconds
Number of updated asset objects reloaded before import = 0Number of asset objects unloaded after import = 8

========================================================================
Received Import Request.
  Time since last request: 0.000023 seconds.
  path: Assets/EffectExamples/Shared/Materials
  artifactKey: Guid(61b55cbb6a9d5364987450e8ef537a1a) Importer(2089858483,b0f066a214c2f5e87bad3c948f4d605d)
Start importing Assets/EffectExamples/Shared/Materials using Guid(61b55cbb6a9d5364987450e8ef537a1a) Importer(2089858483,b0f066a214c2f5e87bad3c948f4d605d) (ScriptedImporter) -> (artifact id: '2fd895075af587156c5fa6e546a7ce64') in 0.0028661 seconds
Number of updated asset objects reloaded before import = 0Number of asset objects unloaded after import = 1

========================================================================
Received Import Request.
  Time since last request: 0.000021 seconds.
  path: Assets/EffectExamples/FireExplosionEffects
  artifactKey: Guid(9c9c292c9091a7d4fbaf34fdd81b85fc) Importer(2089858483,b0f066a214c2f5e87bad3c948f4d605d)
Start importing Assets/EffectExamples/FireExplosionEffects using Guid(9c9c292c9091a7d4fbaf34fdd81b85fc) Importer(2089858483,b0f066a214c2f5e87bad3c948f4d605d) (ScriptedImporter) -> (artifact id: 'f4fd5f3e10fcbf3db2129b6f85ac7e35') in 0.0031266 seconds
Number of updated asset objects reloaded before import = 0Number of asset objects unloaded after import = 1

========================================================================
Received Import Request.
  Time since last request: 0.000033 seconds.
  path: Assets/EffectExamples/FireExplosionEffects/Prefabs/PlasmaExplosionEffect.prefab
  artifactKey: Guid(96730f8640590934eacb6f860058e7f9) Importer(2089858483,b0f066a214c2f5e87bad3c948f4d605d)
Start importing Assets/EffectExamples/FireExplosionEffects/Prefabs/PlasmaExplosionEffect.prefab using Guid(96730f8640590934eacb6f860058e7f9) Importer(2089858483,b0f066a214c2f5e87bad3c948f4d605d) (ScriptedImporter) -> (artifact id: 'b892a4be3fe1f58367bdd264b530a5a6') in 0.0157278 seconds
Number of updated asset objects reloaded before import = 0Number of asset objects unloaded after import = 22

========================================================================
Received Import Request.
  Time since last request: 0.000025 seconds.
  path: Assets/EffectExamples/Blood/Materials/BloodSplashParticle.mat
  artifactKey: Guid(6f3ee23817d2bd74681209e519f72618) Importer(2089858483,b0f066a214c2f5e87bad3c948f4d605d)
Start importing Assets/EffectExamples/Blood/Materials/BloodSplashParticle.mat using Guid(6f3ee23817d2bd74681209e519f72618) Importer(2089858483,b0f066a214c2f5e87bad3c948f4d605d) (ScriptedImporter) -> (artifact id: 'ee2667ad8a4a5b220a2e0d0c1452a517') in 0.0046892 seconds
Number of updated asset objects reloaded before import = 0Number of asset objects unloaded after import = 3

========================================================================
Received Import Request.
  Time since last request: 0.000023 seconds.
  path: Assets/EffectExamples/WaterEffects/Materials/ImpactSplashParticle.mat
  artifactKey: Guid(90c3f5183cf0f9d488b3821973c75c93) Importer(2089858483,b0f066a214c2f5e87bad3c948f4d605d)
Start importing Assets/EffectExamples/WaterEffects/Materials/ImpactSplashParticle.mat using Guid(90c3f5183cf0f9d488b3821973c75c93) Importer(2089858483,b0f066a214c2f5e87bad3c948f4d605d) (ScriptedImporter) -> (artifact id: 'f206f8b8fe49b112a6cdf46e9db57ba7') in 0.00611 seconds
Number of updated asset objects reloaded before import = 0Number of asset objects unloaded after import = 2

========================================================================
Received Import Request.
  Time since last request: 0.000058 seconds.
  path: Assets/EffectExamples/Shared/Fonts/Roboto-Thin.ttf
  artifactKey: Guid(cd25d80d03a864fdd90534b28f15208a) Importer(2089858483,b0f066a214c2f5e87bad3c948f4d605d)
Start importing Assets/EffectExamples/Shared/Fonts/Roboto-Thin.ttf using Guid(cd25d80d03a864fdd90534b28f15208a) Importer(2089858483,b0f066a214c2f5e87bad3c948f4d605d) (ScriptedImporter) -> (artifact id: '03e7a6d0afc4c87eaa69657f193f4e44') in 0.0101793 seconds
Number of updated asset objects reloaded before import = 0Number of asset objects unloaded after import = 3

========================================================================
Received Import Request.
  Time since last request: 0.000022 seconds.
  path: Assets/EffectExamples/Misc Effects/Textures/DustMoteParticle.png
  artifactKey: Guid(394e93ce356b57344903a08ff72fcab2) Importer(2089858483,b0f066a214c2f5e87bad3c948f4d605d)
Start importing Assets/EffectExamples/Misc Effects/Textures/DustMoteParticle.png using Guid(394e93ce356b57344903a08ff72fcab2) Importer(2089858483,b0f066a214c2f5e87bad3c948f4d605d) (ScriptedImporter) -> (artifact id: 'be51dfe80d7a22386e70df45a561f7ab') in 0.0087986 seconds
Number of updated asset objects reloaded before import = 0Number of asset objects unloaded after import = 3

========================================================================
Received Import Request.
  Time since last request: 0.000023 seconds.
  path: Assets/EffectExamples/Shared/Animation/Animations/GunIdle.anim
  artifactKey: Guid(1a8355c50c57ad748b5180c061c4f676) Importer(2089858483,b0f066a214c2f5e87bad3c948f4d605d)
Start importing Assets/EffectExamples/Shared/Animation/Animations/GunIdle.anim using Guid(1a8355c50c57ad748b5180c061c4f676) Importer(2089858483,b0f066a214c2f5e87bad3c948f4d605d) (ScriptedImporter) -> (artifact id: '7abefe1ca4224f4244dbb547f661975d') in 0.0083621 seconds
Number of updated asset objects reloaded before import = 0Number of asset objects unloaded after import = 1

========================================================================
Received Import Request.
  Time since last request: 0.000022 seconds.
  path: Assets/EffectExamples/Shared/Materials/FleshSurface.mat
  artifactKey: Guid(72bc6ef93dd24b24a92daaf12577d9f1) Importer(2089858483,b0f066a214c2f5e87bad3c948f4d605d)
Start importing Assets/EffectExamples/Shared/Materials/FleshSurface.mat using Guid(72bc6ef93dd24b24a92daaf12577d9f1) Importer(2089858483,b0f066a214c2f5e87bad3c948f4d605d) (ScriptedImporter) -> (artifact id: '34fb9f3673be115f9015c69b5ce0bb15') in 0.0116278 seconds
Number of updated asset objects reloaded before import = 0Number of asset objects unloaded after import = 2

========================================================================
Received Import Request.
  Time since last request: 0.000021 seconds.
  path: Assets/EffectExamples/FireExplosionEffects/Textures/FlameParticleSheet.tif
  artifactKey: Guid(838696ee09635f647b630a61fac71a72) Importer(2089858483,b0f066a214c2f5e87bad3c948f4d605d)
Start importing Assets/EffectExamples/FireExplosionEffects/Textures/FlameParticleSheet.tif using Guid(838696ee09635f647b630a61fac71a72) Importer(2089858483,b0f066a214c2f5e87bad3c948f4d605d) (ScriptedImporter) -> (artifact id: '73180df4e69e51d57228bb3c88bb8ac9') in 0.0069633 seconds
Number of updated asset objects reloaded before import = 0Number of asset objects unloaded after import = 1

========================================================================
Received Import Request.
  Time since last request: 0.000026 seconds.
  path: Assets/EffectExamples/WeaponEffects/Textures/woodSplintersAlbedo.tif
  artifactKey: Guid(477c430b429f1a24282dab34a73b4cca) Importer(2089858483,b0f066a214c2f5e87bad3c948f4d605d)
Start importing Assets/EffectExamples/WeaponEffects/Textures/woodSplintersAlbedo.tif using Guid(477c430b429f1a24282dab34a73b4cca) Importer(2089858483,b0f066a214c2f5e87bad3c948f4d605d) (ScriptedImporter) -> (artifact id: '9f7ebf8d9bc24f511ab4bfe2e992e3bb') in 0.0060369 seconds
Number of updated asset objects reloaded before import = 0Number of asset objects unloaded after import = 1

========================================================================
Received Import Request.
  Time since last request: 0.000038 seconds.
  path: Assets/EffectExamples/Shared/PhysicsMaterials/Meat.physicMaterial
  artifactKey: Guid(8843da9524c3cec4eaebc0bf81cc4e1a) Importer(2089858483,b0f066a214c2f5e87bad3c948f4d605d)
Start importing Assets/EffectExamples/Shared/PhysicsMaterials/Meat.physicMaterial using Guid(8843da9524c3cec4eaebc0bf81cc4e1a) Importer(2089858483,b0f066a214c2f5e87bad3c948f4d605d) (ScriptedImporter) -> (artifact id: 'b3781b68f46611c37d45815866560edc') in 0.0042102 seconds
Number of updated asset objects reloaded before import = 0Number of asset objects unloaded after import = 1

========================================================================
Received Import Request.
  Time since last request: 0.000032 seconds.
  path: Assets/EffectExamples/FireExplosionEffects/Prefabs/FlamesEffects.prefab
  artifactKey: Guid(b9e167e31f640b34f87caab122fca598) Importer(2089858483,b0f066a214c2f5e87bad3c948f4d605d)
Start importing Assets/EffectExamples/FireExplosionEffects/Prefabs/FlamesEffects.prefab using Guid(b9e167e31f640b34f87caab122fca598) Importer(2089858483,b0f066a214c2f5e87bad3c948f4d605d) (ScriptedImporter) -> (artifact id: 'c7e572efb8b5f39edef6a0e73cbbe6c0') in 0.0090329 seconds
Number of updated asset objects reloaded before import = 0Number of asset objects unloaded after import = 58

========================================================================
Received Import Request.
  Time since last request: 0.000064 seconds.
  path: Assets/EffectExamples/FireExplosionEffects/Prefabs/WallFlames.prefab
  artifactKey: Guid(2c7e85f4b03483447a66947c83fb7468) Importer(2089858483,b0f066a214c2f5e87bad3c948f4d605d)
Start importing Assets/EffectExamples/FireExplosionEffects/Prefabs/WallFlames.prefab using Guid(2c7e85f4b03483447a66947c83fb7468) Importer(2089858483,b0f066a214c2f5e87bad3c948f4d605d) (ScriptedImporter) -> (artifact id: '77018e3e92de5b8c966348f4c9ab9cea') in 0.0198369 seconds
Number of updated asset objects reloaded before import = 0Number of asset objects unloaded after import = 27

========================================================================
Received Import Request.
  Time since last request: 0.000032 seconds.
  path: Assets/EffectExamples/Misc Effects/Prefabs/ElectricalSparksEffect.prefab
  artifactKey: Guid(96b2ec0239d11fa4b9792311efceb8ed) Importer(2089858483,b0f066a214c2f5e87bad3c948f4d605d)
Start importing Assets/EffectExamples/Misc Effects/Prefabs/ElectricalSparksEffect.prefab using Guid(96b2ec0239d11fa4b9792311efceb8ed) Importer(2089858483,b0f066a214c2f5e87bad3c948f4d605d) (ScriptedImporter) -> (artifact id: '768b729083b3408fb4a49112cd2058f8') in 0.0193764 seconds
Number of updated asset objects reloaded before import = 0Number of asset objects unloaded after import = 11

========================================================================
Received Import Request.
  Time since last request: 0.000022 seconds.
  path: Assets/EffectExamples/Misc Effects/Prefabs/DustMotesEffect.prefab
  artifactKey: Guid(5ca4c580b3888314581688fa46fb142d) Importer(2089858483,b0f066a214c2f5e87bad3c948f4d605d)
Start importing Assets/EffectExamples/Misc Effects/Prefabs/DustMotesEffect.prefab using Guid(5ca4c580b3888314581688fa46fb142d) Importer(2089858483,b0f066a214c2f5e87bad3c948f4d605d) (ScriptedImporter) -> (artifact id: '1acdf6121d9bb08ea158b6f79eaf479f') in 0.013162 seconds
Number of updated asset objects reloaded before import = 0Number of asset objects unloaded after import = 6

========================================================================
Received Import Request.
  Time since last request: 0.000029 seconds.
  path: Assets/EffectExamples/Shared/Fonts/RobotoCondensed-Bold.ttf
  artifactKey: Guid(fae067962e5934395be31c8aba4a3455) Importer(2089858483,b0f066a214c2f5e87bad3c948f4d605d)
Start importing Assets/EffectExamples/Shared/Fonts/RobotoCondensed-Bold.ttf using Guid(fae067962e5934395be31c8aba4a3455) Importer(2089858483,b0f066a214c2f5e87bad3c948f4d605d) (ScriptedImporter) -> (artifact id: 'e27eb11a8fab9758747b1a6db52b38e4') in 0.005785 seconds
Number of updated asset objects reloaded before import = 0Number of asset objects unloaded after import = 3

========================================================================
Received Import Request.
  Time since last request: 0.000029 seconds.
  path: Assets/EffectExamples/WeaponEffects/Textures/WoodBulletHoleDepth.tif
  artifactKey: Guid(d911e33e4ef025e4ea1cc5a3503e4d42) Importer(2089858483,b0f066a214c2f5e87bad3c948f4d605d)
Start importing Assets/EffectExamples/WeaponEffects/Textures/WoodBulletHoleDepth.tif using Guid(d911e33e4ef025e4ea1cc5a3503e4d42) Importer(2089858483,b0f066a214c2f5e87bad3c948f4d605d) (ScriptedImporter) -> (artifact id: 'd7fa7b198c78b0e3e96750e9d811a227') in 0.0059398 seconds
Number of updated asset objects reloaded before import = 0Number of asset objects unloaded after import = 1

========================================================================
Received Import Request.
  Time since last request: 0.000021 seconds.
  path: Assets/EffectExamples/FireExplosionEffects/Textures/FlameRoundGreyParticleSheet.tif
  artifactKey: Guid(aa0907451008d784b8ef5b1c0900465d) Importer(2089858483,b0f066a214c2f5e87bad3c948f4d605d)
Start importing Assets/EffectExamples/FireExplosionEffects/Textures/FlameRoundGreyParticleSheet.tif using Guid(aa0907451008d784b8ef5b1c0900465d) Importer(2089858483,b0f066a214c2f5e87bad3c948f4d605d) (ScriptedImporter) -> (artifact id: 'b4ef941c7049a57761e12e2a97d8e09c') in 0.0070106 seconds
Number of updated asset objects reloaded before import = 0Number of asset objects unloaded after import = 1

========================================================================
Received Import Request.
  Time since last request: 0.000028 seconds.
  path: Assets/EffectExamples/Shared/Scripts/ParticleExamples.cs
  artifactKey: Guid(1708b2ad8d149415d8ceffa3a0ae252f) Importer(2089858483,b0f066a214c2f5e87bad3c948f4d605d)
Start importing Assets/EffectExamples/Shared/Scripts/ParticleExamples.cs using Guid(1708b2ad8d149415d8ceffa3a0ae252f) Importer(2089858483,b0f066a214c2f5e87bad3c948f4d605d) (ScriptedImporter) -> (artifact id: 'daa42467ee26c76b7cfa235c25c2d38c') in 0.0035316 seconds
Number of updated asset objects reloaded before import = 0Number of asset objects unloaded after import = 0

========================================================================
Received Import Request.
  Time since last request: 0.000027 seconds.
  path: Assets/EffectExamples/Shared/Scripts/ParticleMenu.cs
  artifactKey: Guid(3b87f472a8687453eac1a8091330b6d5) Importer(2089858483,b0f066a214c2f5e87bad3c948f4d605d)
Start importing Assets/EffectExamples/Shared/Scripts/ParticleMenu.cs using Guid(3b87f472a8687453eac1a8091330b6d5) Importer(2089858483,b0f066a214c2f5e87bad3c948f4d605d) (ScriptedImporter) -> (artifact id: '1b5075f4cfaa21a9a0beaaa73e06b4b3') in 0.0031074 seconds
Number of updated asset objects reloaded before import = 0Number of asset objects unloaded after import = 0

========================================================================
Received Import Request.
  Time since last request: 0.000021 seconds.
  path: Assets/EffectExamples/FireExplosionEffects/Prefabs/SmallExplosionEffect.prefab
  artifactKey: Guid(ecdd96beb7f93494880c052dfccf9dc1) Importer(2089858483,b0f066a214c2f5e87bad3c948f4d605d)
Start importing Assets/EffectExamples/FireExplosionEffects/Prefabs/SmallExplosionEffect.prefab using Guid(ecdd96beb7f93494880c052dfccf9dc1) Importer(2089858483,b0f066a214c2f5e87bad3c948f4d605d) (ScriptedImporter) -> (artifact id: '05ff70b0a8efc24fad366be21725d010') in 0.0147323 seconds
Number of updated asset objects reloaded before import = 0Number of asset objects unloaded after import = 18

========================================================================
Received Import Request.
  Time since last request: 0.000022 seconds.
  path: Assets/EffectExamples/Blood/Materials/BloodPoolParticle.mat
  artifactKey: Guid(95be4df36eca6eb4b821dcab4acd4a1e) Importer(2089858483,b0f066a214c2f5e87bad3c948f4d605d)
Start importing Assets/EffectExamples/Blood/Materials/BloodPoolParticle.mat using Guid(95be4df36eca6eb4b821dcab4acd4a1e) Importer(2089858483,b0f066a214c2f5e87bad3c948f4d605d) (ScriptedImporter) -> (artifact id: 'e78dbbb824f76c2211dc53a304e9580d') in 0.0066888 seconds
Number of updated asset objects reloaded before import = 0Number of asset objects unloaded after import = 3

========================================================================
Received Import Request.
  Time since last request: 0.000027 seconds.
  path: Assets/EffectExamples/Shared/Fonts
  artifactKey: Guid(478f74dba370047e1b323cb1a9a0af95) Importer(2089858483,b0f066a214c2f5e87bad3c948f4d605d)
Start importing Assets/EffectExamples/Shared/Fonts using Guid(478f74dba370047e1b323cb1a9a0af95) Importer(2089858483,b0f066a214c2f5e87bad3c948f4d605d) (ScriptedImporter) -> (artifact id: 'b7c0be6b117ba51541d7135fde4541fd') in 0.0033157 seconds
Number of updated asset objects reloaded before import = 0Number of asset objects unloaded after import = 1

========================================================================
Received Import Request.
  Time since last request: 0.000020 seconds.
  path: Assets/EffectExamples/Shared/Models/Materials
  artifactKey: Guid(35875382864befb47bdbe9ff43c11ff6) Importer(2089858483,b0f066a214c2f5e87bad3c948f4d605d)
Start importing Assets/EffectExamples/Shared/Models/Materials using Guid(35875382864befb47bdbe9ff43c11ff6) Importer(2089858483,b0f066a214c2f5e87bad3c948f4d605d) (ScriptedImporter) -> (artifact id: 'acd006d5d988b44ddc1e47325f74a38d') in 0.0029059 seconds
Number of updated asset objects reloaded before import = 0Number of asset objects unloaded after import = 1

========================================================================
Received Import Request.
  Time since last request: 0.000022 seconds.
  path: Assets/EffectExamples/WaterEffects/Materials/WaterDropParticle.mat
  artifactKey: Guid(760cb38a22b22154790d1a62e76c087e) Importer(2089858483,b0f066a214c2f5e87bad3c948f4d605d)
Start importing Assets/EffectExamples/WaterEffects/Materials/WaterDropParticle.mat using Guid(760cb38a22b22154790d1a62e76c087e) Importer(2089858483,b0f066a214c2f5e87bad3c948f4d605d) (ScriptedImporter) -> (artifact id: 'de593c0d9a9b98e8e3178839887f5a00') in 0.006224 seconds
Number of updated asset objects reloaded before import = 0Number of asset objects unloaded after import = 2

========================================================================
Received Import Request.
  Time since last request: 0.000028 seconds.
  path: Assets/EffectExamples/Misc Effects/Materials/SandSwirlsParticle.mat
  artifactKey: Guid(795ab1f41a8fd4142859110cee203fd7) Importer(2089858483,b0f066a214c2f5e87bad3c948f4d605d)
Start importing Assets/EffectExamples/Misc Effects/Materials/SandSwirlsParticle.mat using Guid(795ab1f41a8fd4142859110cee203fd7) Importer(2089858483,b0f066a214c2f5e87bad3c948f4d605d) (ScriptedImporter) -> (artifact id: '3b67cc920c2240d578f2157505e67af5') in 0.0041646 seconds
Number of updated asset objects reloaded before import = 0Number of asset objects unloaded after import = 2

========================================================================
Received Import Request.
  Time since last request: 0.000022 seconds.
  path: Assets/EffectExamples/Blood/Textures
  artifactKey: Guid(23bb7a7336d9d9240bb5a3524b46c422) Importer(2089858483,b0f066a214c2f5e87bad3c948f4d605d)
Start importing Assets/EffectExamples/Blood/Textures using Guid(23bb7a7336d9d9240bb5a3524b46c422) Importer(2089858483,b0f066a214c2f5e87bad3c948f4d605d) (ScriptedImporter) -> (artifact id: 'a55468c4f945a6a2e8925f3de07dccdb') in 0.0032972 seconds
Number of updated asset objects reloaded before import = 0Number of asset objects unloaded after import = 1

========================================================================
Received Import Request.
  Time since last request: 0.000021 seconds.
  path: Assets/EffectExamples/Shared/Prefabs/ParticlesLight.prefab
  artifactKey: Guid(fa35d75604d172d48b7a6b62a07c7dbf) Importer(2089858483,b0f066a214c2f5e87bad3c948f4d605d)
Start importing Assets/EffectExamples/Shared/Prefabs/ParticlesLight.prefab using Guid(fa35d75604d172d48b7a6b62a07c7dbf) Importer(2089858483,b0f066a214c2f5e87bad3c948f4d605d) (ScriptedImporter) -> (artifact id: '05e81c412b5bbf18eabbae61f44bb588') in 0.0129628 seconds
Number of updated asset objects reloaded before import = 0Number of asset objects unloaded after import = 5

========================================================================
Received Import Request.
  Time since last request: 0.000021 seconds.
  path: Assets/EffectExamples/Shared
  artifactKey: Guid(d20707e94d6582c4bb82c70bda7918f0) Importer(2089858483,b0f066a214c2f5e87bad3c948f4d605d)
Start importing Assets/EffectExamples/Shared using Guid(d20707e94d6582c4bb82c70bda7918f0) Importer(2089858483,b0f066a214c2f5e87bad3c948f4d605d) (ScriptedImporter) -> (artifact id: '20fb3e7cbe84f8ffbff13eeb6805ff01') in 0.0031716 seconds
Number of updated asset objects reloaded before import = 0Number of asset objects unloaded after import = 1

========================================================================
Received Import Request.
  Time since last request: 0.000033 seconds.
  path: Assets/EffectExamples/Shared/Scripts
  artifactKey: Guid(bd22c1c7cfb6a0f469bbe1805930df50) Importer(2089858483,b0f066a214c2f5e87bad3c948f4d605d)
Start importing Assets/EffectExamples/Shared/Scripts using Guid(bd22c1c7cfb6a0f469bbe1805930df50) Importer(2089858483,b0f066a214c2f5e87bad3c948f4d605d) (ScriptedImporter) -> (artifact id: '44636ccfac41df75f3083b0609b10b8c') in 0.0028358 seconds
Number of updated asset objects reloaded before import = 0Number of asset objects unloaded after import = 1

========================================================================
Received Import Request.
  Time since last request: 0.000025 seconds.
  path: Assets/EffectExamples/WeaponEffects/Prefabs
  artifactKey: Guid(66b2958180b2bf2499ff4c4b6a684d80) Importer(2089858483,b0f066a214c2f5e87bad3c948f4d605d)
Start importing Assets/EffectExamples/WeaponEffects/Prefabs using Guid(66b2958180b2bf2499ff4c4b6a684d80) Importer(2089858483,b0f066a214c2f5e87bad3c948f4d605d) (ScriptedImporter) -> (artifact id: '67f4fbf6b2e28fb908bd9c9a2494649c') in 0.0029324 seconds
Number of updated asset objects reloaded before import = 0Number of asset objects unloaded after import = 1

========================================================================
Received Import Request.
  Time since last request: 0.000024 seconds.
  path: Assets/EffectExamples/Shared/Materials/Skybox.mat
  artifactKey: Guid(d1385980456cd2044b282d73625457db) Importer(2089858483,b0f066a214c2f5e87bad3c948f4d605d)
Start importing Assets/EffectExamples/Shared/Materials/Skybox.mat using Guid(d1385980456cd2044b282d73625457db) Importer(2089858483,b0f066a214c2f5e87bad3c948f4d605d) (ScriptedImporter) -> (artifact id: 'cc98cec18262508412bfff683250b68a') in 0.005612 seconds
Number of updated asset objects reloaded before import = 0Number of asset objects unloaded after import = 1

========================================================================
Received Import Request.
  Time since last request: 0.000025 seconds.
  path: Assets/EffectExamples/Shared/Textures/BackgroundAlbedo.tif
  artifactKey: Guid(184411e5cbfcef94d90c27171a6135d6) Importer(2089858483,b0f066a214c2f5e87bad3c948f4d605d)
Start importing Assets/EffectExamples/Shared/Textures/BackgroundAlbedo.tif using Guid(184411e5cbfcef94d90c27171a6135d6) Importer(2089858483,b0f066a214c2f5e87bad3c948f4d605d) (ScriptedImporter) -> (artifact id: 'b0459c6b32b7be9561bab54dfc173ba7') in 0.0059943 seconds
Number of updated asset objects reloaded before import = 0Number of asset objects unloaded after import = 1

========================================================================
Received Import Request.
  Time since last request: 0.000020 seconds.
  path: Assets/EffectExamples/WeaponEffects/Textures/BulletHoleMetalThroughNormals.tif
  artifactKey: Guid(b284a0bea151ce444957bb92f6b50ac4) Importer(2089858483,b0f066a214c2f5e87bad3c948f4d605d)
Start importing Assets/EffectExamples/WeaponEffects/Textures/BulletHoleMetalThroughNormals.tif using Guid(b284a0bea151ce444957bb92f6b50ac4) Importer(2089858483,b0f066a214c2f5e87bad3c948f4d605d) (ScriptedImporter) -> (artifact id: '91955b9f99f5e227d0e1fb5c616b9a87') in 0.0067208 seconds
Number of updated asset objects reloaded before import = 0Number of asset objects unloaded after import = 1

========================================================================
Received Import Request.
  Time since last request: 0.000023 seconds.
  path: Assets/EffectExamples/WeaponEffects/Materials/TinyStonesParticle.mat
  artifactKey: Guid(4ac7c4f70dacbc742a33d842cebc2157) Importer(2089858483,b0f066a214c2f5e87bad3c948f4d605d)
Start importing Assets/EffectExamples/WeaponEffects/Materials/TinyStonesParticle.mat using Guid(4ac7c4f70dacbc742a33d842cebc2157) Importer(2089858483,b0f066a214c2f5e87bad3c948f4d605d) (ScriptedImporter) -> (artifact id: '5c0d51f4642486770215a35399adc4a1') in 0.0387063 seconds
Number of updated asset objects reloaded before import = 0Number of asset objects unloaded after import = 3

========================================================================
Received Import Request.
  Time since last request: 0.000044 seconds.
  path: Assets/EffectExamples/WeaponEffects/Prefabs/BulletImpactMetalEffect.prefab
  artifactKey: Guid(02a509a7fa70ed740ba4197e20c5d32d) Importer(2089858483,b0f066a214c2f5e87bad3c948f4d605d)
Start importing Assets/EffectExamples/WeaponEffects/Prefabs/BulletImpactMetalEffect.prefab using Guid(02a509a7fa70ed740ba4197e20c5d32d) Importer(2089858483,b0f066a214c2f5e87bad3c948f4d605d) (ScriptedImporter) -> (artifact id: '7bd7c0743ba376d2492f2b45d3ffb926') in 0.0331806 seconds
Number of updated asset objects reloaded before import = 0Number of asset objects unloaded after import = 15

========================================================================
Received Import Request.
  Time since last request: 0.000028 seconds.
  path: Assets/EffectExamples/Shared/Textures/CloudsNormals.tif
  artifactKey: Guid(8806362d7e9ad5141b23999ce01adc8c) Importer(2089858483,b0f066a214c2f5e87bad3c948f4d605d)
Start importing Assets/EffectExamples/Shared/Textures/CloudsNormals.tif using Guid(8806362d7e9ad5141b23999ce01adc8c) Importer(2089858483,b0f066a214c2f5e87bad3c948f4d605d) (ScriptedImporter) -> (artifact id: '64b21cf003992d5d3cc5f148bce09a51') in 0.0087319 seconds
Number of updated asset objects reloaded before import = 0Number of asset objects unloaded after import = 1

========================================================================
Received Import Request.
  Time since last request: 0.000034 seconds.
  path: Assets/EffectExamples/FireExplosionEffects/Textures/SmokePuffNormalSheet.tif
  artifactKey: Guid(3bc01580ce4f1834eb3562397607f51d) Importer(2089858483,b0f066a214c2f5e87bad3c948f4d605d)
Start importing Assets/EffectExamples/FireExplosionEffects/Textures/SmokePuffNormalSheet.tif using Guid(3bc01580ce4f1834eb3562397607f51d) Importer(2089858483,b0f066a214c2f5e87bad3c948f4d605d) (ScriptedImporter) -> (artifact id: '76c4743b389c6c5e33e8574c9f02b91f') in 0.0118211 seconds
Number of updated asset objects reloaded before import = 0Number of asset objects unloaded after import = 1

========================================================================
Received Import Request.
  Time since last request: 0.000029 seconds.
  path: Assets/EffectExamples/WeaponEffects/Materials/WaterStreamParticle.mat
  artifactKey: Guid(8ea6ed53aae46fe4e83d154e73aed27e) Importer(2089858483,b0f066a214c2f5e87bad3c948f4d605d)
Start importing Assets/EffectExamples/WeaponEffects/Materials/WaterStreamParticle.mat using Guid(8ea6ed53aae46fe4e83d154e73aed27e) Importer(2089858483,b0f066a214c2f5e87bad3c948f4d605d) (ScriptedImporter) -> (artifact id: 'bd0069913085112a80f2c44cd7c5ca70') in 0.0070895 seconds
Number of updated asset objects reloaded before import = 0Number of asset objects unloaded after import = 3

========================================================================
Received Import Request.
  Time since last request: 0.000028 seconds.
  path: Assets/EffectExamples/Shared/Scripts/GunAim.cs
  artifactKey: Guid(c63d71560c10e473ebc409185edd2c8c) Importer(2089858483,b0f066a214c2f5e87bad3c948f4d605d)
Start importing Assets/EffectExamples/Shared/Scripts/GunAim.cs using Guid(c63d71560c10e473ebc409185edd2c8c) Importer(2089858483,b0f066a214c2f5e87bad3c948f4d605d) (ScriptedImporter) -> (artifact id: '75ce285a28c35531e6a75bffb562e5f7') in 0.0037841 seconds
Number of updated asset objects reloaded before import = 0Number of asset objects unloaded after import = 0

========================================================================
Received Import Request.
  Time since last request: 0.000068 seconds.
  path: Assets/EffectExamples/FireExplosionEffects/Textures/DebrisParticleSheet.png
  artifactKey: Guid(af1f1b45fa6b5e64894c04ceb8a592f7) Importer(2089858483,b0f066a214c2f5e87bad3c948f4d605d)
Start importing Assets/EffectExamples/FireExplosionEffects/Textures/DebrisParticleSheet.png using Guid(af1f1b45fa6b5e64894c04ceb8a592f7) Importer(2089858483,b0f066a214c2f5e87bad3c948f4d605d) (ScriptedImporter) -> (artifact id: '7e90f226f8b9a15177827403f367b611') in 0.0066801 seconds
Number of updated asset objects reloaded before import = 0Number of asset objects unloaded after import = 3

========================================================================
Received Import Request.
  Time since last request: 0.000025 seconds.
  path: Assets/EffectExamples/Shared/Textures/wood_tiled_02_n.tif
  artifactKey: Guid(43cfa3b308732c941a0fbb4334ecefcc) Importer(2089858483,b0f066a214c2f5e87bad3c948f4d605d)
Start importing Assets/EffectExamples/Shared/Textures/wood_tiled_02_n.tif using Guid(43cfa3b308732c941a0fbb4334ecefcc) Importer(2089858483,b0f066a214c2f5e87bad3c948f4d605d) (ScriptedImporter) -> (artifact id: '46f0489fd0cd6d162fc2189018b356cb') in 0.0097038 seconds
Number of updated asset objects reloaded before import = 0Number of asset objects unloaded after import = 1

========================================================================
Received Import Request.
  Time since last request: 0.000023 seconds.
  path: Assets/EffectExamples/FireExplosionEffects/Textures/RoundSoftParticle.tif
  artifactKey: Guid(82c211cd7b28abb4a9e4ee77e8bd1b03) Importer(2089858483,b0f066a214c2f5e87bad3c948f4d605d)
Start importing Assets/EffectExamples/FireExplosionEffects/Textures/RoundSoftParticle.tif using Guid(82c211cd7b28abb4a9e4ee77e8bd1b03) Importer(2089858483,b0f066a214c2f5e87bad3c948f4d605d) (ScriptedImporter) -> (artifact id: 'b9914a432b2d60f5822184b2d58f4018') in 0.0064314 seconds
Number of updated asset objects reloaded before import = 0Number of asset objects unloaded after import = 1

========================================================================
Received Import Request.
  Time since last request: 0.000020 seconds.
  path: Assets/EffectExamples/Editor/PackageManagerAssembly/PackageManagerAssembly.dll
  artifactKey: Guid(89358996bc7cbbc43b28e289a31f88a3) Importer(2089858483,b0f066a214c2f5e87bad3c948f4d605d)
Start importing Assets/EffectExamples/Editor/PackageManagerAssembly/PackageManagerAssembly.dll using Guid(89358996bc7cbbc43b28e289a31f88a3) Importer(2089858483,b0f066a214c2f5e87bad3c948f4d605d) (ScriptedImporter) -> (artifact id: '9605148a8153ac8b59dfffde22f5e8e1') in 0.0056125 seconds
Number of updated asset objects reloaded before import = 0Number of asset objects unloaded after import = 0

========================================================================
Received Import Request.
  Time since last request: 0.000026 seconds.
  path: Assets/EffectExamples/WaterEffects/Prefabs/StormCloudEffect.prefab
  artifactKey: Guid(ca55dd9d7d291014a8b13aaf95318a3a) Importer(2089858483,b0f066a214c2f5e87bad3c948f4d605d)
Start importing Assets/EffectExamples/WaterEffects/Prefabs/StormCloudEffect.prefab using Guid(ca55dd9d7d291014a8b13aaf95318a3a) Importer(2089858483,b0f066a214c2f5e87bad3c948f4d605d) (ScriptedImporter) -> (artifact id: 'f3280a80bad99b70e25ca1fcaa15c0e6') in 0.0187887 seconds
Number of updated asset objects reloaded before import = 0Number of asset objects unloaded after import = 15

========================================================================
Received Import Request.
  Time since last request: 0.000031 seconds.
  path: Assets/EffectExamples/Shared/Scripts/DecalDestroyer.cs
  artifactKey: Guid(b3cedb949dfc6b44aa88e1e82ba6471d) Importer(2089858483,b0f066a214c2f5e87bad3c948f4d605d)
Start importing Assets/EffectExamples/Shared/Scripts/DecalDestroyer.cs using Guid(b3cedb949dfc6b44aa88e1e82ba6471d) Importer(2089858483,b0f066a214c2f5e87bad3c948f4d605d) (ScriptedImporter) -> (artifact id: '030de6a7ae8185e82b7d2b6e7d6da516') in 0.0033422 seconds
Number of updated asset objects reloaded before import = 0Number of asset objects unloaded after import = 0

========================================================================
Received Import Request.
  Time since last request: 0.000028 seconds.
  path: Assets/EffectExamples/FireExplosionEffects/Materials/FlameParticle.mat
  artifactKey: Guid(bd8c234372a08af408b82538314378fe) Importer(2089858483,b0f066a214c2f5e87bad3c948f4d605d)
Start importing Assets/EffectExamples/FireExplosionEffects/Materials/FlameParticle.mat using Guid(bd8c234372a08af408b82538314378fe) Importer(2089858483,b0f066a214c2f5e87bad3c948f4d605d) (ScriptedImporter) -> (artifact id: 'c3a1b8dd229db8d3c2977333aca5307b') in 0.0063897 seconds
Number of updated asset objects reloaded before import = 0Number of asset objects unloaded after import = 2

========================================================================
Received Import Request.
  Time since last request: 0.000018 seconds.
  path: Assets/EffectExamples/WaterEffects/Models/ImpactSplash.FBX
  artifactKey: Guid(8f8a4cd20bdf7f845ab3768cae8aceed) Importer(2089858483,b0f066a214c2f5e87bad3c948f4d605d)
Start importing Assets/EffectExamples/WaterEffects/Models/ImpactSplash.FBX using Guid(8f8a4cd20bdf7f845ab3768cae8aceed) Importer(2089858483,b0f066a214c2f5e87bad3c948f4d605d) (ScriptedImporter) -> (artifact id: '912816be400e8764b638299396433801') in 0.0075233 seconds
Number of updated asset objects reloaded before import = 0Number of asset objects unloaded after import = 7

========================================================================
Received Import Request.
  Time since last request: 0.000019 seconds.
  path: Assets/EffectExamples/Shared/Sprites/UnityLogoSprite.tif
  artifactKey: Guid(cafbb0229cd09a44a929ded63df426cb) Importer(2089858483,b0f066a214c2f5e87bad3c948f4d605d)
Start importing Assets/EffectExamples/Shared/Sprites/UnityLogoSprite.tif using Guid(cafbb0229cd09a44a929ded63df426cb) Importer(2089858483,b0f066a214c2f5e87bad3c948f4d605d) (ScriptedImporter) -> (artifact id: '7809314536a45aa34477167eb45b917c') in 0.0067331 seconds
Number of updated asset objects reloaded before import = 0Number of asset objects unloaded after import = 3

========================================================================
Received Import Request.
  Time since last request: 0.000028 seconds.
  path: Assets/EffectExamples/WeaponEffects/Textures/BulletHoleRockAlbedo.tif
  artifactKey: Guid(15240786ea512f046bf64137f0abe4a1) Importer(2089858483,b0f066a214c2f5e87bad3c948f4d605d)
Start importing Assets/EffectExamples/WeaponEffects/Textures/BulletHoleRockAlbedo.tif using Guid(15240786ea512f046bf64137f0abe4a1) Importer(2089858483,b0f066a214c2f5e87bad3c948f4d605d) (ScriptedImporter) -> (artifact id: '72dee271f2b50164c07357476ab61443') in 0.0073231 seconds
Number of updated asset objects reloaded before import = 0Number of asset objects unloaded after import = 1

========================================================================
Received Import Request.
  Time since last request: 0.000020 seconds.
  path: Assets/EffectExamples/Misc Effects/Prefabs/SparksEffect.prefab
  artifactKey: Guid(78b71003e8b357d4bbf89c8b5e5e4f0e) Importer(2089858483,b0f066a214c2f5e87bad3c948f4d605d)
Start importing Assets/EffectExamples/Misc Effects/Prefabs/SparksEffect.prefab using Guid(78b71003e8b357d4bbf89c8b5e5e4f0e) Importer(2089858483,b0f066a214c2f5e87bad3c948f4d605d) (ScriptedImporter) -> (artifact id: '2dbf3a042970016e61c94f3995eef4bd') in 0.0162867 seconds
Number of updated asset objects reloaded before import = 0Number of asset objects unloaded after import = 18

========================================================================
Received Import Request.
  Time since last request: 3.782871 seconds.
  path: Assets/EffectExamples/WeaponEffects/Materials/Projectile.mat
  artifactKey: Guid(a24a209a6bd187d49929d1a6d40a92ec) Importer(2089858483,b0f066a214c2f5e87bad3c948f4d605d)
Start importing Assets/EffectExamples/WeaponEffects/Materials/Projectile.mat using Guid(a24a209a6bd187d49929d1a6d40a92ec) Importer(2089858483,b0f066a214c2f5e87bad3c948f4d605d) (ScriptedImporter) -> (artifact id: '0ea418d78addea15508c630d8b776a1f') in 0.0038854 seconds
Number of updated asset objects reloaded before import = 0Number of asset objects unloaded after import = 1

========================================================================
Received Import Request.
  Time since last request: 0.000019 seconds.
  path: Assets/rojo.mat
  artifactKey: Guid(6c191317fd941bd41b525d449e216aea) Importer(2089858483,b0f066a214c2f5e87bad3c948f4d605d)
Start importing Assets/rojo.mat using Guid(6c191317fd941bd41b525d449e216aea) Importer(2089858483,b0f066a214c2f5e87bad3c948f4d605d) (ScriptedImporter) -> (artifact id: '42f4eca81bebcf2b92dabbd6a35d6397') in 0.0043201 seconds
Number of updated asset objects reloaded before import = 0Number of asset objects unloaded after import = 1

========================================================================
Received Import Request.
  Time since last request: 0.000019 seconds.
  path: Assets/EffectExamples/Shared/Models/Materials/ShooterFPSWeapon.mat
  artifactKey: Guid(89dbeb4ba5551ae409a3bd5812b741c1) Importer(2089858483,b0f066a214c2f5e87bad3c948f4d605d)
Start importing Assets/EffectExamples/Shared/Models/Materials/ShooterFPSWeapon.mat using Guid(89dbeb4ba5551ae409a3bd5812b741c1) Importer(2089858483,b0f066a214c2f5e87bad3c948f4d605d) (ScriptedImporter) -> (artifact id: '98738e291a09f02bf1d6a518de0d44cb') in 0.0042064 seconds
Number of updated asset objects reloaded before import = 0Number of asset objects unloaded after import = 1

========================================================================
Received Import Request.
  Time since last request: 40.382955 seconds.
  path: Assets/EffectExamples/Misc Effects/Materials/SparkParticle.mat
  artifactKey: Guid(19a1e36bbcb5b4c429a5dfdc8fb914de) Importer(815301076,1909f56bfc062723c751e8b465ee728b)
Start importing Assets/EffectExamples/Misc Effects/Materials/SparkParticle.mat using Guid(19a1e36bbcb5b4c429a5dfdc8fb914de) Importer(815301076,1909f56bfc062723c751e8b465ee728b) (PreviewImporter) -> (artifact id: 'e59a1290bd6c6ee8be5158e786d01ef9') in 2.6490829 seconds
Number of updated asset objects reloaded before import = 0Number of asset objects unloaded after import = 2

========================================================================
Received Import Request.
  Time since last request: 0.000035 seconds.
  path: Assets/EffectExamples/Misc Effects/Materials/SparkParticle.mat
  artifactKey: Guid(19a1e36bbcb5b4c429a5dfdc8fb914de) Importer(2089858483,b0f066a214c2f5e87bad3c948f4d605d)
Start importing Assets/EffectExamples/Misc Effects/Materials/SparkParticle.mat using Guid(19a1e36bbcb5b4c429a5dfdc8fb914de) Importer(2089858483,b0f066a214c2f5e87bad3c948f4d605d) (ScriptedImporter) -> (artifact id: '099b95a7c17bde03fc363dd43ae39d39') in 0.0059393 seconds
Number of updated asset objects reloaded before import = 0Number of asset objects unloaded after import = 2

========================================================================
Received Import Request.
  Time since last request: 0.000046 seconds.
  path: Assets/EffectExamples/WeaponEffects/Materials/BulletDecalWood.mat
  artifactKey: Guid(39babc0a61c17df41bca722640cfc289) Importer(2089858483,b0f066a214c2f5e87bad3c948f4d605d)
Start importing Assets/EffectExamples/WeaponEffects/Materials/BulletDecalWood.mat using Guid(39babc0a61c17df41bca722640cfc289) Importer(2089858483,b0f066a214c2f5e87bad3c948f4d605d) (ScriptedImporter) -> (artifact id: 'b7bd8f6039ab146a68f07058b1276a23') in 0.0072048 seconds
Number of updated asset objects reloaded before import = 0Number of asset objects unloaded after import = 4

========================================================================
Received Import Request.
  Time since last request: 0.000019 seconds.
  path: Assets/EffectExamples/FireExplosionEffects/Materials/PlasmaExplosionParticle.mat
  artifactKey: Guid(7ff1ab0b724442843965e2dd0f02e969) Importer(2089858483,b0f066a214c2f5e87bad3c948f4d605d)
Start importing Assets/EffectExamples/FireExplosionEffects/Materials/PlasmaExplosionParticle.mat using Guid(7ff1ab0b724442843965e2dd0f02e969) Importer(2089858483,b0f066a214c2f5e87bad3c948f4d605d) (ScriptedImporter) -> (artifact id: 'fde81488ff170afad70a3e4b9569ad60') in 0.007671 seconds
Number of updated asset objects reloaded before import = 0Number of asset objects unloaded after import = 2

========================================================================
Received Import Request.
  Time since last request: 0.000019 seconds.
  path: Assets/EffectExamples/Misc Effects/Materials/Spark2Particle.mat
  artifactKey: Guid(a6492a173e6c03f48899880b96cca600) Importer(2089858483,b0f066a214c2f5e87bad3c948f4d605d)
Start importing Assets/EffectExamples/Misc Effects/Materials/Spark2Particle.mat using Guid(a6492a173e6c03f48899880b96cca600) Importer(2089858483,b0f066a214c2f5e87bad3c948f4d605d) (ScriptedImporter) -> (artifact id: '0ba4453af22acac353d0156058b505ec') in 0.0052918 seconds
Number of updated asset objects reloaded before import = 0Number of asset objects unloaded after import = 2

========================================================================
Received Import Request.
  Time since last request: 14.352768 seconds.
  path: Assets/EffectExamples/FireExplosionEffects/Prefabs/DrippingFlames.prefab
  artifactKey: Guid(ce4133109fd2cb7469faad8e7c4307a4) Importer(815301076,1909f56bfc062723c751e8b465ee728b)
Start importing Assets/EffectExamples/FireExplosionEffects/Prefabs/DrippingFlames.prefab using Guid(ce4133109fd2cb7469faad8e7c4307a4) Importer(815301076,1909f56bfc062723c751e8b465ee728b) (PreviewImporter) -> (artifact id: 'e4cb7e198434fc4ed3f9dc00f001a850') in 3.7773935 seconds
Number of updated asset objects reloaded before import = 0Number of asset objects unloaded after import = 35

========================================================================
Received Import Request.
  Time since last request: 0.000034 seconds.
  path: Assets/EffectExamples/FireExplosionEffects/Prefabs/SmallExplosionEffect.prefab
  artifactKey: Guid(ecdd96beb7f93494880c052dfccf9dc1) Importer(815301076,1909f56bfc062723c751e8b465ee728b)
Start importing Assets/EffectExamples/FireExplosionEffects/Prefabs/SmallExplosionEffect.prefab using Guid(ecdd96beb7f93494880c052dfccf9dc1) Importer(815301076,1909f56bfc062723c751e8b465ee728b) (PreviewImporter) -> (artifact id: 'edb94b8235a6c5a761cbfe30600bdf44') in 0.0227154 seconds
Number of updated asset objects reloaded before import = 0Number of asset objects unloaded after import = 28

========================================================================
Received Import Request.
  Time since last request: 0.000042 seconds.
  path: Assets/EffectExamples/FireExplosionEffects/Prefabs/RibbonSmoke.prefab
  artifactKey: Guid(4d35711ba17dcd4409264568d9155360) Importer(815301076,1909f56bfc062723c751e8b465ee728b)
Start importing Assets/EffectExamples/FireExplosionEffects/Prefabs/RibbonSmoke.prefab using Guid(4d35711ba17dcd4409264568d9155360) Importer(815301076,1909f56bfc062723c751e8b465ee728b) (PreviewImporter) -> (artifact id: '79669ff8a292ea077967eb93f0b7f7bb') in 0.0245212 seconds
Number of updated asset objects reloaded before import = 0Number of asset objects unloaded after import = 7

========================================================================
Received Import Request.
  Time since last request: 0.000068 seconds.
  path: Assets/EffectExamples/FireExplosionEffects/Prefabs/TorchEffect.prefab
  artifactKey: Guid(3cdf614b79009ca49a2a5c117fb49c35) Importer(815301076,1909f56bfc062723c751e8b465ee728b)
Start importing Assets/EffectExamples/FireExplosionEffects/Prefabs/TorchEffect.prefab using Guid(3cdf614b79009ca49a2a5c117fb49c35) Importer(815301076,1909f56bfc062723c751e8b465ee728b) (PreviewImporter) -> (artifact id: '37bc50b5b8a823dd3398e19d72063f95') in 0.0140593 seconds
Number of updated asset objects reloaded before import = 0Number of asset objects unloaded after import = 33

========================================================================
Received Import Request.
  Time since last request: 16.164382 seconds.
  path: Assets/EffectExamples/FireExplosionEffects/Materials/EmbersParticle.mat
  artifactKey: Guid(776677ab3818fb249adaca05f4e04545) Importer(815301076,1909f56bfc062723c751e8b465ee728b)
Start importing Assets/EffectExamples/FireExplosionEffects/Materials/EmbersParticle.mat using Guid(776677ab3818fb249adaca05f4e04545) Importer(815301076,1909f56bfc062723c751e8b465ee728b) (PreviewImporter) -> (artifact id: 'bcc272c24788d050c033208a8b29f24b') in 0.0118584 seconds
Number of updated asset objects reloaded before import = 0Number of asset objects unloaded after import = 1

========================================================================
Received Import Request.
  Time since last request: 0.069710 seconds.
  path: Assets/EffectExamples/FireExplosionEffects/Materials/LightningParticle.mat
  artifactKey: Guid(123ac6dc79004e54b8b352a7e64acdca) Importer(815301076,1909f56bfc062723c751e8b465ee728b)
Start importing Assets/EffectExamples/FireExplosionEffects/Materials/LightningParticle.mat using Guid(123ac6dc79004e54b8b352a7e64acdca) Importer(815301076,1909f56bfc062723c751e8b465ee728b) (PreviewImporter) -> (artifact id: 'c76bd1784e7b61419a717f941bf21d29') in 0.014199 seconds
Number of updated asset objects reloaded before import = 0Number of asset objects unloaded after import = 2

========================================================================
Received Import Request.
  Time since last request: 0.000021 seconds.
  path: Assets/EffectExamples/FireExplosionEffects/Materials/SmokeTrail.mat
  artifactKey: Guid(85320f50710fcfb4d886bc56151bea1b) Importer(815301076,1909f56bfc062723c751e8b465ee728b)
Start importing Assets/EffectExamples/FireExplosionEffects/Materials/SmokeTrail.mat using Guid(85320f50710fcfb4d886bc56151bea1b) Importer(815301076,1909f56bfc062723c751e8b465ee728b) (PreviewImporter) -> (artifact id: 'dfe95f1571b6d12b4196489bb83f2d7c') in 0.0178235 seconds
Number of updated asset objects reloaded before import = 0Number of asset objects unloaded after import = 1

========================================================================
Received Import Request.
  Time since last request: 15.473400 seconds.
  path: Assets/EffectExamples/FireExplosionEffects/Textures/FlameRoundParticleSheet.tif
  artifactKey: Guid(408718fd5f763de42b12f849570ddf58) Importer(815301076,1909f56bfc062723c751e8b465ee728b)
Start importing Assets/EffectExamples/FireExplosionEffects/Textures/FlameRoundParticleSheet.tif using Guid(408718fd5f763de42b12f849570ddf58) Importer(815301076,1909f56bfc062723c751e8b465ee728b) (PreviewImporter) -> (artifact id: 'b7ca7ceeb8857c28efda7555520375e1') in 0.0217715 seconds
Number of updated asset objects reloaded before import = 0Number of asset objects unloaded after import = 2

========================================================================
Received Import Request.
  Time since last request: 43.908888 seconds.
  path: Assets/salud.prefab
  artifactKey: Guid(16b2f427ed3d7704ab6b89197d43f7cc) Importer(815301076,1909f56bfc062723c751e8b465ee728b)
Start importing Assets/salud.prefab using Guid(16b2f427ed3d7704ab6b89197d43f7cc) Importer(815301076,1909f56bfc062723c751e8b465ee728b) (PreviewImporter) -> (artifact id: '9186cf31ce2273371d638acf0994201b') in 0.0066461 seconds
Number of updated asset objects reloaded before import = 0Number of asset objects unloaded after import = 15

========================================================================
Received Import Request.
  Time since last request: 81.685219 seconds.
  path: Assets/EffectExamples/FireExplosionEffects/Materials/FlameRoundYellowParticle.mat
  artifactKey: Guid(d7f098ed9997e714193be5e86df013f4) Importer(2089858483,b0f066a214c2f5e87bad3c948f4d605d)
Start importing Assets/EffectExamples/FireExplosionEffects/Materials/FlameRoundYellowParticle.mat using Guid(d7f098ed9997e714193be5e86df013f4) Importer(2089858483,b0f066a214c2f5e87bad3c948f4d605d) (ScriptedImporter) -> (artifact id: '7bfb2120919953795151143e4d876c47') in 0.0088641 seconds
Number of updated asset objects reloaded before import = 0Number of asset objects unloaded after import = 2

========================================================================
Received Import Request.
  Time since last request: 0.000037 seconds.
  path: Assets/EffectExamples/Misc Effects/Materials/SparkParticle.mat
  artifactKey: Guid(19a1e36bbcb5b4c429a5dfdc8fb914de) Importer(2089858483,b0f066a214c2f5e87bad3c948f4d605d)
Start importing Assets/EffectExamples/Misc Effects/Materials/SparkParticle.mat using Guid(19a1e36bbcb5b4c429a5dfdc8fb914de) Importer(2089858483,b0f066a214c2f5e87bad3c948f4d605d) (ScriptedImporter) -> (artifact id: '41f6c2fde2764d5e896f6868fee80a01') in 0.0048508 seconds
Number of updated asset objects reloaded before import = 0Number of asset objects unloaded after import = 2

========================================================================
Received Import Request.
  Time since last request: 0.000047 seconds.
  path: Assets/EffectExamples/Shared/Materials/DarkDefault.mat
  artifactKey: Guid(2062b6d0a7a2d4f46b4689198aedadd9) Importer(2089858483,b0f066a214c2f5e87bad3c948f4d605d)
Start importing Assets/EffectExamples/Shared/Materials/DarkDefault.mat using Guid(2062b6d0a7a2d4f46b4689198aedadd9) Importer(2089858483,b0f066a214c2f5e87bad3c948f4d605d) (ScriptedImporter) -> (artifact id: 'ef28fd1787ff07bdcbb51a9f93f5141f') in 0.0043626 seconds
Number of updated asset objects reloaded before import = 0Number of asset objects unloaded after import = 1

========================================================================
Received Prepare
Refreshing native plugins compatible for Editor in 0.88 ms, found 3 plugins.
Preloading 0 native plugins for Editor in 0.00 ms.
Unloading 55 Unused Serialized files (Serialized files now loaded: 0)
Unloading 6355 unused Assets / (9.2 MB). Loaded Objects now: 7360.
Memory consumption went from 180.4 MB to 171.2 MB.
Total: 13.305300 ms (FindLiveObjects: 0.511500 ms CreateObjectMapping: 0.823700 ms MarkObjects: 8.086100 ms  DeleteObjects: 3.883100 ms)

Prepare: number of updated asset objects reloaded= 0
========================================================================
Received Import Request.
  Time since last request: 8.319915 seconds.
  path: Assets/ParticleProFX/Resources/Flares/ppfxFlaresOrangeSmallInx1.flare
  artifactKey: Guid(02de0a1103e95734488cad4295337b79) Importer(2089858483,b0f066a214c2f5e87bad3c948f4d605d)
Start importing Assets/ParticleProFX/Resources/Flares/ppfxFlaresOrangeSmallInx1.flare using Guid(02de0a1103e95734488cad4295337b79) Importer(2089858483,b0f066a214c2f5e87bad3c948f4d605d) (ScriptedImporter) -> (artifact id: 'ac2dcf7d68160c4d770bf20a28a7581f') in 0.011529 seconds
Number of updated asset objects reloaded before import = 0Number of asset objects unloaded after import = 2

========================================================================
Received Import Request.
  Time since last request: 0.000024 seconds.
  path: Assets/ParticleProFX/Resources/Library/Smokes/ppfxThickSmoke.prefab
  artifactKey: Guid(2b04f023797e5094b9fa0a692e7db104) Importer(2089858483,b0f066a214c2f5e87bad3c948f4d605d)
Start importing Assets/ParticleProFX/Resources/Library/Smokes/ppfxThickSmoke.prefab using Guid(2b04f023797e5094b9fa0a692e7db104) Importer(2089858483,b0f066a214c2f5e87bad3c948f4d605d) (ScriptedImporter) -> (artifact id: '1ab23be98d92f5a7f0d5800a68f4fe71') in 0.0179608 seconds
Number of updated asset objects reloaded before import = 0Number of asset objects unloaded after import = 7

========================================================================
Received Import Request.
  Time since last request: 0.000026 seconds.
  path: Assets/ParticleProFX/Resources/Library/ChainReactions/Preview
  artifactKey: Guid(2b97307639e16de43a1f25935c827be4) Importer(2089858483,b0f066a214c2f5e87bad3c948f4d605d)
Start importing Assets/ParticleProFX/Resources/Library/ChainReactions/Preview using Guid(2b97307639e16de43a1f25935c827be4) Importer(2089858483,b0f066a214c2f5e87bad3c948f4d605d) (ScriptedImporter) -> (artifact id: '305d405cb0793358b9c4550d923eff89') in 0.0033367 seconds
Number of updated asset objects reloaded before import = 0Number of asset objects unloaded after import = 1

========================================================================
Received Import Request.
  Time since last request: 0.000036 seconds.
  path: Assets/ParticleProFX/Resources/Library/Smokes/Preview/ppfxSmokeBig.png
  artifactKey: Guid(c86912a4040b54b4c874e5cd31f65bea) Importer(2089858483,b0f066a214c2f5e87bad3c948f4d605d)
Start importing Assets/ParticleProFX/Resources/Library/Smokes/Preview/ppfxSmokeBig.png using Guid(c86912a4040b54b4c874e5cd31f65bea) Importer(2089858483,b0f066a214c2f5e87bad3c948f4d605d) (ScriptedImporter) -> (artifact id: 'b53490af699afef22a84ea0b35eaedd6') in 0.0079863 seconds
Number of updated asset objects reloaded before import = 0Number of asset objects unloaded after import = 1

========================================================================
Received Import Request.
  Time since last request: 0.000025 seconds.
  path: Assets/ParticleProFX/Resources/Library/Smokes/ppfxDustWall.prefab
  artifactKey: Guid(195837128b19c224daf08f37012f04e9) Importer(2089858483,b0f066a214c2f5e87bad3c948f4d605d)
Start importing Assets/ParticleProFX/Resources/Library/Smokes/ppfxDustWall.prefab using Guid(195837128b19c224daf08f37012f04e9) Importer(2089858483,b0f066a214c2f5e87bad3c948f4d605d) (ScriptedImporter) -> (artifact id: '6d6c8175f193e33dbf61c0606e8504a1') in 0.0191808 seconds
Number of updated asset objects reloaded before import = 0Number of asset objects unloaded after import = 7

========================================================================
Received Import Request.
  Time since last request: 0.000038 seconds.
  path: Assets/ParticleProFX/Resources/Textures/bloodsplatter_03.png
  artifactKey: Guid(34a1e5175631a3d4c85a62113c917d30) Importer(2089858483,b0f066a214c2f5e87bad3c948f4d605d)
Start importing Assets/ParticleProFX/Resources/Textures/bloodsplatter_03.png using Guid(34a1e5175631a3d4c85a62113c917d30) Importer(2089858483,b0f066a214c2f5e87bad3c948f4d605d) (ScriptedImporter) -> (artifact id: 'c3feb1868b4e9ca4982d8347388577c8') in 0.0091368 seconds
Number of updated asset objects reloaded before import = 0Number of asset objects unloaded after import = 1

========================================================================
Received Import Request.
  Time since last request: 0.000051 seconds.
  path: Assets/ParticleProFX/DemoScene/Textures
  artifactKey: Guid(cac569b214a52ba4686bcd2731a2ede3) Importer(2089858483,b0f066a214c2f5e87bad3c948f4d605d)
Start importing Assets/ParticleProFX/DemoScene/Textures using Guid(cac569b214a52ba4686bcd2731a2ede3) Importer(2089858483,b0f066a214c2f5e87bad3c948f4d605d) (ScriptedImporter) -> (artifact id: 'da90f7cf5a52b4ded2ea33b28aed6015') in 0.003863 seconds
Number of updated asset objects reloaded before import = 0Number of asset objects unloaded after import = 1

========================================================================
Received Import Request.
  Time since last request: 0.000022 seconds.
  path: Assets/ParticleProFX/Resources/Textures/shockwaveSheet.png
  artifactKey: Guid(0b0d789ca96f88649a8acd4c56eb902c) Importer(2089858483,b0f066a214c2f5e87bad3c948f4d605d)
Start importing Assets/ParticleProFX/Resources/Textures/shockwaveSheet.png using Guid(0b0d789ca96f88649a8acd4c56eb902c) Importer(2089858483,b0f066a214c2f5e87bad3c948f4d605d) (ScriptedImporter) -> (artifact id: '34f83ff0b387b52c9e33ab7b3d98afc3') in 0.0122263 seconds
Number of updated asset objects reloaded before import = 0Number of asset objects unloaded after import = 1

========================================================================
Received Import Request.
  Time since last request: 0.000023 seconds.
  path: Assets/ParticleProFX/Resources/Library/Fire & Explosions/Preview/ppfxExplosionHeavyDebris.png
  artifactKey: Guid(fb451592ea6e58d42946382c6930a442) Importer(2089858483,b0f066a214c2f5e87bad3c948f4d605d)
Start importing Assets/ParticleProFX/Resources/Library/Fire & Explosions/Preview/ppfxExplosionHeavyDebris.png using Guid(fb451592ea6e58d42946382c6930a442) Importer(2089858483,b0f066a214c2f5e87bad3c948f4d605d) (ScriptedImporter) -> (artifact id: '87934e65a87fcafe8286d7378de3a761') in 0.0057965 seconds
Number of updated asset objects reloaded before import = 0Number of asset objects unloaded after import = 1

========================================================================
Received Import Request.
  Time since last request: 0.000017 seconds.
  path: Assets/ParticleProFX/Resources/Materials/matppfx_explosion03.mat
  artifactKey: Guid(8c889b7ab444baf4880653da943b14df) Importer(2089858483,b0f066a214c2f5e87bad3c948f4d605d)
Start importing Assets/ParticleProFX/Resources/Materials/matppfx_explosion03.mat using Guid(8c889b7ab444baf4880653da943b14df) Importer(2089858483,b0f066a214c2f5e87bad3c948f4d605d) (ScriptedImporter) -> (artifact id: 'f3c00807d69a4b89cfd7c2686fc9b8c6') in 0.0050922 seconds
Number of updated asset objects reloaded before import = 0Number of asset objects unloaded after import = 2

========================================================================
Received Import Request.
  Time since last request: 0.000028 seconds.
  path: Assets/ParticleProFX/Resources/Library/Fire & Explosions/ppfxSparkles.prefab
  artifactKey: Guid(50c6dc24fab475744a6bc7e1dda3d427) Importer(2089858483,b0f066a214c2f5e87bad3c948f4d605d)
Start importing Assets/ParticleProFX/Resources/Library/Fire & Explosions/ppfxSparkles.prefab using Guid(50c6dc24fab475744a6bc7e1dda3d427) Importer(2089858483,b0f066a214c2f5e87bad3c948f4d605d) (ScriptedImporter) -> (artifact id: '6fe732917d1ce0411efcbb6ac233015b') in 0.0174903 seconds
Number of updated asset objects reloaded before import = 0Number of asset objects unloaded after import = 20

========================================================================
Received Import Request.
  Time since last request: 0.000050 seconds.
  path: Assets/ParticleProFX/Resources/Library/Fire & Explosions/ppfxExplosionFireTrail.prefab
  artifactKey: Guid(1d5eb0e65111e104d83e6876973a2a81) Importer(2089858483,b0f066a214c2f5e87bad3c948f4d605d)
Start importing Assets/ParticleProFX/Resources/Library/Fire & Explosions/ppfxExplosionFireTrail.prefab using Guid(1d5eb0e65111e104d83e6876973a2a81) Importer(2089858483,b0f066a214c2f5e87bad3c948f4d605d) (ScriptedImporter) -> (artifact id: '5e7053f87ec9dd9176baa27be3276e86') in 0.0208282 seconds
Number of updated asset objects reloaded before import = 0Number of asset objects unloaded after import = 38

========================================================================
Received Import Request.
  Time since last request: 0.000025 seconds.
  path: Assets/ParticleProFX/Resources/Textures/explosionSheet02_detail.png
  artifactKey: Guid(93a78a614a829b14e8e8a98b7dc80082) Importer(2089858483,b0f066a214c2f5e87bad3c948f4d605d)
Start importing Assets/ParticleProFX/Resources/Textures/explosionSheet02_detail.png using Guid(93a78a614a829b14e8e8a98b7dc80082) Importer(2089858483,b0f066a214c2f5e87bad3c948f4d605d) (ScriptedImporter) -> (artifact id: '57eeb148f6bac9012fb4518768e6bfc7') in 0.0061666 seconds
Number of updated asset objects reloaded before import = 0Number of asset objects unloaded after import = 1

========================================================================
Received Import Request.
  Time since last request: 0.000021 seconds.
  path: Assets/ParticleProFX/Resources/Materials/matppfx_smoke01.mat
  artifactKey: Guid(bbdea255d336643f3ab28e3cbeae9470) Importer(2089858483,b0f066a214c2f5e87bad3c948f4d605d)
Start importing Assets/ParticleProFX/Resources/Materials/matppfx_smoke01.mat using Guid(bbdea255d336643f3ab28e3cbeae9470) Importer(2089858483,b0f066a214c2f5e87bad3c948f4d605d) (ScriptedImporter) -> (artifact id: 'd43eaa6bfc29c264f11babb6e5e77951') in 0.0068661 seconds
Number of updated asset objects reloaded before import = 0Number of asset objects unloaded after import = 2

========================================================================
Received Import Request.
  Time since last request: 0.000044 seconds.
  path: Assets/ParticleProFX/Resources/Library/Fire & Explosions/Preview/ppfxFireSmall.png
  artifactKey: Guid(e38307fef13b64f0085040083b47144d) Importer(2089858483,b0f066a214c2f5e87bad3c948f4d605d)
Start importing Assets/ParticleProFX/Resources/Library/Fire & Explosions/Preview/ppfxFireSmall.png using Guid(e38307fef13b64f0085040083b47144d) Importer(2089858483,b0f066a214c2f5e87bad3c948f4d605d) (ScriptedImporter) -> (artifact id: '2d8129f1c1a40b1bfb1c0c5d74db1cc5') in 0.0075122 seconds
Number of updated asset objects reloaded before import = 0Number of asset objects unloaded after import = 1

========================================================================
Received Import Request.
  Time since last request: 0.000025 seconds.
  path: Assets/ParticleProFX/Resources/Library
  artifactKey: Guid(059fbed2a193995449112ce72ec2ff5a) Importer(2089858483,b0f066a214c2f5e87bad3c948f4d605d)
Start importing Assets/ParticleProFX/Resources/Library using Guid(059fbed2a193995449112ce72ec2ff5a) Importer(2089858483,b0f066a214c2f5e87bad3c948f4d605d) (ScriptedImporter) -> (artifact id: 'b345463aeed285eb6d7fa0b42fd248c1') in 0.0032546 seconds
Number of updated asset objects reloaded before import = 0Number of asset objects unloaded after import = 1

========================================================================
Received Import Request.
  Time since last request: 0.000023 seconds.
  path: Assets/ParticleProFX/Resources/Library/Fire & Explosions/ppfxExplosionBig.prefab
  artifactKey: Guid(10f42fca98dc28042b22d432c3e4095b) Importer(2089858483,b0f066a214c2f5e87bad3c948f4d605d)
Start importing Assets/ParticleProFX/Resources/Library/Fire & Explosions/ppfxExplosionBig.prefab using Guid(10f42fca98dc28042b22d432c3e4095b) Importer(2089858483,b0f066a214c2f5e87bad3c948f4d605d) (ScriptedImporter) -> (artifact id: '3c054fbf01d3b6ca547371ec4c845ced') in 0.0158752 seconds
Number of updated asset objects reloaded before import = 0Number of asset objects unloaded after import = 34

========================================================================
Received Import Request.
  Time since last request: 0.000048 seconds.
  path: Assets/ParticleProFX/Resources/Library/Smokes/ppfxFlareSmokeBlue.prefab
  artifactKey: Guid(69d8b97059636f349bfc276e7a7db100) Importer(2089858483,b0f066a214c2f5e87bad3c948f4d605d)
Start importing Assets/ParticleProFX/Resources/Library/Smokes/ppfxFlareSmokeBlue.prefab using Guid(69d8b97059636f349bfc276e7a7db100) Importer(2089858483,b0f066a214c2f5e87bad3c948f4d605d) (ScriptedImporter) -> (artifact id: '4aa7d8c199fc65fe36afcae731be2388') in 0.0214733 seconds
Number of updated asset objects reloaded before import = 0Number of asset objects unloaded after import = 11

========================================================================
Received Import Request.
  Time since last request: 0.000022 seconds.
  path: Assets/ParticleProFX/Resources/Materials/matppfx_explosion05.mat
  artifactKey: Guid(4c9ec0678157d4f47b56ac3ad57b835f) Importer(2089858483,b0f066a214c2f5e87bad3c948f4d605d)
Start importing Assets/ParticleProFX/Resources/Materials/matppfx_explosion05.mat using Guid(4c9ec0678157d4f47b56ac3ad57b835f) Importer(2089858483,b0f066a214c2f5e87bad3c948f4d605d) (ScriptedImporter) -> (artifact id: '2b1aac503b719dfa41046082ab4fee3d') in 0.0063675 seconds
Number of updated asset objects reloaded before import = 0Number of asset objects unloaded after import = 2

========================================================================
Received Import Request.
  Time since last request: 0.000030 seconds.
  path: Assets/ParticleProFX/Resources/Library/Effects/Preview
  artifactKey: Guid(9e7fb1f32e5ef7641987d8f9e183addf) Importer(2089858483,b0f066a214c2f5e87bad3c948f4d605d)
Start importing Assets/ParticleProFX/Resources/Library/Effects/Preview using Guid(9e7fb1f32e5ef7641987d8f9e183addf) Importer(2089858483,b0f066a214c2f5e87bad3c948f4d605d) (ScriptedImporter) -> (artifact id: 'f83de217be6263c11d943958bb0fa8ef') in 0.0039303 seconds
Number of updated asset objects reloaded before import = 0Number of asset objects unloaded after import = 1

========================================================================
Received Import Request.
  Time since last request: 0.000046 seconds.
  path: Assets/ParticleProFX/DemoScene/demoScene.unity
  artifactKey: Guid(ef9680d41da4ffe4aae7088ddd779497) Importer(2089858483,b0f066a214c2f5e87bad3c948f4d605d)
Start importing Assets/ParticleProFX/DemoScene/demoScene.unity using Guid(ef9680d41da4ffe4aae7088ddd779497) Importer(2089858483,b0f066a214c2f5e87bad3c948f4d605d) (ScriptedImporter) -> (artifact id: '22726347d67ba483c1f4afa74713fc88') in 0.0057413 seconds
Number of updated asset objects reloaded before import = 0Number of asset objects unloaded after import = 1

========================================================================
Received Import Request.
  Time since last request: 0.000027 seconds.
  path: Assets/ParticleProFX/Resources/Materials/matppfx_smoke07.mat
  artifactKey: Guid(15c052d12952b984fb0656e16e9975ac) Importer(2089858483,b0f066a214c2f5e87bad3c948f4d605d)
Start importing Assets/ParticleProFX/Resources/Materials/matppfx_smoke07.mat using Guid(15c052d12952b984fb0656e16e9975ac) Importer(2089858483,b0f066a214c2f5e87bad3c948f4d605d) (ScriptedImporter) -> (artifact id: 'eb922131cd604b0eb488bc4377a753e2') in 0.0098543 seconds
Number of updated asset objects reloaded before import = 0Number of asset objects unloaded after import = 2

========================================================================
Received Import Request.
  Time since last request: 0.000041 seconds.
  path: Assets/ParticleProFX/DemoScene/Scripts/PPFXSpawnOnClick.cs
  artifactKey: Guid(f3f8ac169bf967d40a791249a8ca386c) Importer(2089858483,b0f066a214c2f5e87bad3c948f4d605d)
Start importing Assets/ParticleProFX/DemoScene/Scripts/PPFXSpawnOnClick.cs using Guid(f3f8ac169bf967d40a791249a8ca386c) Importer(2089858483,b0f066a214c2f5e87bad3c948f4d605d) (ScriptedImporter) -> (artifact id: 'a2be720bb2cd0ff4b014f4fb96a725a3') in 0.0055089 seconds
Number of updated asset objects reloaded before import = 0Number of asset objects unloaded after import = 0

========================================================================
Received Import Request.
  Time since last request: 0.000022 seconds.
  path: Assets/ParticleProFX/Resources/Materials/matppfx_smoke03.mat
  artifactKey: Guid(0366f0ce0438744b2902b7d424e1fd24) Importer(2089858483,b0f066a214c2f5e87bad3c948f4d605d)
Start importing Assets/ParticleProFX/Resources/Materials/matppfx_smoke03.mat using Guid(0366f0ce0438744b2902b7d424e1fd24) Importer(2089858483,b0f066a214c2f5e87bad3c948f4d605d) (ScriptedImporter) -> (artifact id: '5f11b684e66b98b981528acf788b9b86') in 0.0049071 seconds
Number of updated asset objects reloaded before import = 0Number of asset objects unloaded after import = 2

========================================================================
Received Import Request.
  Time since last request: 0.000039 seconds.
  path: Assets/ParticleProFX/Resources/Materials/matppfx_debri.mat
  artifactKey: Guid(022eb9710ba5f89458ff13e7148e77c8) Importer(2089858483,b0f066a214c2f5e87bad3c948f4d605d)
Start importing Assets/ParticleProFX/Resources/Materials/matppfx_debri.mat using Guid(022eb9710ba5f89458ff13e7148e77c8) Importer(2089858483,b0f066a214c2f5e87bad3c948f4d605d) (ScriptedImporter) -> (artifact id: 'e8bb872a56c31660f246b3cbcd539ad4') in 0.0048264 seconds
Number of updated asset objects reloaded before import = 0Number of asset objects unloaded after import = 3

========================================================================
Received Import Request.
  Time since last request: 0.000028 seconds.
  path: Assets/ParticleProFX/DemoScene/Materials/matppfx_plane.mat
  artifactKey: Guid(ccc3ed74f7cebae499de6ddaa1c3ba7d) Importer(2089858483,b0f066a214c2f5e87bad3c948f4d605d)
Start importing Assets/ParticleProFX/DemoScene/Materials/matppfx_plane.mat using Guid(ccc3ed74f7cebae499de6ddaa1c3ba7d) Importer(2089858483,b0f066a214c2f5e87bad3c948f4d605d) (ScriptedImporter) -> (artifact id: '097d3ea7b159bafec8eec8433f156737') in 0.0251811 seconds
Number of updated asset objects reloaded before import = 0Number of asset objects unloaded after import = 2

========================================================================
Received Import Request.
  Time since last request: 0.000028 seconds.
  path: Assets/ParticleProFX/Resources/Flares
  artifactKey: Guid(96a02c7405fe83849acaebb8e6ef8bb0) Importer(2089858483,b0f066a214c2f5e87bad3c948f4d605d)
Start importing Assets/ParticleProFX/Resources/Flares using Guid(96a02c7405fe83849acaebb8e6ef8bb0) Importer(2089858483,b0f066a214c2f5e87bad3c948f4d605d) (ScriptedImporter) -> (artifact id: 'fc6c84bb72fb252c0862eac3e6e19805') in 0.0027188 seconds
Number of updated asset objects reloaded before import = 0Number of asset objects unloaded after import = 1

========================================================================
Received Import Request.
  Time since last request: 0.000037 seconds.
  path: Assets/ParticleProFX/Resources/Library/Fire & Explosions/ppfxExplosionHeavyVertical.prefab
  artifactKey: Guid(58cdf464e218e2f4e8044e57682af001) Importer(2089858483,b0f066a214c2f5e87bad3c948f4d605d)
Start importing Assets/ParticleProFX/Resources/Library/Fire & Explosions/ppfxExplosionHeavyVertical.prefab using Guid(58cdf464e218e2f4e8044e57682af001) Importer(2089858483,b0f066a214c2f5e87bad3c948f4d605d) (ScriptedImporter) -> (artifact id: 'f6e97140bf20226f7a880444aa0a299f') in 0.0188458 seconds
Number of updated asset objects reloaded before import = 0Number of asset objects unloaded after import = 30

========================================================================
Received Import Request.
  Time since last request: 0.000041 seconds.
  path: Assets/ParticleProFX/Resources/Materials/matppfx_explosion02.mat
  artifactKey: Guid(e9c82d9f13a69a74bb7010987ac06ed8) Importer(2089858483,b0f066a214c2f5e87bad3c948f4d605d)
Start importing Assets/ParticleProFX/Resources/Materials/matppfx_explosion02.mat using Guid(e9c82d9f13a69a74bb7010987ac06ed8) Importer(2089858483,b0f066a214c2f5e87bad3c948f4d605d) (ScriptedImporter) -> (artifact id: '2831f538887939849f444788a2c58042') in 0.0053107 seconds
Number of updated asset objects reloaded before import = 0Number of asset objects unloaded after import = 3

========================================================================
Received Import Request.
  Time since last request: 0.000019 seconds.
  path: Assets/ParticleProFX/Resources/Library/ChainReactions/Preview/ppfxChainReaction03.png
  artifactKey: Guid(427029a9dbded93458d53f3cf4e7ff3a) Importer(2089858483,b0f066a214c2f5e87bad3c948f4d605d)
Start importing Assets/ParticleProFX/Resources/Library/ChainReactions/Preview/ppfxChainReaction03.png using Guid(427029a9dbded93458d53f3cf4e7ff3a) Importer(2089858483,b0f066a214c2f5e87bad3c948f4d605d) (ScriptedImporter) -> (artifact id: 'aec75ec51374f9fdec6263901b1e46c3') in 0.0069548 seconds
Number of updated asset objects reloaded before import = 0Number of asset objects unloaded after import = 1

========================================================================
Received Import Request.
  Time since last request: 0.000039 seconds.
  path: Assets/ParticleProFX/Resources/Library/Smokes/ppfxSmokeBig.prefab
  artifactKey: Guid(b482e2091e2dc7e49ac1c74bb09bcc72) Importer(2089858483,b0f066a214c2f5e87bad3c948f4d605d)
Start importing Assets/ParticleProFX/Resources/Library/Smokes/ppfxSmokeBig.prefab using Guid(b482e2091e2dc7e49ac1c74bb09bcc72) Importer(2089858483,b0f066a214c2f5e87bad3c948f4d605d) (ScriptedImporter) -> (artifact id: '868fa736f61c76182ae920c769417238') in 0.0190102 seconds
Number of updated asset objects reloaded before import = 0Number of asset objects unloaded after import = 7

========================================================================
Received Import Request.
  Time since last request: 0.000034 seconds.
  path: Assets/ParticleProFX/readme.txt
  artifactKey: Guid(524105827ca1e4f4895a378b3da19161) Importer(2089858483,b0f066a214c2f5e87bad3c948f4d605d)
Start importing Assets/ParticleProFX/readme.txt using Guid(524105827ca1e4f4895a378b3da19161) Importer(2089858483,b0f066a214c2f5e87bad3c948f4d605d) (ScriptedImporter) -> (artifact id: '63e804a2dd88b4c64323ae03e2e65ca5') in 0.0044493 seconds
Number of updated asset objects reloaded before import = 0Number of asset objects unloaded after import = 1

========================================================================
Received Import Request.
  Time since last request: 0.000026 seconds.
  path: Assets/ParticleProFX/Resources/Library/Effects/ppfxRocket.prefab
  artifactKey: Guid(4ccb154916208f541b42d95c6f06f3db) Importer(2089858483,b0f066a214c2f5e87bad3c948f4d605d)
Start importing Assets/ParticleProFX/Resources/Library/Effects/ppfxRocket.prefab using Guid(4ccb154916208f541b42d95c6f06f3db) Importer(2089858483,b0f066a214c2f5e87bad3c948f4d605d) (ScriptedImporter) -> (artifact id: 'dd2db696117fd27be93ad38e1f11d8ae') in 0.0058056 seconds
Number of updated asset objects reloaded before import = 0Number of asset objects unloaded after import = 11

========================================================================
Received Import Request.
  Time since last request: 0.000047 seconds.
  path: Assets/ParticleProFX/Resources/Library/Smokes/ppfxTornado.prefab
  artifactKey: Guid(1f2cdbf342b271a4796d6b926fbfa0c4) Importer(2089858483,b0f066a214c2f5e87bad3c948f4d605d)
Start importing Assets/ParticleProFX/Resources/Library/Smokes/ppfxTornado.prefab using Guid(1f2cdbf342b271a4796d6b926fbfa0c4) Importer(2089858483,b0f066a214c2f5e87bad3c948f4d605d) (ScriptedImporter) -> (artifact id: 'e79c4a29697310a9cfe26c05a99546a6') in 0.0204871 seconds
Number of updated asset objects reloaded before import = 0Number of asset objects unloaded after import = 18

========================================================================
Received Import Request.
  Time since last request: 0.000021 seconds.
  path: Assets/ParticleProFX/Resources/Library/Smokes/Preview/ppfxThickSmoke.png
  artifactKey: Guid(0b179dde48750824b81f852ba8c4603f) Importer(2089858483,b0f066a214c2f5e87bad3c948f4d605d)
Start importing Assets/ParticleProFX/Resources/Library/Smokes/Preview/ppfxThickSmoke.png using Guid(0b179dde48750824b81f852ba8c4603f) Importer(2089858483,b0f066a214c2f5e87bad3c948f4d605d) (ScriptedImporter) -> (artifact id: 'a850bb18802aa9b5b575ac6e07f7705c') in 0.0054314 seconds
Number of updated asset objects reloaded before import = 0Number of asset objects unloaded after import = 1

========================================================================
Received Import Request.
  Time since last request: 0.000033 seconds.
  path: Assets/ParticleProFX/Resources/Scripts/PPFXRigidBodyExtensions.cs
  artifactKey: Guid(e2e7bd9b8f8be8141829a553112056b4) Importer(2089858483,b0f066a214c2f5e87bad3c948f4d605d)
Start importing Assets/ParticleProFX/Resources/Scripts/PPFXRigidBodyExtensions.cs using Guid(e2e7bd9b8f8be8141829a553112056b4) Importer(2089858483,b0f066a214c2f5e87bad3c948f4d605d) (ScriptedImporter) -> (artifact id: '3d3d880734d43fa36036e15c80419f73') in 0.0027888 seconds
Number of updated asset objects reloaded before import = 0Number of asset objects unloaded after import = 0

========================================================================
Received Import Request.
  Time since last request: 0.000025 seconds.
  path: Assets/ParticleProFX/Resources/Library/BloodSplatter/Preview/ppfxBloodSplatter_02.png
  artifactKey: Guid(ee2f2d53b206b7647895926ec663711a) Importer(2089858483,b0f066a214c2f5e87bad3c948f4d605d)
Start importing Assets/ParticleProFX/Resources/Library/BloodSplatter/Preview/ppfxBloodSplatter_02.png using Guid(ee2f2d53b206b7647895926ec663711a) Importer(2089858483,b0f066a214c2f5e87bad3c948f4d605d) (ScriptedImporter) -> (artifact id: '093f928a3a35a00567c896336d7b6cff') in 0.0058402 seconds
Number of updated asset objects reloaded before import = 0Number of asset objects unloaded after import = 1

========================================================================
Received Import Request.
  Time since last request: 0.000031 seconds.
  path: Assets/ParticleProFX/Resources/Library/Smokes/Preview/ppfxDustWall.png
  artifactKey: Guid(fd4d95d7ad16bc443b934c124e2f8b63) Importer(2089858483,b0f066a214c2f5e87bad3c948f4d605d)
Start importing Assets/ParticleProFX/Resources/Library/Smokes/Preview/ppfxDustWall.png using Guid(fd4d95d7ad16bc443b934c124e2f8b63) Importer(2089858483,b0f066a214c2f5e87bad3c948f4d605d) (ScriptedImporter) -> (artifact id: 'fe3e02a8576bcf39cda40996fef7b4d4') in 0.0063705 seconds
Number of updated asset objects reloaded before import = 0Number of asset objects unloaded after import = 1

========================================================================
Received Import Request.
  Time since last request: 0.000043 seconds.
  path: Assets/ParticleProFX/Resources/Textures/shockwaveSingle.png
  artifactKey: Guid(d6656edbfcb85574ba327f57e688c97c) Importer(2089858483,b0f066a214c2f5e87bad3c948f4d605d)
Start importing Assets/ParticleProFX/Resources/Textures/shockwaveSingle.png using Guid(d6656edbfcb85574ba327f57e688c97c) Importer(2089858483,b0f066a214c2f5e87bad3c948f4d605d) (ScriptedImporter) -> (artifact id: '8bfb93647529acc3b85b7914cea57107') in 0.0081586 seconds
Number of updated asset objects reloaded before import = 0Number of asset objects unloaded after import = 1

========================================================================
Received Import Request.
  Time since last request: 0.000036 seconds.
  path: Assets/ParticleProFX/Resources/Textures/explosionSheet03_soft.png
  artifactKey: Guid(4f7f952f15594a748a35c3d0b545dba5) Importer(2089858483,b0f066a214c2f5e87bad3c948f4d605d)
Start importing Assets/ParticleProFX/Resources/Textures/explosionSheet03_soft.png using Guid(4f7f952f15594a748a35c3d0b545dba5) Importer(2089858483,b0f066a214c2f5e87bad3c948f4d605d) (ScriptedImporter) -> (artifact id: '7b89af96e75694b2cdd4d7db7f4c19e9') in 0.0069591 seconds
Number of updated asset objects reloaded before import = 0Number of asset objects unloaded after import = 1

========================================================================
Received Import Request.
  Time since last request: 0.000025 seconds.
  path: Assets/ParticleProFX/Resources/Library/Fire & Explosions/ppfxFastSparksExplosion.prefab
  artifactKey: Guid(fcee421d39e019c43b76b9b23329372d) Importer(2089858483,b0f066a214c2f5e87bad3c948f4d605d)
Start importing Assets/ParticleProFX/Resources/Library/Fire & Explosions/ppfxFastSparksExplosion.prefab using Guid(fcee421d39e019c43b76b9b23329372d) Importer(2089858483,b0f066a214c2f5e87bad3c948f4d605d) (ScriptedImporter) -> (artifact id: 'c599c51d66167cba0564d5f169468ac7') in 0.0163156 seconds
Number of updated asset objects reloaded before import = 0Number of asset objects unloaded after import = 30

========================================================================
Received Import Request.
  Time since last request: 0.000021 seconds.
  path: Assets/ParticleProFX/Resources/Library/Effects/Preview/ppfxElectricWall.png
  artifactKey: Guid(f5d19c59a350e63489649d2e3d68813a) Importer(2089858483,b0f066a214c2f5e87bad3c948f4d605d)
Start importing Assets/ParticleProFX/Resources/Library/Effects/Preview/ppfxElectricWall.png using Guid(f5d19c59a350e63489649d2e3d68813a) Importer(2089858483,b0f066a214c2f5e87bad3c948f4d605d) (ScriptedImporter) -> (artifact id: '95fed9a8481fdde88fde7cee5c48a2a7') in 0.0059965 seconds
Number of updated asset objects reloaded before import = 0Number of asset objects unloaded after import = 1

========================================================================
Received Import Request.
  Time since last request: 0.000022 seconds.
  path: Assets/ParticleProFX/Resources/Textures/explosionSheet07.png
  artifactKey: Guid(f2ab2072fdefa864bb39c94b5e01cb06) Importer(2089858483,b0f066a214c2f5e87bad3c948f4d605d)
Start importing Assets/ParticleProFX/Resources/Textures/explosionSheet07.png using Guid(f2ab2072fdefa864bb39c94b5e01cb06) Importer(2089858483,b0f066a214c2f5e87bad3c948f4d605d) (ScriptedImporter) -> (artifact id: '4eb102003c66adda1c00cc19fff4134a') in 0.0140798 seconds
Number of updated asset objects reloaded before import = 0Number of asset objects unloaded after import = 1

========================================================================
Received Import Request.
  Time since last request: 0.000021 seconds.
  path: Assets/ParticleProFX/Resources/Library/Fire & Explosions/ppfxExplosionHeavyDebrisLong.prefab
  artifactKey: Guid(f270f02e78dfe3949bad38242df6682c) Importer(2089858483,b0f066a214c2f5e87bad3c948f4d605d)
Start importing Assets/ParticleProFX/Resources/Library/Fire & Explosions/ppfxExplosionHeavyDebrisLong.prefab using Guid(f270f02e78dfe3949bad38242df6682c) Importer(2089858483,b0f066a214c2f5e87bad3c948f4d605d) (ScriptedImporter) -> (artifact id: 'e7c6cde3220bf4200f42737b02bc37d7') in 0.0224632 seconds
Number of updated asset objects reloaded before import = 0Number of asset objects unloaded after import = 30

========================================================================
Received Import Request.
  Time since last request: 0.000032 seconds.
  path: Assets/ParticleProFX/Resources/Library/Effects/Preview/ppfxLightningSphere.png
  artifactKey: Guid(3dabe873486d855499b012b68781aab1) Importer(2089858483,b0f066a214c2f5e87bad3c948f4d605d)
Start importing Assets/ParticleProFX/Resources/Library/Effects/Preview/ppfxLightningSphere.png using Guid(3dabe873486d855499b012b68781aab1) Importer(2089858483,b0f066a214c2f5e87bad3c948f4d605d) (ScriptedImporter) -> (artifact id: '0124e547fbe82e58d647e335f5b75165') in 0.0072535 seconds
Number of updated asset objects reloaded before import = 0Number of asset objects unloaded after import = 1

========================================================================
Received Import Request.
  Time since last request: 0.000032 seconds.
  path: Assets/ParticleProFX/Resources/Library/Fire & Explosions/Preview/ppfxExplosionBig.png
  artifactKey: Guid(7807154ed6be44a488bab4fb8b95a4c6) Importer(2089858483,b0f066a214c2f5e87bad3c948f4d605d)
Start importing Assets/ParticleProFX/Resources/Library/Fire & Explosions/Preview/ppfxExplosionBig.png using Guid(7807154ed6be44a488bab4fb8b95a4c6) Importer(2089858483,b0f066a214c2f5e87bad3c948f4d605d) (ScriptedImporter) -> (artifact id: '1a629ef015b2a8f30f15de53c50b859d') in 0.0068205 seconds
Number of updated asset objects reloaded before import = 0Number of asset objects unloaded after import = 1

========================================================================
Received Import Request.
  Time since last request: 0.000026 seconds.
  path: Assets/ParticleProFX/Resources/Library/Effects/ppfxRingFx.prefab
  artifactKey: Guid(3a5baf7eac067c44bb7b1d01c0801651) Importer(2089858483,b0f066a214c2f5e87bad3c948f4d605d)
Start importing Assets/ParticleProFX/Resources/Library/Effects/ppfxRingFx.prefab using Guid(3a5baf7eac067c44bb7b1d01c0801651) Importer(2089858483,b0f066a214c2f5e87bad3c948f4d605d) (ScriptedImporter) -> (artifact id: 'bcfad1522e0dae46ee032e195c6d91ae') in 0.0141941 seconds
Number of updated asset objects reloaded before import = 0Number of asset objects unloaded after import = 12

========================================================================
Received Import Request.
  Time since last request: 0.000020 seconds.
  path: Assets/ParticleProFX/Resources/Library/Fire & Explosions/Preview/ppfxGroundExplosionHit.png
  artifactKey: Guid(cea7ff291953e6b4ca09f8bb93b38e17) Importer(2089858483,b0f066a214c2f5e87bad3c948f4d605d)
Start importing Assets/ParticleProFX/Resources/Library/Fire & Explosions/Preview/ppfxGroundExplosionHit.png using Guid(cea7ff291953e6b4ca09f8bb93b38e17) Importer(2089858483,b0f066a214c2f5e87bad3c948f4d605d) (ScriptedImporter) -> (artifact id: '34e41ad8393d01c3d6e2fa8bde1bfe83') in 0.0074506 seconds
Number of updated asset objects reloaded before import = 0Number of asset objects unloaded after import = 1

========================================================================
Received Import Request.
  Time since last request: 0.000019 seconds.
  path: Assets/ParticleProFX/Resources/Scripts/PPFXMeteor.cs
  artifactKey: Guid(b9e474e7590fa47499cf52a5c1a8cb22) Importer(2089858483,b0f066a214c2f5e87bad3c948f4d605d)
Start importing Assets/ParticleProFX/Resources/Scripts/PPFXMeteor.cs using Guid(b9e474e7590fa47499cf52a5c1a8cb22) Importer(2089858483,b0f066a214c2f5e87bad3c948f4d605d) (ScriptedImporter) -> (artifact id: '113b27e1ba4f27cf086e000434883645') in 0.0025788 seconds
Number of updated asset objects reloaded before import = 0Number of asset objects unloaded after import = 0

========================================================================
Received Import Request.
  Time since last request: 0.000021 seconds.
  path: Assets/ParticleProFX/Resources/Library/Fire & Explosions/Preview/ppfxDustHit01.png
  artifactKey: Guid(6a202306308a0cf42a42c4973c4a34ff) Importer(2089858483,b0f066a214c2f5e87bad3c948f4d605d)
Start importing Assets/ParticleProFX/Resources/Library/Fire & Explosions/Preview/ppfxDustHit01.png using Guid(6a202306308a0cf42a42c4973c4a34ff) Importer(2089858483,b0f066a214c2f5e87bad3c948f4d605d) (ScriptedImporter) -> (artifact id: '6fede1efa37ace17f208db5d55e431a7') in 0.0055767 seconds
Number of updated asset objects reloaded before import = 0Number of asset objects unloaded after import = 1

========================================================================
Received Import Request.
  Time since last request: 0.000020 seconds.
  path: Assets/ParticleProFX/Resources/Library/Smokes/Preview/ppfxGroundDust.png
  artifactKey: Guid(914becab9c3a3bf49a1ec4f0d87ebd8a) Importer(2089858483,b0f066a214c2f5e87bad3c948f4d605d)
Start importing Assets/ParticleProFX/Resources/Library/Smokes/Preview/ppfxGroundDust.png using Guid(914becab9c3a3bf49a1ec4f0d87ebd8a) Importer(2089858483,b0f066a214c2f5e87bad3c948f4d605d) (ScriptedImporter) -> (artifact id: 'b27d934cc8193e959f8ce8378da1b571') in 0.0051238 seconds
Number of updated asset objects reloaded before import = 0Number of asset objects unloaded after import = 1

========================================================================
Received Import Request.
  Time since last request: 0.000025 seconds.
  path: Assets/ParticleProFX/Resources/Library/Fire & Explosions/Preview/ppfxExplosionGasBig.png
  artifactKey: Guid(4497d356d659a7b4ca04cd80872ef5fb) Importer(2089858483,b0f066a214c2f5e87bad3c948f4d605d)
Start importing Assets/ParticleProFX/Resources/Library/Fire & Explosions/Preview/ppfxExplosionGasBig.png using Guid(4497d356d659a7b4ca04cd80872ef5fb) Importer(2089858483,b0f066a214c2f5e87bad3c948f4d605d) (ScriptedImporter) -> (artifact id: '48d1441597698e53031bda7e11f56571') in 0.0130695 seconds
Number of updated asset objects reloaded before import = 0Number of asset objects unloaded after import = 1

========================================================================
Received Import Request.
  Time since last request: 0.000033 seconds.
  path: Assets/ParticleProFX/Resources/Library/Fire & Explosions/Preview/ppfxExplosionHeavySimple.png
  artifactKey: Guid(907fe736ac106cf419454de8f4037428) Importer(2089858483,b0f066a214c2f5e87bad3c948f4d605d)
Start importing Assets/ParticleProFX/Resources/Library/Fire & Explosions/Preview/ppfxExplosionHeavySimple.png using Guid(907fe736ac106cf419454de8f4037428) Importer(2089858483,b0f066a214c2f5e87bad3c948f4d605d) (ScriptedImporter) -> (artifact id: 'cb40743e0fa3a54824e0293dc480b5f9') in 0.0069878 seconds
Number of updated asset objects reloaded before import = 0Number of asset objects unloaded after import = 1

========================================================================
Received Import Request.
  Time since last request: 0.000032 seconds.
  path: Assets/ParticleProFX/Resources/Textures/smokeSheet01.png
  artifactKey: Guid(de5410f0769ad4af8a375f69a6b09b30) Importer(2089858483,b0f066a214c2f5e87bad3c948f4d605d)
Start importing Assets/ParticleProFX/Resources/Textures/smokeSheet01.png using Guid(de5410f0769ad4af8a375f69a6b09b30) Importer(2089858483,b0f066a214c2f5e87bad3c948f4d605d) (ScriptedImporter) -> (artifact id: 'de9f2fb98d97255fb2c90600322ffab8') in 0.0082005 seconds
Number of updated asset objects reloaded before import = 0Number of asset objects unloaded after import = 1

========================================================================
Received Import Request.
  Time since last request: 0.000025 seconds.
  path: Assets/ParticleProFX/Resources/Library/Effects/Preview/ppfxHyperspeed.png
  artifactKey: Guid(b731d72adf753194490a7dd814296662) Importer(2089858483,b0f066a214c2f5e87bad3c948f4d605d)
Start importing Assets/ParticleProFX/Resources/Library/Effects/Preview/ppfxHyperspeed.png using Guid(b731d72adf753194490a7dd814296662) Importer(2089858483,b0f066a214c2f5e87bad3c948f4d605d) (ScriptedImporter) -> (artifact id: '04c9615571ff4d5a8b60d469875af652') in 0.0060581 seconds
Number of updated asset objects reloaded before import = 0Number of asset objects unloaded after import = 1

========================================================================
Received Import Request.
  Time since last request: 0.000021 seconds.
  path: Assets/ParticleProFX/Resources/Materials/matppfx_smoke04.mat
  artifactKey: Guid(143593765f854b74f886ae3443008318) Importer(2089858483,b0f066a214c2f5e87bad3c948f4d605d)
Start importing Assets/ParticleProFX/Resources/Materials/matppfx_smoke04.mat using Guid(143593765f854b74f886ae3443008318) Importer(2089858483,b0f066a214c2f5e87bad3c948f4d605d) (ScriptedImporter) -> (artifact id: '0e46c0d83a197eac00477e3bd9974b0a') in 0.0048516 seconds
Number of updated asset objects reloaded before import = 0Number of asset objects unloaded after import = 2

========================================================================
Received Import Request.
  Time since last request: 0.000024 seconds.
  path: Assets/ParticleProFX/Resources/Library/Smokes/ppfxGroundDust.prefab
  artifactKey: Guid(02dfeae7971cb0046b4f58ad02fd3062) Importer(2089858483,b0f066a214c2f5e87bad3c948f4d605d)
Start importing Assets/ParticleProFX/Resources/Library/Smokes/ppfxGroundDust.prefab using Guid(02dfeae7971cb0046b4f58ad02fd3062) Importer(2089858483,b0f066a214c2f5e87bad3c948f4d605d) (ScriptedImporter) -> (artifact id: '2b359e8df8288c239434ebf44df43966') in 0.0146974 seconds
Number of updated asset objects reloaded before import = 0Number of asset objects unloaded after import = 7

========================================================================
Received Import Request.
  Time since last request: 0.000021 seconds.
  path: Assets/ParticleProFX/Resources/Library/Fire & Explosions/ppfxFireSmall.prefab
  artifactKey: Guid(174ed2323e5744127b865875c0b12163) Importer(2089858483,b0f066a214c2f5e87bad3c948f4d605d)
Start importing Assets/ParticleProFX/Resources/Library/Fire & Explosions/ppfxFireSmall.prefab using Guid(174ed2323e5744127b865875c0b12163) Importer(2089858483,b0f066a214c2f5e87bad3c948f4d605d) (ScriptedImporter) -> (artifact id: 'ad4cf61906925d2fb512210707684ada') in 0.0148559 seconds
Number of updated asset objects reloaded before import = 0Number of asset objects unloaded after import = 11

========================================================================
Received Import Request.
  Time since last request: 0.000030 seconds.
  path: Assets/ParticleProFX/Resources/Library/ChainReactions/ppfxMultipleHit.prefab
  artifactKey: Guid(e4137441b3ca36d43b1159cba14e0568) Importer(2089858483,b0f066a214c2f5e87bad3c948f4d605d)
Start importing Assets/ParticleProFX/Resources/Library/ChainReactions/ppfxMultipleHit.prefab using Guid(e4137441b3ca36d43b1159cba14e0568) Importer(2089858483,b0f066a214c2f5e87bad3c948f4d605d) (ScriptedImporter) -> (artifact id: '61020bd6d8201d9a2e8f044dbf108a97') in 0.0040272 seconds
Number of updated asset objects reloaded before import = 0Number of asset objects unloaded after import = 5

========================================================================
Received Import Request.
  Time since last request: 0.000035 seconds.
  path: Assets/ParticleProFX/Resources/Library/Fire & Explosions/Preview/ppfxFastSparksExplosion.png
  artifactKey: Guid(7e6645cc5f57ce24b9a171ff9db17b21) Importer(2089858483,b0f066a214c2f5e87bad3c948f4d605d)
Start importing Assets/ParticleProFX/Resources/Library/Fire & Explosions/Preview/ppfxFastSparksExplosion.png using Guid(7e6645cc5f57ce24b9a171ff9db17b21) Importer(2089858483,b0f066a214c2f5e87bad3c948f4d605d) (ScriptedImporter) -> (artifact id: '19b2b4e332d36b49263d1204d2052b30') in 0.0069181 seconds
Number of updated asset objects reloaded before import = 0Number of asset objects unloaded after import = 1

========================================================================
Received Import Request.
  Time since last request: 0.000033 seconds.
  path: Assets/ParticleProFX/Resources/Materials/matppfx_orbAdditiveSingle.mat
  artifactKey: Guid(b9b7db1b0f7e3de449a45432c657c8c7) Importer(2089858483,b0f066a214c2f5e87bad3c948f4d605d)
Start importing Assets/ParticleProFX/Resources/Materials/matppfx_orbAdditiveSingle.mat using Guid(b9b7db1b0f7e3de449a45432c657c8c7) Importer(2089858483,b0f066a214c2f5e87bad3c948f4d605d) (ScriptedImporter) -> (artifact id: 'ff71b9e619ff736191c39816180800c4') in 0.0036283 seconds
Number of updated asset objects reloaded before import = 0Number of asset objects unloaded after import = 1

========================================================================
Received Import Request.
  Time since last request: 0.000021 seconds.
  path: Assets/ParticleProFX/Resources/Textures
  artifactKey: Guid(45597f3453f80f74b90df682d7e59ca9) Importer(2089858483,b0f066a214c2f5e87bad3c948f4d605d)
Start importing Assets/ParticleProFX/Resources/Textures using Guid(45597f3453f80f74b90df682d7e59ca9) Importer(2089858483,b0f066a214c2f5e87bad3c948f4d605d) (ScriptedImporter) -> (artifact id: 'bedad1e9559821b473ae69d8985be3f5') in 0.0028429 seconds
Number of updated asset objects reloaded before import = 0Number of asset objects unloaded after import = 1

========================================================================
Received Import Request.
  Time since last request: 0.000023 seconds.
  path: Assets/ParticleProFX/DemoScene/Materials/matppfx_cubes.mat
  artifactKey: Guid(5c8d403f3ff1d554ab85d1b25f238ab0) Importer(2089858483,b0f066a214c2f5e87bad3c948f4d605d)
Start importing Assets/ParticleProFX/DemoScene/Materials/matppfx_cubes.mat using Guid(5c8d403f3ff1d554ab85d1b25f238ab0) Importer(2089858483,b0f066a214c2f5e87bad3c948f4d605d) (ScriptedImporter) -> (artifact id: 'e19cd1016e13e370d871c2d71d2e8cca') in 0.004132 seconds
Number of updated asset objects reloaded before import = 0Number of asset objects unloaded after import = 2

========================================================================
Received Import Request.
  Time since last request: 0.000022 seconds.
  path: Assets/ParticleProFX/Resources/Library/Smokes/Preview
  artifactKey: Guid(4c45b838ca1b5a34b85a2b4f3e3d2a0f) Importer(2089858483,b0f066a214c2f5e87bad3c948f4d605d)
Start importing Assets/ParticleProFX/Resources/Library/Smokes/Preview using Guid(4c45b838ca1b5a34b85a2b4f3e3d2a0f) Importer(2089858483,b0f066a214c2f5e87bad3c948f4d605d) (ScriptedImporter) -> (artifact id: 'c530ad8d929e2f819a1d41467834fa19') in 0.0022877 seconds
Number of updated asset objects reloaded before import = 0Number of asset objects unloaded after import = 1

========================================================================
Received Import Request.
  Time since last request: 0.000024 seconds.
  path: Assets/ParticleProFX/Resources/Flares/ppfxFlaresOrangeBigInx1.flare
  artifactKey: Guid(2460c90d3c1960846b15b0a2fd773b14) Importer(2089858483,b0f066a214c2f5e87bad3c948f4d605d)
Start importing Assets/ParticleProFX/Resources/Flares/ppfxFlaresOrangeBigInx1.flare using Guid(2460c90d3c1960846b15b0a2fd773b14) Importer(2089858483,b0f066a214c2f5e87bad3c948f4d605d) (ScriptedImporter) -> (artifact id: '3579fb4689aa8339e1bd5e0f89dc5991') in 0.0037557 seconds
Number of updated asset objects reloaded before import = 0Number of asset objects unloaded after import = 2

========================================================================
Received Import Request.
  Time since last request: 0.000024 seconds.
  path: Assets/ParticleProFX/Resources/Library/Fire & Explosions/Preview/ppfxMeteor.png
  artifactKey: Guid(9316f6bb1e4769e45a92ace7f7b75145) Importer(2089858483,b0f066a214c2f5e87bad3c948f4d605d)
Start importing Assets/ParticleProFX/Resources/Library/Fire & Explosions/Preview/ppfxMeteor.png using Guid(9316f6bb1e4769e45a92ace7f7b75145) Importer(2089858483,b0f066a214c2f5e87bad3c948f4d605d) (ScriptedImporter) -> (artifact id: '14aead7117024ac6d16305733809e4da') in 0.0053896 seconds
Number of updated asset objects reloaded before import = 0Number of asset objects unloaded after import = 1

========================================================================
Received Import Request.
  Time since last request: 0.000024 seconds.
  path: Assets/ParticleProFX/Resources/Scripts/PPFXScale.cs
  artifactKey: Guid(cefc213a4c43bec44b48511e5b35e513) Importer(2089858483,b0f066a214c2f5e87bad3c948f4d605d)
Start importing Assets/ParticleProFX/Resources/Scripts/PPFXScale.cs using Guid(cefc213a4c43bec44b48511e5b35e513) Importer(2089858483,b0f066a214c2f5e87bad3c948f4d605d) (ScriptedImporter) -> (artifact id: '9b129c000d8af3b8284281471da3fed8') in 0.0026967 seconds
Number of updated asset objects reloaded before import = 0Number of asset objects unloaded after import = 0

========================================================================
Received Import Request.
  Time since last request: 0.000029 seconds.
  path: Assets/ParticleProFX/Resources/Library/Orbs/Preview/ppfxOrbBlueTrail.png
  artifactKey: Guid(b24f6393ce1324ac4adc1290287f37ec) Importer(2089858483,b0f066a214c2f5e87bad3c948f4d605d)
Start importing Assets/ParticleProFX/Resources/Library/Orbs/Preview/ppfxOrbBlueTrail.png using Guid(b24f6393ce1324ac4adc1290287f37ec) Importer(2089858483,b0f066a214c2f5e87bad3c948f4d605d) (ScriptedImporter) -> (artifact id: 'b7755c837fefcaa4e8431f1426edd445') in 0.0065526 seconds
Number of updated asset objects reloaded before import = 0Number of asset objects unloaded after import = 1

========================================================================
Received Import Request.
  Time since last request: 0.000020 seconds.
  path: Assets/ParticleProFX/Resources/Library/Orbs
  artifactKey: Guid(f062d023778b80447bd470fc4edf041f) Importer(2089858483,b0f066a214c2f5e87bad3c948f4d605d)
Start importing Assets/ParticleProFX/Resources/Library/Orbs using Guid(f062d023778b80447bd470fc4edf041f) Importer(2089858483,b0f066a214c2f5e87bad3c948f4d605d) (ScriptedImporter) -> (artifact id: 'ca84efd9b843b2b65e231e670d8f597c') in 0.0028064 seconds
Number of updated asset objects reloaded before import = 0Number of asset objects unloaded after import = 1

========================================================================
Received Import Request.
  Time since last request: 0.000022 seconds.
  path: Assets/ParticleProFX/Resources/Library/ChainReactions/Preview/ppfxChainReaction05.png
  artifactKey: Guid(17ae72b9bca3f3f4a8a20f503b5a95c8) Importer(2089858483,b0f066a214c2f5e87bad3c948f4d605d)
Start importing Assets/ParticleProFX/Resources/Library/ChainReactions/Preview/ppfxChainReaction05.png using Guid(17ae72b9bca3f3f4a8a20f503b5a95c8) Importer(2089858483,b0f066a214c2f5e87bad3c948f4d605d) (ScriptedImporter) -> (artifact id: '3b3afad16c8a0657715d978b560a0174') in 0.0054882 seconds
Number of updated asset objects reloaded before import = 0Number of asset objects unloaded after import = 1

========================================================================
Received Import Request.
  Time since last request: 0.000022 seconds.
  path: Assets/ParticleProFX/Resources/Library/BloodSplatter/ppfxBloodSplatter_04.prefab
  artifactKey: Guid(00994c3037c3dfa4593b60f900794b00) Importer(2089858483,b0f066a214c2f5e87bad3c948f4d605d)
Start importing Assets/ParticleProFX/Resources/Library/BloodSplatter/ppfxBloodSplatter_04.prefab using Guid(00994c3037c3dfa4593b60f900794b00) Importer(2089858483,b0f066a214c2f5e87bad3c948f4d605d) (ScriptedImporter) -> (artifact id: '6249b8f57eb9bea6f025dccb0ac05c0a') in 0.0132302 seconds
Number of updated asset objects reloaded before import = 0Number of asset objects unloaded after import = 12

========================================================================
Received Import Request.
  Time since last request: 0.000022 seconds.
  path: Assets/ParticleProFX
  artifactKey: Guid(00b0a902bf969db47b6a4b89b9bfffba) Importer(2089858483,b0f066a214c2f5e87bad3c948f4d605d)
Start importing Assets/ParticleProFX using Guid(00b0a902bf969db47b6a4b89b9bfffba) Importer(2089858483,b0f066a214c2f5e87bad3c948f4d605d) (ScriptedImporter) -> (artifact id: '5145b677378c5bff6ea5f642b4e60cf0') in 0.0027391 seconds
Number of updated asset objects reloaded before import = 0Number of asset objects unloaded after import = 1

========================================================================
Received Import Request.
  Time since last request: 0.000020 seconds.
  path: Assets/ParticleProFX/Resources/Library/Fire & Explosions/Preview/ppfxExplosionHeavyRough.png
  artifactKey: Guid(26af3be6f5a5e614ab097c9e12b52822) Importer(2089858483,b0f066a214c2f5e87bad3c948f4d605d)
Start importing Assets/ParticleProFX/Resources/Library/Fire & Explosions/Preview/ppfxExplosionHeavyRough.png using Guid(26af3be6f5a5e614ab097c9e12b52822) Importer(2089858483,b0f066a214c2f5e87bad3c948f4d605d) (ScriptedImporter) -> (artifact id: '542e62476dc025104a7d4b23e228a45d') in 0.0071362 seconds
Number of updated asset objects reloaded before import = 0Number of asset objects unloaded after import = 1

========================================================================
Received Import Request.
  Time since last request: 0.000029 seconds.
  path: Assets/ParticleProFX/Resources/Library/Beams/Preview/ppfxBeamElectric.png
  artifactKey: Guid(aae1cfcea388ada44a8ed7f5b6b0b9a9) Importer(2089858483,b0f066a214c2f5e87bad3c948f4d605d)
Start importing Assets/ParticleProFX/Resources/Library/Beams/Preview/ppfxBeamElectric.png using Guid(aae1cfcea388ada44a8ed7f5b6b0b9a9) Importer(2089858483,b0f066a214c2f5e87bad3c948f4d605d) (ScriptedImporter) -> (artifact id: 'b226a2f5a1d7013d0d4c32f7f6e59810') in 0.0054204 seconds
Number of updated asset objects reloaded before import = 0Number of asset objects unloaded after import = 1

========================================================================
Received Import Request.
  Time since last request: 0.000028 seconds.
  path: Assets/ParticleProFX/Resources/Materials/matppfx_fadedLineDouble.mat
  artifactKey: Guid(1e939d7e719d57f4da17a41ea377df1e) Importer(2089858483,b0f066a214c2f5e87bad3c948f4d605d)
Start importing Assets/ParticleProFX/Resources/Materials/matppfx_fadedLineDouble.mat using Guid(1e939d7e719d57f4da17a41ea377df1e) Importer(2089858483,b0f066a214c2f5e87bad3c948f4d605d) (ScriptedImporter) -> (artifact id: '5b9752815c8b422e199d701109a87cf8') in 0.0045543 seconds
Number of updated asset objects reloaded before import = 0Number of asset objects unloaded after import = 2

========================================================================
Received Prepare
Refreshing native plugins compatible for Editor in 1.18 ms, found 3 plugins.
Preloading 0 native plugins for Editor in 0.00 ms.
Unloading 54 Unused Serialized files (Serialized files now loaded: 0)
Unloading 6345 unused Assets / (9.2 MB). Loaded Objects now: 7355.
Memory consumption went from 180.3 MB to 171.1 MB.
Total: 14.470300 ms (FindLiveObjects: 0.616600 ms CreateObjectMapping: 0.607700 ms MarkObjects: 7.719700 ms  DeleteObjects: 5.524900 ms)

Prepare: number of updated asset objects reloaded= 0
========================================================================
Received Import Request.
  Time since last request: 1.667138 seconds.
  path: Assets/ParticleProFX/Resources/Materials
  artifactKey: Guid(eeba0a426bb2bd84792d6ea55a40613b) Importer(2089858483,b0f066a214c2f5e87bad3c948f4d605d)
Start importing Assets/ParticleProFX/Resources/Materials using Guid(eeba0a426bb2bd84792d6ea55a40613b) Importer(2089858483,b0f066a214c2f5e87bad3c948f4d605d) (ScriptedImporter) -> (artifact id: 'e62d3b6b420bc576e31a072a65f6376f') in 0.0092853 seconds
Number of updated asset objects reloaded before import = 0Number of asset objects unloaded after import = 1

========================================================================
Received Import Request.
  Time since last request: 0.000021 seconds.
  path: Assets/ParticleProFX/Resources/Shaders/AlphaSelfIllum.shader
  artifactKey: Guid(b61a9d974c1d2824bb09dd380815a664) Importer(2089858483,b0f066a214c2f5e87bad3c948f4d605d)
Start importing Assets/ParticleProFX/Resources/Shaders/AlphaSelfIllum.shader using Guid(b61a9d974c1d2824bb09dd380815a664) Importer(2089858483,b0f066a214c2f5e87bad3c948f4d605d) (ScriptedImporter) -> (artifact id: '317a415dcef8f6f961aeda75028dd597') in 0.0058721 seconds
Number of updated asset objects reloaded before import = 0Number of asset objects unloaded after import = 1

========================================================================
Received Import Request.
  Time since last request: 10.046767 seconds.
  path: Assets/ParticleProFX/Resources/Library/ChainReactions/Preview/ppfxChainReaction06.png
  artifactKey: Guid(3f3eb18bf567c4d4cb87ebced6d06987) Importer(2089858483,b0f066a214c2f5e87bad3c948f4d605d)
Start importing Assets/ParticleProFX/Resources/Library/ChainReactions/Preview/ppfxChainReaction06.png using Guid(3f3eb18bf567c4d4cb87ebced6d06987) Importer(2089858483,b0f066a214c2f5e87bad3c948f4d605d) (ScriptedImporter) -> (artifact id: 'a79c672a5c17512b92ad07e7997c1f8d') in 0.0498028 seconds
Number of updated asset objects reloaded before import = 0Number of asset objects unloaded after import = 1

========================================================================
Received Import Request.
  Time since last request: 0.000041 seconds.
  path: Assets/ParticleProFX/Resources/Textures/lightningSheet.png
  artifactKey: Guid(b462776daa9a68749b3188c06797b51f) Importer(2089858483,b0f066a214c2f5e87bad3c948f4d605d)
Start importing Assets/ParticleProFX/Resources/Textures/lightningSheet.png using Guid(b462776daa9a68749b3188c06797b51f) Importer(2089858483,b0f066a214c2f5e87bad3c948f4d605d) (ScriptedImporter) -> (artifact id: 'd707e0014843dc8c93f6d8eebbb3fe73') in 0.0400161 seconds
Number of updated asset objects reloaded before import = 0Number of asset objects unloaded after import = 1

========================================================================
Received Import Request.
  Time since last request: 0.000050 seconds.
  path: Assets/ParticleProFX/Resources/Textures/smokeSheet03.png
  artifactKey: Guid(b3d81a9d8b8a74466ab1af457d2e9f1f) Importer(2089858483,b0f066a214c2f5e87bad3c948f4d605d)
Start importing Assets/ParticleProFX/Resources/Textures/smokeSheet03.png using Guid(b3d81a9d8b8a74466ab1af457d2e9f1f) Importer(2089858483,b0f066a214c2f5e87bad3c948f4d605d) (ScriptedImporter) -> (artifact id: 'fce73094919eb85788485b403c8530a5') in 0.04783 seconds
Number of updated asset objects reloaded before import = 0Number of asset objects unloaded after import = 1

========================================================================
Received Import Request.
  Time since last request: 0.000027 seconds.
  path: Assets/ParticleProFX/Resources/Library/Fire & Explosions/Preview/ppfxExplosionHeavyDust.png
  artifactKey: Guid(33a397f15d397524489cb925470dcced) Importer(2089858483,b0f066a214c2f5e87bad3c948f4d605d)
Start importing Assets/ParticleProFX/Resources/Library/Fire & Explosions/Preview/ppfxExplosionHeavyDust.png using Guid(33a397f15d397524489cb925470dcced) Importer(2089858483,b0f066a214c2f5e87bad3c948f4d605d) (ScriptedImporter) -> (artifact id: '24b85b97e40b695f75ede3a916ad58a8') in 0.0468331 seconds
Number of updated asset objects reloaded before import = 0Number of asset objects unloaded after import = 1

========================================================================
Received Import Request.
  Time since last request: 0.000041 seconds.
  path: Assets/ParticleProFX/Resources/Materials/matppfx_explosionMultiplyDouble.mat
  artifactKey: Guid(d279b2fa470d34a4481782ffaf7f95d8) Importer(2089858483,b0f066a214c2f5e87bad3c948f4d605d)
Start importing Assets/ParticleProFX/Resources/Materials/matppfx_explosionMultiplyDouble.mat using Guid(d279b2fa470d34a4481782ffaf7f95d8) Importer(2089858483,b0f066a214c2f5e87bad3c948f4d605d) (ScriptedImporter) -> (artifact id: 'ca2028f143132b1447e7125c6e496387') in 0.0255931 seconds
Number of updated asset objects reloaded before import = 0Number of asset objects unloaded after import = 2

========================================================================
Received Import Request.
  Time since last request: 0.000031 seconds.
  path: Assets/ParticleProFX/Resources/Materials/matppfx_orbAdditiveBW.mat
  artifactKey: Guid(e32ea9d6ec8655140a6c0bd3699018de) Importer(2089858483,b0f066a214c2f5e87bad3c948f4d605d)
Start importing Assets/ParticleProFX/Resources/Materials/matppfx_orbAdditiveBW.mat using Guid(e32ea9d6ec8655140a6c0bd3699018de) Importer(2089858483,b0f066a214c2f5e87bad3c948f4d605d) (ScriptedImporter) -> (artifact id: '3d5ee6e3b86798d9387519f1cbb8a207') in 0.0295499 seconds
Number of updated asset objects reloaded before import = 0Number of asset objects unloaded after import = 2

========================================================================
Received Import Request.
  Time since last request: 0.000051 seconds.
  path: Assets/ParticleProFX/Resources/Library/Fire & Explosions/Preview/ppfxExplosionHeavyRoughLong.png
  artifactKey: Guid(9695d6d772826e84881384f644c3dc9b) Importer(2089858483,b0f066a214c2f5e87bad3c948f4d605d)
Start importing Assets/ParticleProFX/Resources/Library/Fire & Explosions/Preview/ppfxExplosionHeavyRoughLong.png using Guid(9695d6d772826e84881384f644c3dc9b) Importer(2089858483,b0f066a214c2f5e87bad3c948f4d605d) (ScriptedImporter) -> (artifact id: '5a1b0273c625ad9e2523c23e87c4bf98') in 0.0630295 seconds
Number of updated asset objects reloaded before import = 0Number of asset objects unloaded after import = 1

========================================================================
Received Import Request.
  Time since last request: 0.000028 seconds.
  path: Assets/ParticleProFX/Resources/Library/Smokes/ppfxSmokeTurbulence01.prefab
  artifactKey: Guid(d8449a52c6981404d8381a2f418f8523) Importer(2089858483,b0f066a214c2f5e87bad3c948f4d605d)
Start importing Assets/ParticleProFX/Resources/Library/Smokes/ppfxSmokeTurbulence01.prefab using Guid(d8449a52c6981404d8381a2f418f8523) Importer(2089858483,b0f066a214c2f5e87bad3c948f4d605d) (ScriptedImporter) -> (artifact id: 'b09384b86182dfb44ebbc736e4554793') in 0.1142517 seconds
Number of updated asset objects reloaded before import = 0Number of asset objects unloaded after import = 7

========================================================================
Received Import Request.
  Time since last request: 0.000051 seconds.
  path: Assets/ParticleProFX/Resources/Library/Fire & Explosions/Preview/ppfxSparkles.png
  artifactKey: Guid(49b1990fbc2ac9c49b1e917f7dcd0779) Importer(2089858483,b0f066a214c2f5e87bad3c948f4d605d)
Start importing Assets/ParticleProFX/Resources/Library/Fire & Explosions/Preview/ppfxSparkles.png using Guid(49b1990fbc2ac9c49b1e917f7dcd0779) Importer(2089858483,b0f066a214c2f5e87bad3c948f4d605d) (ScriptedImporter) -> (artifact id: '139e470f8a8a589a7b5da8fb1dc3d253') in 0.0495546 seconds
Number of updated asset objects reloaded before import = 0Number of asset objects unloaded after import = 1

========================================================================
Received Import Request.
  Time since last request: 0.000039 seconds.
  path: Assets/ParticleProFX/Resources/Library/Fire & Explosions/Preview/ppfxGroundFire.png
  artifactKey: Guid(2127cf00c0573b74d99026776fd82e40) Importer(2089858483,b0f066a214c2f5e87bad3c948f4d605d)
Start importing Assets/ParticleProFX/Resources/Library/Fire & Explosions/Preview/ppfxGroundFire.png using Guid(2127cf00c0573b74d99026776fd82e40) Importer(2089858483,b0f066a214c2f5e87bad3c948f4d605d) (ScriptedImporter) -> (artifact id: '4da7b5f50294a22aefc43d55c2fedce0') in 0.1196267 seconds
Number of updated asset objects reloaded before import = 0Number of asset objects unloaded after import = 1

========================================================================
Received Import Request.
  Time since last request: 0.000051 seconds.
  path: Assets/ParticleProFX/Resources/Library/Orbs/ppfxOrbGreen.prefab
  artifactKey: Guid(a2780c9e9f47b4386813608ff7ad6e43) Importer(2089858483,b0f066a214c2f5e87bad3c948f4d605d)
Start importing Assets/ParticleProFX/Resources/Library/Orbs/ppfxOrbGreen.prefab using Guid(a2780c9e9f47b4386813608ff7ad6e43) Importer(2089858483,b0f066a214c2f5e87bad3c948f4d605d) (ScriptedImporter) -> (artifact id: 'a95b492df864a2cfe6c7db9b9859a3ad') in 0.5297445 seconds
Number of updated asset objects reloaded before import = 0Number of asset objects unloaded after import = 11

========================================================================
Received Prepare
Refreshing native plugins compatible for Editor in 2.42 ms, found 3 plugins.
Preloading 0 native plugins for Editor in 0.00 ms.
Unloading 54 Unused Serialized files (Serialized files now loaded: 0)
Unloading 6344 unused Assets / (8.1 MB). Loaded Objects now: 7355.
Memory consumption went from 180.5 MB to 172.3 MB.
Total: 24.573100 ms (FindLiveObjects: 1.082900 ms CreateObjectMapping: 0.932200 ms MarkObjects: 15.155700 ms  DeleteObjects: 7.400200 ms)

Prepare: number of updated asset objects reloaded= 0
Editor requested this worker to shutdown with reason: Scaling down because of idle timeout
AssetImportWorker is now disconnected from the server
Process exiting
Exiting without the bug reporter. Application will terminate with return code 0